[
    {
        "fit_time": 249, 
        "best_iteration": 5, 
        "test_score": 0.5273159144893113, 
        "time": 260, 
        "split_id": 0, 
        "parameters": {
            "reg_alpha": 0.0, 
            "colsample_bytree": 1.0, 
            "colsample_bylevel": 1.0, 
            "learning_rate": 0.2, 
            "max_delta_step": 0.0, 
            "min_child_weight": 1.0, 
            "subsample": 1.0, 
            "reg_lambda": 1.0, 
            "max_depth": 3, 
            "gamma": 0.0, 
            "booster": "gbtree"
        }, 
        "num_samples": 986, 
        "score_time": 11, 
        "train_score": 0.5478211658177702, 
        "done_at": 1624701655951, 
        "test_score_gib": 0.5273159144893113
    }, 
    {
        "fit_time": 167, 
        "best_iteration": 1, 
        "test_score": 0.515695067264574, 
        "time": 178, 
        "split_id": 1, 
        "parameters": {
            "reg_alpha": 0.0, 
            "colsample_bytree": 1.0, 
            "colsample_bylevel": 1.0, 
            "learning_rate": 0.2, 
            "max_delta_step": 0.0, 
            "min_child_weight": 1.0, 
            "subsample": 1.0, 
            "reg_lambda": 1.0, 
            "max_depth": 3, 
            "gamma": 0.0, 
            "booster": "gbtree"
        }, 
        "num_samples": 986, 
        "score_time": 11, 
        "train_score": 0.5542439572793705, 
        "done_at": 1624701655871, 
        "test_score_gib": 0.515695067264574
    }, 
    {
        "fit_time": 362, 
        "best_iteration": 11, 
        "test_score": 0.5720430107526882, 
        "time": 373, 
        "split_id": 2, 
        "parameters": {
            "reg_alpha": 0.0, 
            "colsample_bytree": 1.0, 
            "colsample_bylevel": 1.0, 
            "learning_rate": 0.2, 
            "max_delta_step": 0.0, 
            "min_child_weight": 1.0, 
            "subsample": 1.0, 
            "reg_lambda": 1.0, 
            "max_depth": 3, 
            "gamma": 0.0, 
            "booster": "gbtree"
        }, 
        "num_samples": 985, 
        "score_time": 11, 
        "train_score": 0.6069546891464701, 
        "done_at": 1624701656069, 
        "test_score_gib": 0.5720430107526882
    }, 
    {
        "fit_time": 220, 
        "best_iteration": 4, 
        "test_score": 0.5991189427312775, 
        "time": 231, 
        "split_id": 3, 
        "parameters": {
            "reg_alpha": 0.0, 
            "colsample_bytree": 1.0, 
            "colsample_bylevel": 1.0, 
            "learning_rate": 0.2, 
            "max_delta_step": 0.0, 
            "min_child_weight": 1.0, 
            "subsample": 1.0, 
            "reg_lambda": 1.0, 
            "max_depth": 3, 
            "gamma": 0.0, 
            "booster": "gbtree"
        }, 
        "num_samples": 984, 
        "score_time": 11, 
        "train_score": 0.5444382336500838, 
        "done_at": 1624701655931, 
        "test_score_gib": 0.5991189427312775
    }, 
    {
        "fit_time": 174, 
        "best_iteration": 3, 
        "test_score": 0.5617977528089889, 
        "time": 183, 
        "split_id": 4, 
        "parameters": {
            "reg_alpha": 0.0, 
            "colsample_bytree": 1.0, 
            "colsample_bylevel": 1.0, 
            "learning_rate": 0.2, 
            "max_delta_step": 0.0, 
            "min_child_weight": 1.0, 
            "subsample": 1.0, 
            "reg_lambda": 1.0, 
            "max_depth": 3, 
            "gamma": 0.0, 
            "booster": "gbtree"
        }, 
        "num_samples": 984, 
        "score_time": 9, 
        "train_score": 0.5359179019384265, 
        "done_at": 1624701656057, 
        "test_score_gib": 0.5617977528089889
    }
]