{
    "gridSize": 1, 
    "nThreads": 4, 
    "metric": "F1", 
    "gridPoints": [
        {
            "scoreTimeMean": 10.6, 
            "best_iteration": 4, 
            "time": 1225, 
            "trainScoreMean": 0.5578795974826696, 
            "finishedAt": 1624701656069, 
            "fitTimeStd": 70.55947845612239, 
            "testScoreStd": 0.030313758282902302, 
            "scoreTimeStd": 0.7999999999999999, 
            "parameters": {
                "reg_alpha": 0.0, 
                "colsample_bytree": 1.0, 
                "colsample_bylevel": 1.0, 
                "learning_rate": 0.2, 
                "max_delta_step": 0.0, 
                "min_child_weight": 1.0, 
                "subsample": 1.0, 
                "reg_lambda": 1.0, 
                "max_depth": 3, 
                "gamma": 0.0, 
                "booster": "gbtree"
            }, 
            "testScoreMean": 0.555170197362914, 
            "score": 0.555170197362914, 
            "trainScoreStd": 0.025239587679865512, 
            "testScoreGibMean": 0.555170197362914, 
            "fitTimeMean": 234.4
        }
    ], 
    "timeout": 15, 
    "startedAt": 1624701655687, 
    "nSplits": 5
}