{
    "usedGridSearch": true, 
    "probaAware": true, 
    "gridSize": 1, 
    "rawImportance": {
        "variables": [
            "MonthlyCharges", 
            "tenure", 
            "dummy:StreamingTV:Yes", 
            "dummy:StreamingMovies:Yes", 
            "dummy:Contract:Month-to-month", 
            "dummy:Contract:Two year", 
            "dummy:TechSupport:No", 
            "dummy:OnlineSecurity:No", 
            "dummy:InternetService:Fiber optic", 
            "dummy:PaymentMethod:Electronic check"
        ], 
        "importances": [
            0.017346736043691635, 
            0.04818204045295715, 
            0.02608320116996765, 
            0.04690612852573395, 
            0.5705599188804626, 
            0.034461818635463715, 
            0.08970659971237183, 
            0.03424340859055519, 
            0.08953564614057541, 
            0.04297449439764023
        ]
    }, 
    "modelInputNRows": 4925, 
    "modelInputNCols": 75, 
    "modelInputMemory": 2955000, 
    "gridCells": [
        {
            "scoreTimeStd": 0.0007999999999999999, 
            "scoreTime": 0.0106, 
            "fitTime": 0.2344, 
            "score": 0.555170197362914, 
            "params": {
                "reg_alpha": 0.0, 
                "colsample_bytree": 1.0, 
                "colsample_bylevel": 1.0, 
                "learning_rate": 0.2, 
                "max_delta_step": 0.0, 
                "min_child_weight": 1.0, 
                "n_estimators": 5, 
                "subsample": 1.0, 
                "reg_lambda": 1.0, 
                "max_depth": 3, 
                "gamma": 0.0, 
                "booster": "gbtree"
            }, 
            "fitTimeStd": 0.0705594784561224, 
            "scoreStd": 0.030313758282902302
        }
    ], 
    "gridBestScore": 0.555170197362914, 
    "modelInputIsSparse": false, 
    "nBoostedEstimators": 4
}