{
  "algorithm": "XGBOOST_CLASSIFICATION",
  "xgboost_grid": {
    "max_depth": {
      "gridMode": "EXPLICIT",
      "randomMode": "RANGE",
      "limit": {
        "min": 1
      },
      "values": [
        3
      ],
      "range": {
        "min": 3,
        "max": 10,
        "nbValues": 3,
        "scaling": "LINEAR"
      }
    },
    "learning_rate": {
      "gridMode": "EXPLICIT",
      "randomMode": "RANGE",
      "limit": {
        "min": 1.0E-23,
        "max": 1.0
      },
      "values": [
        0.2
      ],
      "range": {
        "min": 0.1,
        "max": 0.5,
        "nbValues": 3,
        "scaling": "LINEAR"
      }
    },
    "gamma": {
      "gridMode": "EXPLICIT",
      "randomMode": "RANGE",
      "limit": {
        "min": 0.0
      },
      "values": [
        0.0
      ],
      "range": {
        "min": 0.0,
        "max": 1.0,
        "nbValues": 3,
        "scaling": "LINEAR"
      }
    },
    "min_child_weight": {
      "gridMode": "EXPLICIT",
      "randomMode": "RANGE",
      "limit": {
        "min": 0.0
      },
      "values": [
        1.0
      ],
      "range": {
        "min": 0.5,
        "max": 5.0,
        "nbValues": 3,
        "scaling": "LINEAR"
      }
    },
    "max_delta_step": {
      "gridMode": "EXPLICIT",
      "randomMode": "RANGE",
      "limit": {
        "min": 0.0
      },
      "values": [
        0.0
      ],
      "range": {
        "min": 0.0,
        "max": 1.0,
        "nbValues": 3,
        "scaling": "LINEAR"
      }
    },
    "subsample": {
      "gridMode": "EXPLICIT",
      "randomMode": "RANGE",
      "limit": {
        "min": 1.0E-23,
        "max": 1.0
      },
      "values": [
        1.0
      ],
      "range": {
        "min": 0.5,
        "max": 1.0,
        "nbValues": 3,
        "scaling": "LINEAR"
      }
    },
    "colsample_bytree": {
      "gridMode": "EXPLICIT",
      "randomMode": "RANGE",
      "limit": {
        "min": 1.0E-23,
        "max": 1.0
      },
      "values": [
        1.0
      ],
      "range": {
        "min": 0.5,
        "max": 1.0,
        "nbValues": 3,
        "scaling": "LINEAR"
      }
    },
    "colsample_bylevel": {
      "gridMode": "EXPLICIT",
      "randomMode": "RANGE",
      "limit": {
        "min": 1.0E-23,
        "max": 1.0
      },
      "values": [
        1.0
      ],
      "range": {
        "min": 0.5,
        "max": 1.0,
        "nbValues": 3,
        "scaling": "LINEAR"
      }
    },
    "alpha": {
      "gridMode": "EXPLICIT",
      "randomMode": "RANGE",
      "limit": {
        "min": 0.0,
        "max": 1.0
      },
      "values": [
        0.0
      ],
      "range": {
        "min": 0.0,
        "max": 1.0,
        "nbValues": 3,
        "scaling": "LINEAR"
      }
    },
    "lambda": {
      "gridMode": "EXPLICIT",
      "randomMode": "RANGE",
      "limit": {
        "min": 1.0E-23,
        "max": 1.0
      },
      "values": [
        1.0
      ],
      "range": {
        "min": 0.01,
        "max": 1.0,
        "nbValues": 3,
        "scaling": "LINEAR"
      }
    },
    "booster": {
      "values": {
        "dart": {
          "enabled": false
        },
        "gbtree": {
          "enabled": true
        }
      }
    },
    "objective": {
      "values": {
        "binary_logistic": {
          "enabled": false
        },
        "multi_softprob": {
          "enabled": false
        },
        "reg_gamma": {
          "enabled": false
        },
        "reg_linear": {
          "enabled": true
        },
        "reg_logistic": {
          "enabled": false
        }
      }
    },
    "n_estimators": 300,
    "nthread": 4,
    "scale_pos_weight": 1.0,
    "base_score": 0.5,
    "impute_missing": false,
    "missing": 0.0,
    "cpu_tree_method": "auto",
    "gpu_tree_method": "gpu_exact",
    "enable_cuda": false,
    "seed": 1337,
    "enable_early_stopping": true,
    "early_stopping_rounds": 4,
    "enabled": true
  },
  "max_ensemble_nodes_serialized": 0,
  "metrics": {
    "evaluationMetric": "F1",
    "customEvaluationMetricGIB": true,
    "customEvaluationMetricNeedsProba": false,
    "thresholdOptimizationMetric": "F1",
    "costMatrixWeights": {
      "tpGain": 1.0,
      "tnGain": 0.0,
      "fpGain": -0.3,
      "fnGain": 0.0
    },
    "liftPoint": 0.4
  },
  "autoOptimizeThreshold": true,
  "forcedClassifierThreshold": 0.0,
  "gridLength": 1,
  "grid_search_params": {
    "mode": "KFOLD",
    "splitRatio": 0.8,
    "shuffleIterations": 1,
    "nFolds": 5,
    "stratified": true,
    "strategy": "GRID",
    "bayesianOptimizer": "SCIKIT_OPTIMIZE",
    "randomized": true,
    "seed": 0,
    "nIter": 0,
    "nIterRandom": 5,
    "timeout": 15,
    "nJobs": 4,
    "distributed": false,
    "nContainers": 4
  },
  "pluginAlgoCustomGridSearch": false,
  "computeLearningCurves": false,
  "skipExpensiveReports": false
}