{
  "state": "DONE",
  "preSearchDescription": {
    "gridLength": 1,
    "searchStrategy": "GRID",
    "importantParams": []
  },
  "postSearchDescription": {
    "importantParams": [
      {
        "name": "layer_sizes",
        "val": "[10]"
      },
      {
        "name": "activation",
        "val": "relu"
      },
      {
        "name": "alpha",
        "val": "0.001"
      },
      {
        "name": "solver",
        "val": "adam"
      }
    ]
  },
  "resumed": false,
  "timeOrderingEnabled": false,
  "sampleWeightsEnabled": false,
  "modelId": "m1",
  "progress": {
    "top_level_todo": [],
    "stack": [],
    "top_level_done": [
      {
        "name": "Loading train set",
        "time": 20
      },
      {
        "name": "Loading test set",
        "time": 12
      },
      {
        "name": "Collecting statistics",
        "time": 38
      },
      {
        "name": "Preprocessing train set",
        "time": 116
      },
      {
        "name": "Preprocessing test set",
        "time": 63
      },
      {
        "name": "Fitting model",
        "time": 761
      },
      {
        "name": "Saving model",
        "time": 6
      },
      {
        "name": "Scoring model",
        "time": 493
      }
    ]
  },
  "startTime": 1624702725711,
  "endTime": 1624702727505,
  "preprocessingTime": 253,
  "trainingTime": 1541,
  "hyperparamsSearchTime": 0
}