{
  "params": {
    "ttPolicy": "SPLIT_SINGLE_DATASET",
    "ssdSplitMode": "RANDOM",
    "splitBeforePrepare": true,
    "ssdSelection": {
      "useMemTable": false,
      "filter": {
        "distinct": false,
        "enabled": false
      },
      "partitionSelectionMethod": "ALL",
      "latestPartitionsN": 1,
      "ordering": {
        "enabled": false,
        "rules": []
      },
      "samplingMethod": "HEAD_SEQUENTIAL",
      "maxRecords": 100000,
      "targetRatio": 0.02,
      "withinFirstN": -1,
      "maxReadUncompressedBytes": -1
    },
    "ssdTrainingRatio": 0.7,
    "ssdSeed": 1337,
    "testOnLargerValues": true,
    "kfold": false,
    "nFolds": 5,
    "instanceIdRefresher": 0,
    "subSamplingSeed": 1337
  },
  "generationDate": 1624701638202,
  "policyId": "type\u003dSPLIT_SINGLE_DATASET,split\u003dRANDOM,splitBeforePrepare\u003dtrue,ds\u003dTelco_Customer_Churn_prepared,sel\u003d(method\u003dhead-s,records\u003d100000),r\u003d0.7,s\u003d1337",
  "instanceId": "f76de73a0f461b3c3f7f6304c4afa319-0",
  "format": "csv1",
  "schema": {
    "columns": [
      {"name":"customerID","type":"string"},
      {"name":"gender","type":"string"},
      {"name":"SeniorCitizen","type":"bigint"},
      {"name":"Partner","type":"boolean"},
      {"name":"Dependents","type":"boolean"},
      {"name":"tenure","type":"bigint"},
      {"name":"PhoneService","type":"boolean"},
      {"name":"MultipleLines","type":"string"},
      {"name":"InternetService","type":"string"},
      {"name":"OnlineSecurity","type":"string"},
      {"name":"OnlineBackup","type":"string"},
      {"name":"DeviceProtection","type":"string"},
      {"name":"TechSupport","type":"string"},
      {"name":"StreamingTV","type":"string"},
      {"name":"StreamingMovies","type":"string"},
      {"name":"Contract","type":"string"},
      {"name":"PaperlessBilling","type":"boolean"},
      {"name":"PaymentMethod","type":"string"},
      {"name":"MonthlyCharges","type":"double"},
      {"name":"TotalCharges","type":"double"},
      {"name":"Churn","type":"boolean"}
    ],
    "userModified": false
  },
  "trainPath": "train-f76de73a0f461b3c3f7f6304c4afa319-0.csv.gz",
  "testPath": "test-f76de73a0f461b3c3f7f6304c4afa319-0.csv.gz",
  "trainRows": 4925,
  "testRows": 2107,
  "fullRows": 0
}