{
    "usedGridSearch": true, 
    "probaAware": true, 
    "gridSize": 108, 
    "rawImportance": {
        "variables": [
            "principal_component:0", 
            "principal_component:1", 
            "principal_component:2", 
            "principal_component:3", 
            "principal_component:4", 
            "principal_component:5", 
            "principal_component:6", 
            "principal_component:7", 
            "principal_component:8", 
            "principal_component:9"
        ], 
        "importances": [
            0.04624851793050766, 
            0.03809481859207153, 
            0.4825285077095032, 
            0.09550952166318893, 
            0.10338403284549713, 
            0.04520720615983009, 
            0.04648150876164436, 
            0.04695817455649376, 
            0.054826926440000534, 
            0.04076084867119789
        ]
    }, 
    "modelInputNRows": 4804, 
    "modelInputNCols": 10, 
    "modelInputMemory": 384320, 
    "gridCells": [
        {
            "scoreTimeStd": 0.002135415650406262, 
            "scoreTime": 0.0058, 
            "fitTime": 0.0992, 
            "score": 0.5622648722811493, 
            "params": {
                "reg_alpha": 1.0, 
                "colsample_bytree": 1.0, 
                "colsample_bylevel": 1.0, 
                "learning_rate": 0.2, 
                "max_delta_step": 0.0, 
                "min_child_weight": 1.0, 
                "subsample": 1.0, 
                "reg_lambda": 0.8, 
                "max_depth": 7, 
                "gamma": 0.0, 
                "booster": "gbtree"
            }, 
            "fitTimeStd": 0.0316, 
            "scoreStd": 0.01629734175075884
        }, 
        {
            "scoreTimeStd": 0.0010954451150103322, 
            "scoreTime": 0.005, 
            "fitTime": 0.039, 
            "score": 0.5576192702379326, 
            "params": {
                "reg_alpha": 1.0, 
                "colsample_bytree": 1.0, 
                "colsample_bylevel": 1.0, 
                "learning_rate": 0.2, 
                "max_delta_step": 0.0, 
                "min_child_weight": 1.0, 
                "subsample": 1.0, 
                "reg_lambda": 1.0, 
                "max_depth": 2, 
                "gamma": 0.0, 
                "booster": "gbtree"
            }, 
            "fitTimeStd": 0.008831760866327847, 
            "scoreStd": 0.02244238224294611
        }, 
        {
            "scoreTimeStd": 0.0017204650534085252, 
            "scoreTime": 0.0048, 
            "fitTime": 0.054, 
            "score": 0.5746195980999319, 
            "params": {
                "reg_alpha": 0.0, 
                "colsample_bytree": 1.0, 
                "colsample_bylevel": 1.0, 
                "learning_rate": 0.6, 
                "max_delta_step": 0.0, 
                "min_child_weight": 1.0, 
                "subsample": 1.0, 
                "reg_lambda": 0.5, 
                "max_depth": 2, 
                "gamma": 0.0, 
                "booster": "gbtree"
            }, 
            "fitTimeStd": 0.011815244390193543, 
            "scoreStd": 0.012843600165037881
        }, 
        {
            "scoreTimeStd": 0.0012, 
            "scoreTime": 0.0044, 
            "fitTime": 0.0378, 
            "score": 0.5451752049976397, 
            "params": {
                "reg_alpha": 0.0, 
                "colsample_bytree": 1.0, 
                "colsample_bylevel": 1.0, 
                "learning_rate": 0.2, 
                "max_delta_step": 0.0, 
                "min_child_weight": 1.0, 
                "subsample": 1.0, 
                "reg_lambda": 0.5, 
                "max_depth": 2, 
                "gamma": 0.0, 
                "booster": "gbtree"
            }, 
            "fitTimeStd": 0.01154816002660164, 
            "scoreStd": 0.043148574799935155
        }, 
        {
            "scoreTimeStd": 0.0007483314773547883, 
            "scoreTime": 0.004200000000000001, 
            "fitTime": 0.0696, 
            "score": 0.5725140134718352, 
            "params": {
                "reg_alpha": 1.0, 
                "colsample_bytree": 1.0, 
                "colsample_bylevel": 1.0, 
                "learning_rate": 0.2, 
                "max_delta_step": 0.0, 
                "min_child_weight": 1.0, 
                "subsample": 1.0, 
                "reg_lambda": 1.0, 
                "max_depth": 3, 
                "gamma": 0.0, 
                "booster": "gbtree"
            }, 
            "fitTimeStd": 0.02243746866293076, 
            "scoreStd": 0.019779531457855045
        }, 
        {
            "scoreTimeStd": 0.00116619037896906, 
            "scoreTime": 0.0038, 
            "fitTime": 0.0528, 
            "score": 0.5520147104543195, 
            "params": {
                "reg_alpha": 0.0, 
                "colsample_bytree": 1.0, 
                "colsample_bylevel": 1.0, 
                "learning_rate": 0.6, 
                "max_delta_step": 0.0, 
                "min_child_weight": 1.0, 
                "subsample": 1.0, 
                "reg_lambda": 1.0, 
                "max_depth": 5, 
                "gamma": 0.0, 
                "booster": "gbtree"
            }, 
            "fitTimeStd": 0.015625619987699686, 
            "scoreStd": 0.02938254291713617
        }, 
        {
            "scoreTimeStd": 0.001469693845669907, 
            "scoreTime": 0.0052, 
            "fitTime": 0.0746, 
            "score": 0.5459109802152681, 
            "params": {
                "reg_alpha": 0.0, 
                "colsample_bytree": 1.0, 
                "colsample_bylevel": 1.0, 
                "learning_rate": 0.6, 
                "max_delta_step": 0.0, 
                "min_child_weight": 1.0, 
                "subsample": 1.0, 
                "reg_lambda": 0.8, 
                "max_depth": 7, 
                "gamma": 0.0, 
                "booster": "gbtree"
            }, 
            "fitTimeStd": 0.03018343916786157, 
            "scoreStd": 0.021306231054968826
        }, 
        {
            "scoreTimeStd": 0.0027568097504180444, 
            "scoreTime": 0.007, 
            "fitTime": 0.09240000000000001, 
            "score": 0.5707779345564591, 
            "params": {
                "reg_alpha": 1.0, 
                "colsample_bytree": 1.0, 
                "colsample_bylevel": 1.0, 
                "learning_rate": 0.6, 
                "max_delta_step": 0.0, 
                "min_child_weight": 1.0, 
                "subsample": 1.0, 
                "reg_lambda": 0.5, 
                "max_depth": 5, 
                "gamma": 0.0, 
                "booster": "gbtree"
            }, 
            "fitTimeStd": 0.026439364591457185, 
            "scoreStd": 0.012034679897055615
        }, 
        {
            "scoreTimeStd": 0.0017204650534085252, 
            "scoreTime": 0.0048, 
            "fitTime": 0.069, 
            "score": 0.5621701278854755, 
            "params": {
                "reg_alpha": 0.0, 
                "colsample_bytree": 1.0, 
                "colsample_bylevel": 1.0, 
                "learning_rate": 0.4, 
                "max_delta_step": 0.0, 
                "min_child_weight": 1.0, 
                "subsample": 1.0, 
                "reg_lambda": 0.5, 
                "max_depth": 5, 
                "gamma": 0.0, 
                "booster": "gbtree"
            }, 
            "fitTimeStd": 0.021382235617446555, 
            "scoreStd": 0.010699903700528162
        }, 
        {
            "scoreTimeStd": 0.0007483314773547883, 
            "scoreTime": 0.004200000000000001, 
            "fitTime": 0.0476, 
            "score": 0.5644225580897305, 
            "params": {
                "reg_alpha": 0.0, 
                "colsample_bytree": 1.0, 
                "colsample_bylevel": 1.0, 
                "learning_rate": 0.6, 
                "max_delta_step": 0.0, 
                "min_child_weight": 1.0, 
                "subsample": 1.0, 
                "reg_lambda": 0.8, 
                "max_depth": 3, 
                "gamma": 0.0, 
                "booster": "gbtree"
            }, 
            "fitTimeStd": 0.012009995836801943, 
            "scoreStd": 0.010333626023311308
        }, 
        {
            "scoreTimeStd": 0.0007483314773547883, 
            "scoreTime": 0.0048, 
            "fitTime": 0.1076, 
            "score": 0.5688546179482364, 
            "params": {
                "reg_alpha": 1.0, 
                "colsample_bytree": 1.0, 
                "colsample_bylevel": 1.0, 
                "learning_rate": 0.4, 
                "max_delta_step": 0.0, 
                "min_child_weight": 1.0, 
                "subsample": 1.0, 
                "reg_lambda": 0.5, 
                "max_depth": 7, 
                "gamma": 0.0, 
                "booster": "gbtree"
            }, 
            "fitTimeStd": 0.032296129799095116, 
            "scoreStd": 0.012397872692958667
        }, 
        {
            "scoreTimeStd": 0.0004898979485566357, 
            "scoreTime": 0.0046, 
            "fitTime": 0.0998, 
            "score": 0.5599554243762661, 
            "params": {
                "reg_alpha": 0.0, 
                "colsample_bytree": 1.0, 
                "colsample_bylevel": 1.0, 
                "learning_rate": 0.2, 
                "max_delta_step": 0.0, 
                "min_child_weight": 1.0, 
                "subsample": 1.0, 
                "reg_lambda": 0.8, 
                "max_depth": 7, 
                "gamma": 0.0, 
                "booster": "gbtree"
            }, 
            "fitTimeStd": 0.009579144011862438, 
            "scoreStd": 0.014404005830225332
        }, 
        {
            "scoreTimeStd": 0.0027129319932501076, 
            "scoreTime": 0.0058, 
            "fitTime": 0.0608, 
            "score": 0.5605839841019231, 
            "params": {
                "reg_alpha": 0.0, 
                "colsample_bytree": 1.0, 
                "colsample_bylevel": 1.0, 
                "learning_rate": 0.2, 
                "max_delta_step": 0.0, 
                "min_child_weight": 1.0, 
                "subsample": 1.0, 
                "reg_lambda": 1.0, 
                "max_depth": 5, 
                "gamma": 0.0, 
                "booster": "gbtree"
            }, 
            "fitTimeStd": 0.010186265262597475, 
            "scoreStd": 0.018067608843186537
        }, 
        {
            "scoreTimeStd": 0.001673320053068151, 
            "scoreTime": 0.005, 
            "fitTime": 0.0402, 
            "score": 0.5576192702379326, 
            "params": {
                "reg_alpha": 1.0, 
                "colsample_bytree": 1.0, 
                "colsample_bylevel": 1.0, 
                "learning_rate": 0.2, 
                "max_delta_step": 0.0, 
                "min_child_weight": 1.0, 
                "subsample": 1.0, 
                "reg_lambda": 0.5, 
                "max_depth": 2, 
                "gamma": 0.0, 
                "booster": "gbtree"
            }, 
            "fitTimeStd": 0.009785703858180055, 
            "scoreStd": 0.02244238224294611
        }, 
        {
            "scoreTimeStd": 0.0017888543819998318, 
            "scoreTime": 0.005, 
            "fitTime": 0.0726, 
            "score": 0.5522992646619955, 
            "params": {
                "reg_alpha": 0.0, 
                "colsample_bytree": 1.0, 
                "colsample_bylevel": 1.0, 
                "learning_rate": 0.6, 
                "max_delta_step": 0.0, 
                "min_child_weight": 1.0, 
                "subsample": 1.0, 
                "reg_lambda": 1.0, 
                "max_depth": 7, 
                "gamma": 0.0, 
                "booster": "gbtree"
            }, 
            "fitTimeStd": 0.018521339044464357, 
            "scoreStd": 0.00817072836053711
        }, 
        {
            "scoreTimeStd": 0.0008, 
            "scoreTime": 0.0046, 
            "fitTime": 0.0484, 
            "score": 0.5702367482260011, 
            "params": {
                "reg_alpha": 1.0, 
                "colsample_bytree": 1.0, 
                "colsample_bylevel": 1.0, 
                "learning_rate": 0.6, 
                "max_delta_step": 0.0, 
                "min_child_weight": 1.0, 
                "subsample": 1.0, 
                "reg_lambda": 0.5, 
                "max_depth": 2, 
                "gamma": 0.0, 
                "booster": "gbtree"
            }, 
            "fitTimeStd": 0.007964923100695952, 
            "scoreStd": 0.015074991737438101
        }, 
        {
            "scoreTimeStd": 0.0004898979485566356, 
            "scoreTime": 0.0036, 
            "fitTime": 0.0592, 
            "score": 0.5602133971248467, 
            "params": {
                "reg_alpha": 0.5, 
                "colsample_bytree": 1.0, 
                "colsample_bylevel": 1.0, 
                "learning_rate": 0.6, 
                "max_delta_step": 0.0, 
                "min_child_weight": 1.0, 
                "subsample": 1.0, 
                "reg_lambda": 1.0, 
                "max_depth": 5, 
                "gamma": 0.0, 
                "booster": "gbtree"
            }, 
            "fitTimeStd": 0.006305553108173779, 
            "scoreStd": 0.006955989091197668
        }, 
        {
            "scoreTimeStd": 0.0007999999999999999, 
            "scoreTime": 0.0044, 
            "fitTime": 0.062, 
            "score": 0.5712016938546081, 
            "params": {
                "reg_alpha": 0.5, 
                "colsample_bytree": 1.0, 
                "colsample_bylevel": 1.0, 
                "learning_rate": 0.4, 
                "max_delta_step": 0.0, 
                "min_child_weight": 1.0, 
                "subsample": 1.0, 
                "reg_lambda": 1.0, 
                "max_depth": 3, 
                "gamma": 0.0, 
                "booster": "gbtree"
            }, 
            "fitTimeStd": 0.02109028212234251, 
            "scoreStd": 0.01594290407522549
        }, 
        {
            "scoreTimeStd": 0.001673320053068151, 
            "scoreTime": 0.006, 
            "fitTime": 0.0564, 
            "score": 0.5652258356665901, 
            "params": {
                "reg_alpha": 0.0, 
                "colsample_bytree": 1.0, 
                "colsample_bylevel": 1.0, 
                "learning_rate": 0.4, 
                "max_delta_step": 0.0, 
                "min_child_weight": 1.0, 
                "subsample": 1.0, 
                "reg_lambda": 0.8, 
                "max_depth": 3, 
                "gamma": 0.0, 
                "booster": "gbtree"
            }, 
            "fitTimeStd": 0.011001818031580055, 
            "scoreStd": 0.010914022218946473
        }, 
        {
            "scoreTimeStd": 0.0017888543819998318, 
            "scoreTime": 0.005, 
            "fitTime": 0.06620000000000001, 
            "score": 0.5653336391697159, 
            "params": {
                "reg_alpha": 1.0, 
                "colsample_bytree": 1.0, 
                "colsample_bylevel": 1.0, 
                "learning_rate": 0.6, 
                "max_delta_step": 0.0, 
                "min_child_weight": 1.0, 
                "subsample": 1.0, 
                "reg_lambda": 0.8, 
                "max_depth": 2, 
                "gamma": 0.0, 
                "booster": "gbtree"
            }, 
            "fitTimeStd": 0.019973983077994233, 
            "scoreStd": 0.01244763014879912
        }, 
        {
            "scoreTimeStd": 0.002097617696340303, 
            "scoreTime": 0.006, 
            "fitTime": 0.0718, 
            "score": 0.567768028097148, 
            "params": {
                "reg_alpha": 1.0, 
                "colsample_bytree": 1.0, 
                "colsample_bylevel": 1.0, 
                "learning_rate": 0.2, 
                "max_delta_step": 0.0, 
                "min_child_weight": 1.0, 
                "subsample": 1.0, 
                "reg_lambda": 1.0, 
                "max_depth": 5, 
                "gamma": 0.0, 
                "booster": "gbtree"
            }, 
            "fitTimeStd": 0.021646246787838306, 
            "scoreStd": 0.016087409473937574
        }, 
        {
            "scoreTimeStd": 0.0018547236990991407, 
            "scoreTime": 0.0054, 
            "fitTime": 0.0688, 
            "score": 0.5686306505229359, 
            "params": {
                "reg_alpha": 0.5, 
                "colsample_bytree": 1.0, 
                "colsample_bylevel": 1.0, 
                "learning_rate": 0.4, 
                "max_delta_step": 0.0, 
                "min_child_weight": 1.0, 
                "subsample": 1.0, 
                "reg_lambda": 0.8, 
                "max_depth": 5, 
                "gamma": 0.0, 
                "booster": "gbtree"
            }, 
            "fitTimeStd": 0.014905032707109366, 
            "scoreStd": 0.011062069907760663
        }, 
        {
            "scoreTimeStd": 0.001469693845669907, 
            "scoreTime": 0.0048, 
            "fitTime": 0.048799999999999996, 
            "score": 0.5674365193219495, 
            "params": {
                "reg_alpha": 0.0, 
                "colsample_bytree": 1.0, 
                "colsample_bylevel": 1.0, 
                "learning_rate": 0.4, 
                "max_delta_step": 0.0, 
                "min_child_weight": 1.0, 
                "subsample": 1.0, 
                "reg_lambda": 1.0, 
                "max_depth": 3, 
                "gamma": 0.0, 
                "booster": "gbtree"
            }, 
            "fitTimeStd": 0.015197368193210296, 
            "scoreStd": 0.011204989776951238
        }, 
        {
            "scoreTimeStd": 0.0025768197453450254, 
            "scoreTime": 0.0064, 
            "fitTime": 0.0522, 
            "score": 0.568485042408597, 
            "params": {
                "reg_alpha": 0.5, 
                "colsample_bytree": 1.0, 
                "colsample_bylevel": 1.0, 
                "learning_rate": 0.6, 
                "max_delta_step": 0.0, 
                "min_child_weight": 1.0, 
                "subsample": 1.0, 
                "reg_lambda": 1.0, 
                "max_depth": 3, 
                "gamma": 0.0, 
                "booster": "gbtree"
            }, 
            "fitTimeStd": 0.012796874618437114, 
            "scoreStd": 0.00855667631894632
        }, 
        {
            "scoreTimeStd": 0.0034985711369071803, 
            "scoreTime": 0.0076, 
            "fitTime": 0.0394, 
            "score": 0.5451752049976397, 
            "params": {
                "reg_alpha": 0.0, 
                "colsample_bytree": 1.0, 
                "colsample_bylevel": 1.0, 
                "learning_rate": 0.2, 
                "max_delta_step": 0.0, 
                "min_child_weight": 1.0, 
                "subsample": 1.0, 
                "reg_lambda": 1.0, 
                "max_depth": 2, 
                "gamma": 0.0, 
                "booster": "gbtree"
            }, 
            "fitTimeStd": 0.01059433811051922, 
            "scoreStd": 0.043148574799935155
        }, 
        {
            "scoreTimeStd": 0.0022271057451320087, 
            "scoreTime": 0.0058, 
            "fitTime": 0.059, 
            "score": 0.5661860227656343, 
            "params": {
                "reg_alpha": 1.0, 
                "colsample_bytree": 1.0, 
                "colsample_bylevel": 1.0, 
                "learning_rate": 0.4, 
                "max_delta_step": 0.0, 
                "min_child_weight": 1.0, 
                "subsample": 1.0, 
                "reg_lambda": 0.8, 
                "max_depth": 5, 
                "gamma": 0.0, 
                "booster": "gbtree"
            }, 
            "fitTimeStd": 0.0010954451150103322, 
            "scoreStd": 0.007096294199890955
        }, 
        {
            "scoreTimeStd": 0.00039999999999999996, 
            "scoreTime": 0.0038, 
            "fitTime": 0.058, 
            "score": 0.5475265105356761, 
            "params": {
                "reg_alpha": 1.0, 
                "colsample_bytree": 1.0, 
                "colsample_bylevel": 1.0, 
                "learning_rate": 0.4, 
                "max_delta_step": 0.0, 
                "min_child_weight": 1.0, 
                "subsample": 1.0, 
                "reg_lambda": 0.8, 
                "max_depth": 2, 
                "gamma": 0.0, 
                "booster": "gbtree"
            }, 
            "fitTimeStd": 0.01846076921474292, 
            "scoreStd": 0.04530997527404061
        }, 
        {
            "scoreTimeStd": 0.0013564659966250536, 
            "scoreTime": 0.0046, 
            "fitTime": 0.0716, 
            "score": 0.5556884451504464, 
            "params": {
                "reg_alpha": 1.0, 
                "colsample_bytree": 1.0, 
                "colsample_bylevel": 1.0, 
                "learning_rate": 0.6, 
                "max_delta_step": 0.0, 
                "min_child_weight": 1.0, 
                "subsample": 1.0, 
                "reg_lambda": 1.0, 
                "max_depth": 7, 
                "gamma": 0.0, 
                "booster": "gbtree"
            }, 
            "fitTimeStd": 0.012240914998479483, 
            "scoreStd": 0.014032717547092814
        }, 
        {
            "scoreTimeStd": 0.00116619037896906, 
            "scoreTime": 0.0048, 
            "fitTime": 0.0952, 
            "score": 0.5642125223323754, 
            "params": {
                "reg_alpha": 1.0, 
                "colsample_bytree": 1.0, 
                "colsample_bylevel": 1.0, 
                "learning_rate": 0.2, 
                "max_delta_step": 0.0, 
                "min_child_weight": 1.0, 
                "subsample": 1.0, 
                "reg_lambda": 0.5, 
                "max_depth": 7, 
                "gamma": 0.0, 
                "booster": "gbtree"
            }, 
            "fitTimeStd": 0.021273457640919587, 
            "scoreStd": 0.009027411483597373
        }, 
        {
            "scoreTimeStd": 0.00116619037896906, 
            "scoreTime": 0.0052, 
            "fitTime": 0.0854, 
            "score": 0.5468915639646383, 
            "params": {
                "reg_alpha": 0.0, 
                "colsample_bytree": 1.0, 
                "colsample_bylevel": 1.0, 
                "learning_rate": 0.6, 
                "max_delta_step": 0.0, 
                "min_child_weight": 1.0, 
                "subsample": 1.0, 
                "reg_lambda": 0.5, 
                "max_depth": 7, 
                "gamma": 0.0, 
                "booster": "gbtree"
            }, 
            "fitTimeStd": 0.03433132680220792, 
            "scoreStd": 0.010347377682427484
        }, 
        {
            "scoreTimeStd": 0.004841487374764082, 
            "scoreTime": 0.0064, 
            "fitTime": 0.0564, 
            "score": 0.536599690570258, 
            "params": {
                "reg_alpha": 0.0, 
                "colsample_bytree": 1.0, 
                "colsample_bylevel": 1.0, 
                "learning_rate": 0.4, 
                "max_delta_step": 0.0, 
                "min_child_weight": 1.0, 
                "subsample": 1.0, 
                "reg_lambda": 1.0, 
                "max_depth": 2, 
                "gamma": 0.0, 
                "booster": "gbtree"
            }, 
            "fitTimeStd": 0.013124023773218335, 
            "scoreStd": 0.037252379740654276
        }, 
        {
            "scoreTimeStd": 0.0012, 
            "scoreTime": 0.0046, 
            "fitTime": 0.058, 
            "score": 0.5578792780364973, 
            "params": {
                "reg_alpha": 0.5, 
                "colsample_bytree": 1.0, 
                "colsample_bylevel": 1.0, 
                "learning_rate": 0.2, 
                "max_delta_step": 0.0, 
                "min_child_weight": 1.0, 
                "subsample": 1.0, 
                "reg_lambda": 1.0, 
                "max_depth": 5, 
                "gamma": 0.0, 
                "booster": "gbtree"
            }, 
            "fitTimeStd": 0.005440588203494177, 
            "scoreStd": 0.021835871767513573
        }, 
        {
            "scoreTimeStd": 0.006164414002968976, 
            "scoreTime": 0.009, 
            "fitTime": 0.055200000000000006, 
            "score": 0.5697038573313195, 
            "params": {
                "reg_alpha": 0.0, 
                "colsample_bytree": 1.0, 
                "colsample_bylevel": 1.0, 
                "learning_rate": 0.2, 
                "max_delta_step": 0.0, 
                "min_child_weight": 1.0, 
                "subsample": 1.0, 
                "reg_lambda": 0.8, 
                "max_depth": 3, 
                "gamma": 0.0, 
                "booster": "gbtree"
            }, 
            "fitTimeStd": 0.022868318696397424, 
            "scoreStd": 0.011894585960168886
        }, 
        {
            "scoreTimeStd": 0.008648699324175863, 
            "scoreTime": 0.014, 
            "fitTime": 0.0418, 
            "score": 0.5576192702379326, 
            "params": {
                "reg_alpha": 0.5, 
                "colsample_bytree": 1.0, 
                "colsample_bylevel": 1.0, 
                "learning_rate": 0.2, 
                "max_delta_step": 0.0, 
                "min_child_weight": 1.0, 
                "subsample": 1.0, 
                "reg_lambda": 0.5, 
                "max_depth": 2, 
                "gamma": 0.0, 
                "booster": "gbtree"
            }, 
            "fitTimeStd": 0.0077304592360350755, 
            "scoreStd": 0.02244238224294611
        }, 
        {
            "scoreTimeStd": 0.005418486873657626, 
            "scoreTime": 0.0108, 
            "fitTime": 0.0506, 
            "score": 0.5398048171092908, 
            "params": {
                "reg_alpha": 0.5, 
                "colsample_bytree": 1.0, 
                "colsample_bylevel": 1.0, 
                "learning_rate": 0.4, 
                "max_delta_step": 0.0, 
                "min_child_weight": 1.0, 
                "subsample": 1.0, 
                "reg_lambda": 0.5, 
                "max_depth": 2, 
                "gamma": 0.0, 
                "booster": "gbtree"
            }, 
            "fitTimeStd": 0.016906803364326446, 
            "scoreStd": 0.03890485934606086
        }, 
        {
            "scoreTimeStd": 0.0006324555320336759, 
            "scoreTime": 0.004, 
            "fitTime": 0.0756, 
            "score": 0.5713210138818757, 
            "params": {
                "reg_alpha": 1.0, 
                "colsample_bytree": 1.0, 
                "colsample_bylevel": 1.0, 
                "learning_rate": 0.2, 
                "max_delta_step": 0.0, 
                "min_child_weight": 1.0, 
                "subsample": 1.0, 
                "reg_lambda": 0.5, 
                "max_depth": 5, 
                "gamma": 0.0, 
                "booster": "gbtree"
            }, 
            "fitTimeStd": 0.011637869220780925, 
            "scoreStd": 0.012523107623038866
        }, 
        {
            "scoreTimeStd": 0.006131883886702357, 
            "scoreTime": 0.011, 
            "fitTime": 0.055, 
            "score": 0.5671131594113865, 
            "params": {
                "reg_alpha": 0.5, 
                "colsample_bytree": 1.0, 
                "colsample_bylevel": 1.0, 
                "learning_rate": 0.2, 
                "max_delta_step": 0.0, 
                "min_child_weight": 1.0, 
                "subsample": 1.0, 
                "reg_lambda": 1.0, 
                "max_depth": 3, 
                "gamma": 0.0, 
                "booster": "gbtree"
            }, 
            "fitTimeStd": 0.012457929201917949, 
            "scoreStd": 0.019205495156587225
        }, 
        {
            "scoreTimeStd": 0.00116619037896906, 
            "scoreTime": 0.0048, 
            "fitTime": 0.07, 
            "score": 0.5737746005554953, 
            "params": {
                "reg_alpha": 0.5, 
                "colsample_bytree": 1.0, 
                "colsample_bylevel": 1.0, 
                "learning_rate": 0.2, 
                "max_delta_step": 0.0, 
                "min_child_weight": 1.0, 
                "subsample": 1.0, 
                "reg_lambda": 0.5, 
                "max_depth": 3, 
                "gamma": 0.0, 
                "booster": "gbtree"
            }, 
            "fitTimeStd": 0.026660832695172894, 
            "scoreStd": 0.014377636246173773
        }, 
        {
            "scoreTimeStd": 0.0030066592756745818, 
            "scoreTime": 0.0066, 
            "fitTime": 0.066, 
            "score": 0.5554227953459474, 
            "params": {
                "reg_alpha": 0.5, 
                "colsample_bytree": 1.0, 
                "colsample_bylevel": 1.0, 
                "learning_rate": 0.4, 
                "max_delta_step": 0.0, 
                "min_child_weight": 1.0, 
                "subsample": 1.0, 
                "reg_lambda": 0.5, 
                "max_depth": 5, 
                "gamma": 0.0, 
                "booster": "gbtree"
            }, 
            "fitTimeStd": 0.01451895313030523, 
            "scoreStd": 0.032767821265722356
        }, 
        {
            "scoreTimeStd": 0.006337191807101944, 
            "scoreTime": 0.0112, 
            "fitTime": 0.0494, 
            "score": 0.554101628460655, 
            "params": {
                "reg_alpha": 0.0, 
                "colsample_bytree": 1.0, 
                "colsample_bylevel": 1.0, 
                "learning_rate": 0.6, 
                "max_delta_step": 0.0, 
                "min_child_weight": 1.0, 
                "subsample": 1.0, 
                "reg_lambda": 0.8, 
                "max_depth": 5, 
                "gamma": 0.0, 
                "booster": "gbtree"
            }, 
            "fitTimeStd": 0.009156418513807678, 
            "scoreStd": 0.03357800583810123
        }, 
        {
            "scoreTimeStd": 0.0017204650534085252, 
            "scoreTime": 0.0068, 
            "fitTime": 0.0922, 
            "score": 0.5462428658083817, 
            "params": {
                "reg_alpha": 0.0, 
                "colsample_bytree": 1.0, 
                "colsample_bylevel": 1.0, 
                "learning_rate": 0.4, 
                "max_delta_step": 0.0, 
                "min_child_weight": 1.0, 
                "subsample": 1.0, 
                "reg_lambda": 0.5, 
                "max_depth": 7, 
                "gamma": 0.0, 
                "booster": "gbtree"
            }, 
            "fitTimeStd": 0.027527440854536404, 
            "scoreStd": 0.021107376165156174
        }, 
        {
            "scoreTimeStd": 0.002712931993250107, 
            "scoreTime": 0.0078, 
            "fitTime": 0.0582, 
            "score": 0.5698382604632869, 
            "params": {
                "reg_alpha": 0.5, 
                "colsample_bytree": 1.0, 
                "colsample_bylevel": 1.0, 
                "learning_rate": 0.4, 
                "max_delta_step": 0.0, 
                "min_child_weight": 1.0, 
                "subsample": 1.0, 
                "reg_lambda": 0.5, 
                "max_depth": 3, 
                "gamma": 0.0, 
                "booster": "gbtree"
            }, 
            "fitTimeStd": 0.01892511558749378, 
            "scoreStd": 0.013510546475693212
        }, 
        {
            "scoreTimeStd": 0.0014966629547095765, 
            "scoreTime": 0.0056, 
            "fitTime": 0.0458, 
            "score": 0.5649039901855358, 
            "params": {
                "reg_alpha": 1.0, 
                "colsample_bytree": 1.0, 
                "colsample_bylevel": 1.0, 
                "learning_rate": 0.6, 
                "max_delta_step": 0.0, 
                "min_child_weight": 1.0, 
                "subsample": 1.0, 
                "reg_lambda": 1.0, 
                "max_depth": 3, 
                "gamma": 0.0, 
                "booster": "gbtree"
            }, 
            "fitTimeStd": 0.012319090875547594, 
            "scoreStd": 0.01389714759315679
        }, 
        {
            "scoreTimeStd": 0.008611620056644394, 
            "scoreTime": 0.0078, 
            "fitTime": 0.05, 
            "score": 0.5646320022166512, 
            "params": {
                "reg_alpha": 1.0, 
                "colsample_bytree": 1.0, 
                "colsample_bylevel": 1.0, 
                "learning_rate": 0.6, 
                "max_delta_step": 0.0, 
                "min_child_weight": 1.0, 
                "subsample": 1.0, 
                "reg_lambda": 1.0, 
                "max_depth": 2, 
                "gamma": 0.0, 
                "booster": "gbtree"
            }, 
            "fitTimeStd": 0.015086417732516887, 
            "scoreStd": 0.007037195882488097
        }, 
        {
            "scoreTimeStd": 0.0007999999999999999, 
            "scoreTime": 0.0044, 
            "fitTime": 0.0698, 
            "score": 0.5504371603488731, 
            "params": {
                "reg_alpha": 1.0, 
                "colsample_bytree": 1.0, 
                "colsample_bylevel": 1.0, 
                "learning_rate": 0.6, 
                "max_delta_step": 0.0, 
                "min_child_weight": 1.0, 
                "subsample": 1.0, 
                "reg_lambda": 0.5, 
                "max_depth": 7, 
                "gamma": 0.0, 
                "booster": "gbtree"
            }, 
            "fitTimeStd": 0.015354478174135388, 
            "scoreStd": 0.008042448402845197
        }, 
        {
            "scoreTimeStd": 0.00116619037896906, 
            "scoreTime": 0.0052, 
            "fitTime": 0.0768, 
            "score": 0.5537539984332767, 
            "params": {
                "reg_alpha": 0.5, 
                "colsample_bytree": 1.0, 
                "colsample_bylevel": 1.0, 
                "learning_rate": 0.6, 
                "max_delta_step": 0.0, 
                "min_child_weight": 1.0, 
                "subsample": 1.0, 
                "reg_lambda": 1.0, 
                "max_depth": 7, 
                "gamma": 0.0, 
                "booster": "gbtree"
            }, 
            "fitTimeStd": 0.014496896219536098, 
            "scoreStd": 0.01832766779697945
        }, 
        {
            "scoreTimeStd": 0.007042726744663603, 
            "scoreTime": 0.008, 
            "fitTime": 0.061799999999999994, 
            "score": 0.5603632586472626, 
            "params": {
                "reg_alpha": 0.0, 
                "colsample_bytree": 1.0, 
                "colsample_bylevel": 1.0, 
                "learning_rate": 0.4, 
                "max_delta_step": 0.0, 
                "min_child_weight": 1.0, 
                "subsample": 1.0, 
                "reg_lambda": 0.8, 
                "max_depth": 5, 
                "gamma": 0.0, 
                "booster": "gbtree"
            }, 
            "fitTimeStd": 0.012039933554633928, 
            "scoreStd": 0.0072856287039874245
        }, 
        {
            "scoreTimeStd": 0.003059411708155671, 
            "scoreTime": 0.008199999999999999, 
            "fitTime": 0.0762, 
            "score": 0.5541194744138652, 
            "params": {
                "reg_alpha": 0.5, 
                "colsample_bytree": 1.0, 
                "colsample_bylevel": 1.0, 
                "learning_rate": 0.6, 
                "max_delta_step": 0.0, 
                "min_child_weight": 1.0, 
                "subsample": 1.0, 
                "reg_lambda": 0.8, 
                "max_depth": 7, 
                "gamma": 0.0, 
                "booster": "gbtree"
            }, 
            "fitTimeStd": 0.023016515809305284, 
            "scoreStd": 0.01462629295608895
        }, 
        {
            "scoreTimeStd": 0.004560701700396552, 
            "scoreTime": 0.006, 
            "fitTime": 0.0778, 
            "score": 0.5626834763787826, 
            "params": {
                "reg_alpha": 0.5, 
                "colsample_bytree": 1.0, 
                "colsample_bylevel": 1.0, 
                "learning_rate": 0.2, 
                "max_delta_step": 0.0, 
                "min_child_weight": 1.0, 
                "subsample": 1.0, 
                "reg_lambda": 0.8, 
                "max_depth": 5, 
                "gamma": 0.0, 
                "booster": "gbtree"
            }, 
            "fitTimeStd": 0.022648620267027304, 
            "scoreStd": 0.02065924947723246
        }, 
        {
            "scoreTimeStd": 0.0057061370470748414, 
            "scoreTime": 0.008199999999999999, 
            "fitTime": 0.07940000000000001, 
            "score": 0.5541845678051408, 
            "params": {
                "reg_alpha": 0.5, 
                "colsample_bytree": 1.0, 
                "colsample_bylevel": 1.0, 
                "learning_rate": 0.6, 
                "max_delta_step": 0.0, 
                "min_child_weight": 1.0, 
                "subsample": 1.0, 
                "reg_lambda": 0.5, 
                "max_depth": 7, 
                "gamma": 0.0, 
                "booster": "gbtree"
            }, 
            "fitTimeStd": 0.016007498243010992, 
            "scoreStd": 0.020592659823636474
        }, 
        {
            "scoreTimeStd": 0.00039999999999999996, 
            "scoreTime": 0.004200000000000001, 
            "fitTime": 0.0958, 
            "score": 0.5687788970331881, 
            "params": {
                "reg_alpha": 0.5, 
                "colsample_bytree": 1.0, 
                "colsample_bylevel": 1.0, 
                "learning_rate": 0.4, 
                "max_delta_step": 0.0, 
                "min_child_weight": 1.0, 
                "subsample": 1.0, 
                "reg_lambda": 0.5, 
                "max_depth": 7, 
                "gamma": 0.0, 
                "booster": "gbtree"
            }, 
            "fitTimeStd": 0.009195651146058118, 
            "scoreStd": 0.026837106830472506
        }, 
        {
            "scoreTimeStd": 0.007668115805072325, 
            "scoreTime": 0.013, 
            "fitTime": 0.055600000000000004, 
            "score": 0.5688554162746381, 
            "params": {
                "reg_alpha": 1.0, 
                "colsample_bytree": 1.0, 
                "colsample_bylevel": 1.0, 
                "learning_rate": 0.2, 
                "max_delta_step": 0.0, 
                "min_child_weight": 1.0, 
                "subsample": 1.0, 
                "reg_lambda": 0.8, 
                "max_depth": 3, 
                "gamma": 0.0, 
                "booster": "gbtree"
            }, 
            "fitTimeStd": 0.014108153670838718, 
            "scoreStd": 0.009791847491858737
        }, 
        {
            "scoreTimeStd": 0.0012, 
            "scoreTime": 0.0054, 
            "fitTime": 0.0562, 
            "score": 0.5464405008947767, 
            "params": {
                "reg_alpha": 0.5, 
                "colsample_bytree": 1.0, 
                "colsample_bylevel": 1.0, 
                "learning_rate": 0.6, 
                "max_delta_step": 0.0, 
                "min_child_weight": 1.0, 
                "subsample": 1.0, 
                "reg_lambda": 0.5, 
                "max_depth": 5, 
                "gamma": 0.0, 
                "booster": "gbtree"
            }, 
            "fitTimeStd": 0.012204917041913886, 
            "scoreStd": 0.028004862563243724
        }, 
        {
            "scoreTimeStd": 0.008908422980528035, 
            "scoreTime": 0.0112, 
            "fitTime": 0.047200000000000006, 
            "score": 0.5602812191293225, 
            "params": {
                "reg_alpha": 0.5, 
                "colsample_bytree": 1.0, 
                "colsample_bylevel": 1.0, 
                "learning_rate": 0.6, 
                "max_delta_step": 0.0, 
                "min_child_weight": 1.0, 
                "subsample": 1.0, 
                "reg_lambda": 1.0, 
                "max_depth": 2, 
                "gamma": 0.0, 
                "booster": "gbtree"
            }, 
            "fitTimeStd": 0.007547184905645283, 
            "scoreStd": 0.013897629198125368
        }, 
        {
            "scoreTimeStd": 0.004955804677345547, 
            "scoreTime": 0.009800000000000001, 
            "fitTime": 0.0426, 
            "score": 0.5576192702379326, 
            "params": {
                "reg_alpha": 0.5, 
                "colsample_bytree": 1.0, 
                "colsample_bylevel": 1.0, 
                "learning_rate": 0.2, 
                "max_delta_step": 0.0, 
                "min_child_weight": 1.0, 
                "subsample": 1.0, 
                "reg_lambda": 0.8, 
                "max_depth": 2, 
                "gamma": 0.0, 
                "booster": "gbtree"
            }, 
            "fitTimeStd": 0.007499333303701071, 
            "scoreStd": 0.02244238224294611
        }, 
        {
            "scoreTimeStd": 0.007227724399837061, 
            "scoreTime": 0.0106, 
            "fitTime": 0.061, 
            "score": 0.5725626547097616, 
            "params": {
                "reg_alpha": 1.0, 
                "colsample_bytree": 1.0, 
                "colsample_bylevel": 1.0, 
                "learning_rate": 0.2, 
                "max_delta_step": 0.0, 
                "min_child_weight": 1.0, 
                "subsample": 1.0, 
                "reg_lambda": 0.5, 
                "max_depth": 3, 
                "gamma": 0.0, 
                "booster": "gbtree"
            }, 
            "fitTimeStd": 0.01772004514666935, 
            "scoreStd": 0.016940144802981654
        }, 
        {
            "scoreTimeStd": 0.0007483314773547883, 
            "scoreTime": 0.004200000000000001, 
            "fitTime": 0.0862, 
            "score": 0.5697355650363022, 
            "params": {
                "reg_alpha": 0.5, 
                "colsample_bytree": 1.0, 
                "colsample_bylevel": 1.0, 
                "learning_rate": 0.2, 
                "max_delta_step": 0.0, 
                "min_child_weight": 1.0, 
                "subsample": 1.0, 
                "reg_lambda": 0.5, 
                "max_depth": 5, 
                "gamma": 0.0, 
                "booster": "gbtree"
            }, 
            "fitTimeStd": 0.02422725737676471, 
            "scoreStd": 0.018361955509861683
        }, 
        {
            "scoreTimeStd": 0.0058172158288995945, 
            "scoreTime": 0.0064, 
            "fitTime": 0.0732, 
            "score": 0.56283629185473, 
            "params": {
                "reg_alpha": 1.0, 
                "colsample_bytree": 1.0, 
                "colsample_bylevel": 1.0, 
                "learning_rate": 0.4, 
                "max_delta_step": 0.0, 
                "min_child_weight": 1.0, 
                "subsample": 1.0, 
                "reg_lambda": 0.8, 
                "max_depth": 7, 
                "gamma": 0.0, 
                "booster": "gbtree"
            }, 
            "fitTimeStd": 0.011160645142642965, 
            "scoreStd": 0.009862678067936831
        }, 
        {
            "scoreTimeStd": 0.003124099870362662, 
            "scoreTime": 0.0058, 
            "fitTime": 0.094, 
            "score": 0.565891205818116, 
            "params": {
                "reg_alpha": 0.0, 
                "colsample_bytree": 1.0, 
                "colsample_bylevel": 1.0, 
                "learning_rate": 0.4, 
                "max_delta_step": 0.0, 
                "min_child_weight": 1.0, 
                "subsample": 1.0, 
                "reg_lambda": 0.8, 
                "max_depth": 7, 
                "gamma": 0.0, 
                "booster": "gbtree"
            }, 
            "fitTimeStd": 0.016272676485446395, 
            "scoreStd": 0.023996960775704807
        }, 
        {
            "scoreTimeStd": 0.01118212859879549, 
            "scoreTime": 0.0124, 
            "fitTime": 0.039799999999999995, 
            "score": 0.5576192702379326, 
            "params": {
                "reg_alpha": 1.0, 
                "colsample_bytree": 1.0, 
                "colsample_bylevel": 1.0, 
                "learning_rate": 0.2, 
                "max_delta_step": 0.0, 
                "min_child_weight": 1.0, 
                "subsample": 1.0, 
                "reg_lambda": 0.8, 
                "max_depth": 2, 
                "gamma": 0.0, 
                "booster": "gbtree"
            }, 
            "fitTimeStd": 0.009579144011862438, 
            "scoreStd": 0.02244238224294611
        }, 
        {
            "scoreTimeStd": 0.0013564659966250536, 
            "scoreTime": 0.0046, 
            "fitTime": 0.1018, 
            "score": 0.5656840393408984, 
            "params": {
                "reg_alpha": 0.5, 
                "colsample_bytree": 1.0, 
                "colsample_bylevel": 1.0, 
                "learning_rate": 0.2, 
                "max_delta_step": 0.0, 
                "min_child_weight": 1.0, 
                "subsample": 1.0, 
                "reg_lambda": 0.5, 
                "max_depth": 7, 
                "gamma": 0.0, 
                "booster": "gbtree"
            }, 
            "fitTimeStd": 0.036777166829433716, 
            "scoreStd": 0.01740211391782153
        }, 
        {
            "scoreTimeStd": 0.007735631842325487, 
            "scoreTime": 0.0136, 
            "fitTime": 0.038799999999999994, 
            "score": 0.5451752049976397, 
            "params": {
                "reg_alpha": 0.0, 
                "colsample_bytree": 1.0, 
                "colsample_bylevel": 1.0, 
                "learning_rate": 0.2, 
                "max_delta_step": 0.0, 
                "min_child_weight": 1.0, 
                "subsample": 1.0, 
                "reg_lambda": 0.8, 
                "max_depth": 2, 
                "gamma": 0.0, 
                "booster": "gbtree"
            }, 
            "fitTimeStd": 0.010814804667676618, 
            "scoreStd": 0.043148574799935155
        }, 
        {
            "scoreTimeStd": 0.0015491933384829668, 
            "scoreTime": 0.005, 
            "fitTime": 0.08259999999999999, 
            "score": 0.568120186504289, 
            "params": {
                "reg_alpha": 0.0, 
                "colsample_bytree": 1.0, 
                "colsample_bylevel": 1.0, 
                "learning_rate": 0.4, 
                "max_delta_step": 0.0, 
                "min_child_weight": 1.0, 
                "subsample": 1.0, 
                "reg_lambda": 1.0, 
                "max_depth": 5, 
                "gamma": 0.0, 
                "booster": "gbtree"
            }, 
            "fitTimeStd": 0.01904310898986822, 
            "scoreStd": 0.012675833589040425
        }, 
        {
            "scoreTimeStd": 0.009674709297958259, 
            "scoreTime": 0.016, 
            "fitTime": 0.07579999999999999, 
            "score": 0.5669338840767048, 
            "params": {
                "reg_alpha": 0.0, 
                "colsample_bytree": 1.0, 
                "colsample_bylevel": 1.0, 
                "learning_rate": 0.2, 
                "max_delta_step": 0.0, 
                "min_child_weight": 1.0, 
                "subsample": 1.0, 
                "reg_lambda": 0.8, 
                "max_depth": 5, 
                "gamma": 0.0, 
                "booster": "gbtree"
            }, 
            "fitTimeStd": 0.0242932089275995, 
            "scoreStd": 0.016697472818455922
        }, 
        {
            "scoreTimeStd": 0.0008, 
            "scoreTime": 0.0034, 
            "fitTime": 0.037200000000000004, 
            "score": 0.5576192702379326, 
            "params": {
                "reg_alpha": 0.5, 
                "colsample_bytree": 1.0, 
                "colsample_bylevel": 1.0, 
                "learning_rate": 0.2, 
                "max_delta_step": 0.0, 
                "min_child_weight": 1.0, 
                "subsample": 1.0, 
                "reg_lambda": 1.0, 
                "max_depth": 2, 
                "gamma": 0.0, 
                "booster": "gbtree"
            }, 
            "fitTimeStd": 0.008953211714239757, 
            "scoreStd": 0.02244238224294611
        }, 
        {
            "scoreTimeStd": 0.006887670143089025, 
            "scoreTime": 0.008400000000000001, 
            "fitTime": 0.105, 
            "score": 0.5676249486031134, 
            "params": {
                "reg_alpha": 0.5, 
                "colsample_bytree": 1.0, 
                "colsample_bylevel": 1.0, 
                "learning_rate": 0.4, 
                "max_delta_step": 0.0, 
                "min_child_weight": 1.0, 
                "subsample": 1.0, 
                "reg_lambda": 1.0, 
                "max_depth": 7, 
                "gamma": 0.0, 
                "booster": "gbtree"
            }, 
            "fitTimeStd": 0.024875690945177782, 
            "scoreStd": 0.008279863560554955
        }, 
        {
            "scoreTimeStd": 0.00233238075793812, 
            "scoreTime": 0.0066, 
            "fitTime": 0.1044, 
            "score": 0.5624253618879799, 
            "params": {
                "reg_alpha": 0.5, 
                "colsample_bytree": 1.0, 
                "colsample_bylevel": 1.0, 
                "learning_rate": 0.2, 
                "max_delta_step": 0.0, 
                "min_child_weight": 1.0, 
                "subsample": 1.0, 
                "reg_lambda": 1.0, 
                "max_depth": 7, 
                "gamma": 0.0, 
                "booster": "gbtree"
            }, 
            "fitTimeStd": 0.04071658138891329, 
            "scoreStd": 0.016202689962373402
        }, 
        {
            "scoreTimeStd": 0.0026832815729997475, 
            "scoreTime": 0.006, 
            "fitTime": 0.0606, 
            "score": 0.5688083378066674, 
            "params": {
                "reg_alpha": 0.0, 
                "colsample_bytree": 1.0, 
                "colsample_bylevel": 1.0, 
                "learning_rate": 0.2, 
                "max_delta_step": 0.0, 
                "min_child_weight": 1.0, 
                "subsample": 1.0, 
                "reg_lambda": 1.0, 
                "max_depth": 3, 
                "gamma": 0.0, 
                "booster": "gbtree"
            }, 
            "fitTimeStd": 0.03866057423267275, 
            "scoreStd": 0.011868809251120233
        }, 
        {
            "scoreTimeStd": 0.008212186067059124, 
            "scoreTime": 0.0124, 
            "fitTime": 0.0512, 
            "score": 0.5353779545845385, 
            "params": {
                "reg_alpha": 0.0, 
                "colsample_bytree": 1.0, 
                "colsample_bylevel": 1.0, 
                "learning_rate": 0.4, 
                "max_delta_step": 0.0, 
                "min_child_weight": 1.0, 
                "subsample": 1.0, 
                "reg_lambda": 0.5, 
                "max_depth": 2, 
                "gamma": 0.0, 
                "booster": "gbtree"
            }, 
            "fitTimeStd": 0.018680471086136987, 
            "scoreStd": 0.03717352729112362
        }, 
        {
            "scoreTimeStd": 0.00921737489744233, 
            "scoreTime": 0.014199999999999999, 
            "fitTime": 0.0598, 
            "score": 0.5393046635684636, 
            "params": {
                "reg_alpha": 0.5, 
                "colsample_bytree": 1.0, 
                "colsample_bylevel": 1.0, 
                "learning_rate": 0.6, 
                "max_delta_step": 0.0, 
                "min_child_weight": 1.0, 
                "subsample": 1.0, 
                "reg_lambda": 0.8, 
                "max_depth": 5, 
                "gamma": 0.0, 
                "booster": "gbtree"
            }, 
            "fitTimeStd": 0.015561490931141527, 
            "scoreStd": 0.03571244490928125
        }, 
        {
            "scoreTimeStd": 0.0008944271909999159, 
            "scoreTime": 0.005, 
            "fitTime": 0.1088, 
            "score": 0.557268392555292, 
            "params": {
                "reg_alpha": 0.0, 
                "colsample_bytree": 1.0, 
                "colsample_bylevel": 1.0, 
                "learning_rate": 0.2, 
                "max_delta_step": 0.0, 
                "min_child_weight": 1.0, 
                "subsample": 1.0, 
                "reg_lambda": 0.5, 
                "max_depth": 7, 
                "gamma": 0.0, 
                "booster": "gbtree"
            }, 
            "fitTimeStd": 0.03307808942487459, 
            "scoreStd": 0.011887581924487146
        }, 
        {
            "scoreTimeStd": 0.005388877434122991, 
            "scoreTime": 0.0136, 
            "fitTime": 0.0594, 
            "score": 0.5437445076827706, 
            "params": {
                "reg_alpha": 0.5, 
                "colsample_bytree": 1.0, 
                "colsample_bylevel": 1.0, 
                "learning_rate": 0.4, 
                "max_delta_step": 0.0, 
                "min_child_weight": 1.0, 
                "subsample": 1.0, 
                "reg_lambda": 1.0, 
                "max_depth": 2, 
                "gamma": 0.0, 
                "booster": "gbtree"
            }, 
            "fitTimeStd": 0.016965848048358798, 
            "scoreStd": 0.04183455620146139
        }, 
        {
            "scoreTimeStd": 0.002135415650406262, 
            "scoreTime": 0.0048, 
            "fitTime": 0.0518, 
            "score": 0.5504315380200884, 
            "params": {
                "reg_alpha": 0.0, 
                "colsample_bytree": 1.0, 
                "colsample_bylevel": 1.0, 
                "learning_rate": 0.2, 
                "max_delta_step": 0.0, 
                "min_child_weight": 1.0, 
                "subsample": 1.0, 
                "reg_lambda": 0.5, 
                "max_depth": 3, 
                "gamma": 0.0, 
                "booster": "gbtree"
            }, 
            "fitTimeStd": 0.015367498169838838, 
            "scoreStd": 0.024022039671546917
        }, 
        {
            "scoreTimeStd": 0.00903327183250897, 
            "scoreTime": 0.011, 
            "fitTime": 0.055, 
            "score": 0.5607699033888816, 
            "params": {
                "reg_alpha": 1.0, 
                "colsample_bytree": 1.0, 
                "colsample_bylevel": 1.0, 
                "learning_rate": 0.4, 
                "max_delta_step": 0.0, 
                "min_child_weight": 1.0, 
                "subsample": 1.0, 
                "reg_lambda": 0.5, 
                "max_depth": 3, 
                "gamma": 0.0, 
                "booster": "gbtree"
            }, 
            "fitTimeStd": 0.017412639087743133, 
            "scoreStd": 0.011729496579804707
        }, 
        {
            "scoreTimeStd": 0.005678027826631357, 
            "scoreTime": 0.0106, 
            "fitTime": 0.063, 
            "score": 0.5710331709686578, 
            "params": {
                "reg_alpha": 0.5, 
                "colsample_bytree": 1.0, 
                "colsample_bylevel": 1.0, 
                "learning_rate": 0.4, 
                "max_delta_step": 0.0, 
                "min_child_weight": 1.0, 
                "subsample": 1.0, 
                "reg_lambda": 1.0, 
                "max_depth": 5, 
                "gamma": 0.0, 
                "booster": "gbtree"
            }, 
            "fitTimeStd": 0.01831938863608718, 
            "scoreStd": 0.011923209888947905
        }, 
        {
            "scoreTimeStd": 0.008749857141690943, 
            "scoreTime": 0.009800000000000001, 
            "fitTime": 0.0782, 
            "score": 0.5614469544874153, 
            "params": {
                "reg_alpha": 0.0, 
                "colsample_bytree": 1.0, 
                "colsample_bylevel": 1.0, 
                "learning_rate": 0.2, 
                "max_delta_step": 0.0, 
                "min_child_weight": 1.0, 
                "subsample": 1.0, 
                "reg_lambda": 0.5, 
                "max_depth": 5, 
                "gamma": 0.0, 
                "booster": "gbtree"
            }, 
            "fitTimeStd": 0.031050925912120563, 
            "scoreStd": 0.019503191525463988
        }, 
        {
            "scoreTimeStd": 0.008685620300243384, 
            "scoreTime": 0.0174, 
            "fitTime": 0.1038, 
            "score": 0.5758041722997643, 
            "params": {
                "reg_alpha": 1.0, 
                "colsample_bytree": 1.0, 
                "colsample_bylevel": 1.0, 
                "learning_rate": 0.4, 
                "max_delta_step": 0.0, 
                "min_child_weight": 1.0, 
                "n_estimators": 6, 
                "subsample": 1.0, 
                "reg_lambda": 1.0, 
                "max_depth": 7, 
                "gamma": 0.0, 
                "booster": "gbtree"
            }, 
            "fitTimeStd": 0.03572897983430257, 
            "scoreStd": 0.008123399100940058
        }, 
        {
            "scoreTimeStd": 0.0010954451150103322, 
            "scoreTime": 0.004, 
            "fitTime": 0.0538, 
            "score": 0.5670318234760289, 
            "params": {
                "reg_alpha": 0.0, 
                "colsample_bytree": 1.0, 
                "colsample_bylevel": 1.0, 
                "learning_rate": 0.4, 
                "max_delta_step": 0.0, 
                "min_child_weight": 1.0, 
                "subsample": 1.0, 
                "reg_lambda": 0.5, 
                "max_depth": 3, 
                "gamma": 0.0, 
                "booster": "gbtree"
            }, 
            "fitTimeStd": 0.01762271261752855, 
            "scoreStd": 0.01626790957078051
        }, 
        {
            "scoreTimeStd": 0.007172168430816443, 
            "scoreTime": 0.0184, 
            "fitTime": 0.048, 
            "score": 0.5739983818450228, 
            "params": {
                "reg_alpha": 1.0, 
                "colsample_bytree": 1.0, 
                "colsample_bylevel": 1.0, 
                "learning_rate": 0.6, 
                "max_delta_step": 0.0, 
                "min_child_weight": 1.0, 
                "subsample": 1.0, 
                "reg_lambda": 0.5, 
                "max_depth": 3, 
                "gamma": 0.0, 
                "booster": "gbtree"
            }, 
            "fitTimeStd": 0.01104536101718726, 
            "scoreStd": 0.013383513162379037
        }, 
        {
            "scoreTimeStd": 0.001624807680927192, 
            "scoreTime": 0.0046, 
            "fitTime": 0.058, 
            "score": 0.567360229741638, 
            "params": {
                "reg_alpha": 0.0, 
                "colsample_bytree": 1.0, 
                "colsample_bylevel": 1.0, 
                "learning_rate": 0.6, 
                "max_delta_step": 0.0, 
                "min_child_weight": 1.0, 
                "subsample": 1.0, 
                "reg_lambda": 0.5, 
                "max_depth": 3, 
                "gamma": 0.0, 
                "booster": "gbtree"
            }, 
            "fitTimeStd": 0.012457929201917949, 
            "scoreStd": 0.01101627776058405
        }, 
        {
            "scoreTimeStd": 0.0031368774282716245, 
            "scoreTime": 0.0066, 
            "fitTime": 0.06520000000000001, 
            "score": 0.5448429941738969, 
            "params": {
                "reg_alpha": 1.0, 
                "colsample_bytree": 1.0, 
                "colsample_bylevel": 1.0, 
                "learning_rate": 0.4, 
                "max_delta_step": 0.0, 
                "min_child_weight": 1.0, 
                "subsample": 1.0, 
                "reg_lambda": 0.5, 
                "max_depth": 2, 
                "gamma": 0.0, 
                "booster": "gbtree"
            }, 
            "fitTimeStd": 0.02033125672456083, 
            "scoreStd": 0.043338929933010396
        }, 
        {
            "scoreTimeStd": 0.001673320053068151, 
            "scoreTime": 0.005, 
            "fitTime": 0.09140000000000001, 
            "score": 0.56699184411374, 
            "params": {
                "reg_alpha": 0.5, 
                "colsample_bytree": 1.0, 
                "colsample_bylevel": 1.0, 
                "learning_rate": 0.2, 
                "max_delta_step": 0.0, 
                "min_child_weight": 1.0, 
                "subsample": 1.0, 
                "reg_lambda": 0.8, 
                "max_depth": 7, 
                "gamma": 0.0, 
                "booster": "gbtree"
            }, 
            "fitTimeStd": 0.018553705829294585, 
            "scoreStd": 0.009641551328267307
        }, 
        {
            "scoreTimeStd": 0.012626955294131678, 
            "scoreTime": 0.0146, 
            "fitTime": 0.0554, 
            "score": 0.5665882665978503, 
            "params": {
                "reg_alpha": 0.5, 
                "colsample_bytree": 1.0, 
                "colsample_bylevel": 1.0, 
                "learning_rate": 0.2, 
                "max_delta_step": 0.0, 
                "min_child_weight": 1.0, 
                "subsample": 1.0, 
                "reg_lambda": 0.8, 
                "max_depth": 3, 
                "gamma": 0.0, 
                "booster": "gbtree"
            }, 
            "fitTimeStd": 0.013001538370516005, 
            "scoreStd": 0.018289554675390375
        }, 
        {
            "scoreTimeStd": 0.004516635916254485, 
            "scoreTime": 0.006, 
            "fitTime": 0.063, 
            "score": 0.5620774006342283, 
            "params": {
                "reg_alpha": 1.0, 
                "colsample_bytree": 1.0, 
                "colsample_bylevel": 1.0, 
                "learning_rate": 0.4, 
                "max_delta_step": 0.0, 
                "min_child_weight": 1.0, 
                "subsample": 1.0, 
                "reg_lambda": 1.0, 
                "max_depth": 3, 
                "gamma": 0.0, 
                "booster": "gbtree"
            }, 
            "fitTimeStd": 0.016358484037342826, 
            "scoreStd": 0.01482820381151792
        }, 
        {
            "scoreTimeStd": 0.002097617696340303, 
            "scoreTime": 0.005, 
            "fitTime": 0.0712, 
            "score": 0.573272782616258, 
            "params": {
                "reg_alpha": 1.0, 
                "colsample_bytree": 1.0, 
                "colsample_bylevel": 1.0, 
                "learning_rate": 0.6, 
                "max_delta_step": 0.0, 
                "min_child_weight": 1.0, 
                "subsample": 1.0, 
                "reg_lambda": 1.0, 
                "max_depth": 5, 
                "gamma": 0.0, 
                "booster": "gbtree"
            }, 
            "fitTimeStd": 0.012383860464330175, 
            "scoreStd": 0.008774051186855897
        }, 
        {
            "scoreTimeStd": 0.008390470785361212, 
            "scoreTime": 0.015, 
            "fitTime": 0.038200000000000005, 
            "score": 0.571140434614199, 
            "params": {
                "reg_alpha": 1.0, 
                "colsample_bytree": 1.0, 
                "colsample_bylevel": 1.0, 
                "learning_rate": 0.6, 
                "max_delta_step": 0.0, 
                "min_child_weight": 1.0, 
                "subsample": 1.0, 
                "reg_lambda": 0.8, 
                "max_depth": 3, 
                "gamma": 0.0, 
                "booster": "gbtree"
            }, 
            "fitTimeStd": 0.006013318551349163, 
            "scoreStd": 0.013588581809912178
        }, 
        {
            "scoreTimeStd": 0.009927738916792684, 
            "scoreTime": 0.0092, 
            "fitTime": 0.10679999999999999, 
            "score": 0.5721680449059711, 
            "params": {
                "reg_alpha": 0.0, 
                "colsample_bytree": 1.0, 
                "colsample_bylevel": 1.0, 
                "learning_rate": 0.4, 
                "max_delta_step": 0.0, 
                "min_child_weight": 1.0, 
                "subsample": 1.0, 
                "reg_lambda": 1.0, 
                "max_depth": 7, 
                "gamma": 0.0, 
                "booster": "gbtree"
            }, 
            "fitTimeStd": 0.03399647040502882, 
            "scoreStd": 0.022676131599031785
        }, 
        {
            "scoreTimeStd": 0.00039999999999999996, 
            "scoreTime": 0.0038, 
            "fitTime": 0.062, 
            "score": 0.5725755267615995, 
            "params": {
                "reg_alpha": 1.0, 
                "colsample_bytree": 1.0, 
                "colsample_bylevel": 1.0, 
                "learning_rate": 0.6, 
                "max_delta_step": 0.0, 
                "min_child_weight": 1.0, 
                "subsample": 1.0, 
                "reg_lambda": 0.8, 
                "max_depth": 5, 
                "gamma": 0.0, 
                "booster": "gbtree"
            }, 
            "fitTimeStd": 0.011313708498984762, 
            "scoreStd": 0.016594652436361084
        }, 
        {
            "scoreTimeStd": 0.007884161337770808, 
            "scoreTime": 0.0152, 
            "fitTime": 0.0616, 
            "score": 0.5689001773654325, 
            "params": {
                "reg_alpha": 0.5, 
                "colsample_bytree": 1.0, 
                "colsample_bylevel": 1.0, 
                "learning_rate": 0.6, 
                "max_delta_step": 0.0, 
                "min_child_weight": 1.0, 
                "subsample": 1.0, 
                "reg_lambda": 0.8, 
                "max_depth": 3, 
                "gamma": 0.0, 
                "booster": "gbtree"
            }, 
            "fitTimeStd": 0.016883127672324225, 
            "scoreStd": 0.010012386645097474
        }, 
        {
            "scoreTimeStd": 0.011788129622633101, 
            "scoreTime": 0.013800000000000002, 
            "fitTime": 0.054799999999999995, 
            "score": 0.5661344036510543, 
            "params": {
                "reg_alpha": 0.0, 
                "colsample_bytree": 1.0, 
                "colsample_bylevel": 1.0, 
                "learning_rate": 0.6, 
                "max_delta_step": 0.0, 
                "min_child_weight": 1.0, 
                "subsample": 1.0, 
                "reg_lambda": 1.0, 
                "max_depth": 3, 
                "gamma": 0.0, 
                "booster": "gbtree"
            }, 
            "fitTimeStd": 0.010943491216243561, 
            "scoreStd": 0.00845956979241603
        }, 
        {
            "scoreTimeStd": 0.009173875952943772, 
            "scoreTime": 0.0178, 
            "fitTime": 0.0456, 
            "score": 0.5602812191293225, 
            "params": {
                "reg_alpha": 0.5, 
                "colsample_bytree": 1.0, 
                "colsample_bylevel": 1.0, 
                "learning_rate": 0.6, 
                "max_delta_step": 0.0, 
                "min_child_weight": 1.0, 
                "subsample": 1.0, 
                "reg_lambda": 0.8, 
                "max_depth": 2, 
                "gamma": 0.0, 
                "booster": "gbtree"
            }, 
            "fitTimeStd": 0.008309031231136396, 
            "scoreStd": 0.013897629198125368
        }, 
        {
            "scoreTimeStd": 0.004261455150532504, 
            "scoreTime": 0.0068, 
            "fitTime": 0.054200000000000005, 
            "score": 0.5707890305338381, 
            "params": {
                "reg_alpha": 0.0, 
                "colsample_bytree": 1.0, 
                "colsample_bylevel": 1.0, 
                "learning_rate": 0.6, 
                "max_delta_step": 0.0, 
                "min_child_weight": 1.0, 
                "subsample": 1.0, 
                "reg_lambda": 0.8, 
                "max_depth": 2, 
                "gamma": 0.0, 
                "booster": "gbtree"
            }, 
            "fitTimeStd": 0.015406492138056605, 
            "scoreStd": 0.011319701890657294
        }, 
        {
            "scoreTimeStd": 0.0017888543819998318, 
            "scoreTime": 0.006, 
            "fitTime": 0.0728, 
            "score": 0.5706386131765866, 
            "params": {
                "reg_alpha": 1.0, 
                "colsample_bytree": 1.0, 
                "colsample_bylevel": 1.0, 
                "learning_rate": 0.2, 
                "max_delta_step": 0.0, 
                "min_child_weight": 1.0, 
                "subsample": 1.0, 
                "reg_lambda": 0.8, 
                "max_depth": 5, 
                "gamma": 0.0, 
                "booster": "gbtree"
            }, 
            "fitTimeStd": 0.016178998732925352, 
            "scoreStd": 0.012838403361718702
        }, 
        {
            "scoreTimeStd": 0.006019966777316964, 
            "scoreTime": 0.0086, 
            "fitTime": 0.089, 
            "score": 0.5738173939354324, 
            "params": {
                "reg_alpha": 1.0, 
                "colsample_bytree": 1.0, 
                "colsample_bylevel": 1.0, 
                "learning_rate": 0.4, 
                "max_delta_step": 0.0, 
                "min_child_weight": 1.0, 
                "subsample": 1.0, 
                "reg_lambda": 0.5, 
                "max_depth": 5, 
                "gamma": 0.0, 
                "booster": "gbtree"
            }, 
            "fitTimeStd": 0.027568097504180444, 
            "scoreStd": 0.014236816314553794
        }, 
        {
            "scoreTimeStd": 0.0157403938959608, 
            "scoreTime": 0.0178, 
            "fitTime": 0.1, 
            "score": 0.5571579686955722, 
            "params": {
                "reg_alpha": 0.5, 
                "colsample_bytree": 1.0, 
                "colsample_bylevel": 1.0, 
                "learning_rate": 0.4, 
                "max_delta_step": 0.0, 
                "min_child_weight": 1.0, 
                "subsample": 1.0, 
                "reg_lambda": 0.8, 
                "max_depth": 7, 
                "gamma": 0.0, 
                "booster": "gbtree"
            }, 
            "fitTimeStd": 0.01614930339054908, 
            "scoreStd": 0.026143810740807204
        }, 
        {
            "scoreTimeStd": 0.012403225386970924, 
            "scoreTime": 0.018600000000000002, 
            "fitTime": 0.0682, 
            "score": 0.5519497391676065, 
            "params": {
                "reg_alpha": 1.0, 
                "colsample_bytree": 1.0, 
                "colsample_bylevel": 1.0, 
                "learning_rate": 0.6, 
                "max_delta_step": 0.0, 
                "min_child_weight": 1.0, 
                "subsample": 1.0, 
                "reg_lambda": 0.8, 
                "max_depth": 7, 
                "gamma": 0.0, 
                "booster": "gbtree"
            }, 
            "fitTimeStd": 0.00611228271597445, 
            "scoreStd": 0.017801025543979117
        }, 
        {
            "scoreTimeStd": 0.01108873302050329, 
            "scoreTime": 0.016800000000000002, 
            "fitTime": 0.06620000000000001, 
            "score": 0.5506325147612317, 
            "params": {
                "reg_alpha": 1.0, 
                "colsample_bytree": 1.0, 
                "colsample_bylevel": 1.0, 
                "learning_rate": 0.4, 
                "max_delta_step": 0.0, 
                "min_child_weight": 1.0, 
                "subsample": 1.0, 
                "reg_lambda": 1.0, 
                "max_depth": 2, 
                "gamma": 0.0, 
                "booster": "gbtree"
            }, 
            "fitTimeStd": 0.019538679586911703, 
            "scoreStd": 0.045256508928438244
        }, 
        {
            "scoreTimeStd": 0.02173844520659194, 
            "scoreTime": -0.0062, 
            "fitTime": 0.0324, 
            "score": 0.5677386179699029, 
            "params": {
                "reg_alpha": 0.5, 
                "colsample_bytree": 1.0, 
                "colsample_bylevel": 1.0, 
                "learning_rate": 0.6, 
                "max_delta_step": 0.0, 
                "min_child_weight": 1.0, 
                "subsample": 1.0, 
                "reg_lambda": 0.5, 
                "max_depth": 2, 
                "gamma": 0.0, 
                "booster": "gbtree"
            }, 
            "fitTimeStd": 0.019764614845728716, 
            "scoreStd": 0.004637393083922316
        }, 
        {
            "scoreTimeStd": 0.00816333265278342, 
            "scoreTime": 0.016399999999999998, 
            "fitTime": 0.0746, 
            "score": 0.5700800225301851, 
            "params": {
                "reg_alpha": 1.0, 
                "colsample_bytree": 1.0, 
                "colsample_bylevel": 1.0, 
                "learning_rate": 0.4, 
                "max_delta_step": 0.0, 
                "min_child_weight": 1.0, 
                "subsample": 1.0, 
                "reg_lambda": 1.0, 
                "max_depth": 5, 
                "gamma": 0.0, 
                "booster": "gbtree"
            }, 
            "fitTimeStd": 0.011038115781237303, 
            "scoreStd": 0.017154470978025575
        }, 
        {
            "scoreTimeStd": 0.004223742416388575, 
            "scoreTime": 0.0074, 
            "fitTime": 0.0458, 
            "score": 0.5419644749149908, 
            "params": {
                "reg_alpha": 0.0, 
                "colsample_bytree": 1.0, 
                "colsample_bylevel": 1.0, 
                "learning_rate": 0.4, 
                "max_delta_step": 0.0, 
                "min_child_weight": 1.0, 
                "subsample": 1.0, 
                "reg_lambda": 0.8, 
                "max_depth": 2, 
                "gamma": 0.0, 
                "booster": "gbtree"
            }, 
            "fitTimeStd": 0.014864723340849637, 
            "scoreStd": 0.040255519111653155
        }, 
        {
            "scoreTimeStd": 0.007082372483850309, 
            "scoreTime": 0.012199999999999999, 
            "fitTime": 0.1186, 
            "score": 0.5596665898084031, 
            "params": {
                "reg_alpha": 1.0, 
                "colsample_bytree": 1.0, 
                "colsample_bylevel": 1.0, 
                "learning_rate": 0.2, 
                "max_delta_step": 0.0, 
                "min_child_weight": 1.0, 
                "subsample": 1.0, 
                "reg_lambda": 1.0, 
                "max_depth": 7, 
                "gamma": 0.0, 
                "booster": "gbtree"
            }, 
            "fitTimeStd": 0.006590902821313632, 
            "scoreStd": 0.012234273638815123
        }, 
        {
            "scoreTimeStd": 0.011617228585166086, 
            "scoreTime": 0.009800000000000001, 
            "fitTime": 0.047200000000000006, 
            "score": 0.5630495657153632, 
            "params": {
                "reg_alpha": 0.5, 
                "colsample_bytree": 1.0, 
                "colsample_bylevel": 1.0, 
                "learning_rate": 0.6, 
                "max_delta_step": 0.0, 
                "min_child_weight": 1.0, 
                "subsample": 1.0, 
                "reg_lambda": 0.5, 
                "max_depth": 3, 
                "gamma": 0.0, 
                "booster": "gbtree"
            }, 
            "fitTimeStd": 0.007626270385975047, 
            "scoreStd": 0.01406052885856159
        }, 
        {
            "scoreTimeStd": 0.0014696938456699067, 
            "scoreTime": 0.0198, 
            "fitTime": 0.0706, 
            "score": 0.5627250729214592, 
            "params": {
                "reg_alpha": 1.0, 
                "colsample_bytree": 1.0, 
                "colsample_bylevel": 1.0, 
                "learning_rate": 0.4, 
                "max_delta_step": 0.0, 
                "min_child_weight": 1.0, 
                "subsample": 1.0, 
                "reg_lambda": 0.8, 
                "max_depth": 3, 
                "gamma": 0.0, 
                "booster": "gbtree"
            }, 
            "fitTimeStd": 0.022703303724348135, 
            "scoreStd": 0.010750448002762359
        }, 
        {
            "scoreTimeStd": 0.0026381811916545836, 
            "scoreTime": 0.008199999999999999, 
            "fitTime": 0.0708, 
            "score": 0.5440793515027108, 
            "params": {
                "reg_alpha": 0.5, 
                "colsample_bytree": 1.0, 
                "colsample_bylevel": 1.0, 
                "learning_rate": 0.4, 
                "max_delta_step": 0.0, 
                "min_child_weight": 1.0, 
                "subsample": 1.0, 
                "reg_lambda": 0.8, 
                "max_depth": 2, 
                "gamma": 0.0, 
                "booster": "gbtree"
            }, 
            "fitTimeStd": 0.022727956353354783, 
            "scoreStd": 0.04184694001041557
        }, 
        {
            "scoreTimeStd": 0.0018547236990991407, 
            "scoreTime": 0.0066, 
            "fitTime": 0.0922, 
            "score": 0.5580257351070883, 
            "params": {
                "reg_alpha": 0.0, 
                "colsample_bytree": 1.0, 
                "colsample_bylevel": 1.0, 
                "learning_rate": 0.2, 
                "max_delta_step": 0.0, 
                "min_child_weight": 1.0, 
                "subsample": 1.0, 
                "reg_lambda": 1.0, 
                "max_depth": 7, 
                "gamma": 0.0, 
                "booster": "gbtree"
            }, 
            "fitTimeStd": 0.012576167937809992, 
            "scoreStd": 0.01538728975328653
        }, 
        {
            "scoreTimeStd": 0.009959919678390985, 
            "scoreTime": 0.017, 
            "fitTime": 0.068, 
            "score": 0.5741962532724842, 
            "params": {
                "reg_alpha": 0.5, 
                "colsample_bytree": 1.0, 
                "colsample_bylevel": 1.0, 
                "learning_rate": 0.4, 
                "max_delta_step": 0.0, 
                "min_child_weight": 1.0, 
                "subsample": 1.0, 
                "reg_lambda": 0.8, 
                "max_depth": 3, 
                "gamma": 0.0, 
                "booster": "gbtree"
            }, 
            "fitTimeStd": 0.02839013913315678, 
            "scoreStd": 0.020122810648501514
        }, 
        {
            "scoreTimeStd": 0.010669582934679312, 
            "scoreTime": 0.0174, 
            "fitTime": 0.0686, 
            "score": 0.5686777414361679, 
            "params": {
                "reg_alpha": 0.0, 
                "colsample_bytree": 1.0, 
                "colsample_bylevel": 1.0, 
                "learning_rate": 0.6, 
                "max_delta_step": 0.0, 
                "min_child_weight": 1.0, 
                "subsample": 1.0, 
                "reg_lambda": 1.0, 
                "max_depth": 2, 
                "gamma": 0.0, 
                "booster": "gbtree"
            }, 
            "fitTimeStd": 0.009645724441429996, 
            "scoreStd": 0.008336191632363993
        }, 
        {
            "scoreTimeStd": 0.00817312669668102, 
            "scoreTime": 0.019, 
            "fitTime": 0.060200000000000004, 
            "score": 0.5588280699174135, 
            "params": {
                "reg_alpha": 0.0, 
                "colsample_bytree": 1.0, 
                "colsample_bylevel": 1.0, 
                "learning_rate": 0.6, 
                "max_delta_step": 0.0, 
                "min_child_weight": 1.0, 
                "subsample": 1.0, 
                "reg_lambda": 0.5, 
                "max_depth": 5, 
                "gamma": 0.0, 
                "booster": "gbtree"
            }, 
            "fitTimeStd": 0.006337191807101944, 
            "scoreStd": 0.02118842597957811
        }
    ], 
    "gridBestScore": 0.5758041722997643, 
    "modelInputIsSparse": false, 
    "nBoostedEstimators": 9
}