{
  "state": "DONE",
  "preSearchDescription": {
    "gridLength": 108,
    "searchStrategy": "GRID",
    "importantParams": [
      {
        "name": "trees",
        "val": "300"
      },
      {
        "name": "max_depth",
        "vals": [
          "3",
          "2",
          "5",
          "7"
        ]
      }
    ]
  },
  "postSearchDescription": {
    "importantParams": [
      {
        "name": "trees",
        "val": "6"
      },
      {
        "name": "max_depth",
        "val": "7"
      }
    ]
  },
  "resumed": false,
  "timeOrderingEnabled": false,
  "sampleWeightsEnabled": false,
  "modelId": "m1",
  "progress": {
    "top_level_todo": [],
    "stack": [],
    "top_level_done": [
      {
        "name": "Loading train set",
        "time": 22
      },
      {
        "name": "Loading test set",
        "time": 10
      },
      {
        "name": "Collecting statistics",
        "time": 36
      },
      {
        "name": "Preprocessing train set",
        "time": 161
      },
      {
        "name": "Preprocessing test set",
        "time": 74
      },
      {
        "name": "Hyperparameter searching",
        "time": 11010
      },
      {
        "name": "Fitting model",
        "time": 86
      },
      {
        "name": "Saving model",
        "time": 3
      },
      {
        "name": "Scoring model",
        "time": 435
      }
    ]
  },
  "startTime": 1625071465817,
  "endTime": 1625071477714,
  "preprocessingTime": 306,
  "trainingTime": 11591,
  "hyperparamsSearchTime": 11010
}