{
    "gridSize": 8, 
    "nThreads": 4, 
    "metric": "F1", 
    "gridPoints": [
        {
            "scoreTimeMean": 8.8, 
            "best_iteration": null, 
            "time": 162, 
            "trainScoreMean": 0.6492864236990477, 
            "finishedAt": 1625071440575, 
            "fitTimeStd": 2.0591260281974, 
            "testScoreStd": 0.008939146298826967, 
            "scoreTimeStd": 5.418486873657627, 
            "parameters": {
                "splitter": "best", 
                "criterion": "gini", 
                "max_depth": 5, 
                "min_samples_leaf": 1
            }, 
            "testScoreMean": 0.5957356738643125, 
            "score": 0.5957356738643125, 
            "trainScoreStd": 0.0015186889378276454, 
            "testScoreGibMean": 0.5957356738643125, 
            "fitTimeMean": 23.6
        }, 
        {
            "scoreTimeMean": 4.2, 
            "best_iteration": null, 
            "time": 193, 
            "trainScoreMean": 0.7686900510872269, 
            "finishedAt": 1625071440636, 
            "fitTimeStd": 2.65329983228432, 
            "testScoreStd": 0.022521396294546813, 
            "scoreTimeStd": 1.469693845669907, 
            "parameters": {
                "splitter": "best", 
                "criterion": "gini", 
                "max_depth": 10, 
                "min_samples_leaf": 2
            }, 
            "testScoreMean": 0.557967761178507, 
            "score": 0.557967761178507, 
            "trainScoreStd": 0.01951167863566574, 
            "testScoreGibMean": 0.557967761178507, 
            "fitTimeMean": 34.4
        }, 
        {
            "scoreTimeMean": 5.0, 
            "best_iteration": null, 
            "time": 97, 
            "trainScoreMean": 0.6180137205929288, 
            "finishedAt": 1625071440649, 
            "fitTimeStd": 1.624807680927192, 
            "testScoreStd": 0.015405387787275597, 
            "scoreTimeStd": 2.0976176963403033, 
            "parameters": {
                "splitter": "best", 
                "criterion": "gini", 
                "max_depth": 3, 
                "min_samples_leaf": 1
            }, 
            "testScoreMean": 0.6089956706888275, 
            "score": 0.6089956706888275, 
            "trainScoreStd": 0.005735490018821438, 
            "testScoreGibMean": 0.6089956706888275, 
            "fitTimeMean": 14.4
        }, 
        {
            "scoreTimeMean": 5.2, 
            "best_iteration": null, 
            "time": 223, 
            "trainScoreMean": 0.8757333901231106, 
            "finishedAt": 1625071440728, 
            "fitTimeStd": 1.3564659966250536, 
            "testScoreStd": 0.017920867635214523, 
            "scoreTimeStd": 1.469693845669907, 
            "parameters": {
                "splitter": "best", 
                "criterion": "gini", 
                "max_depth": 15, 
                "min_samples_leaf": 2
            }, 
            "testScoreMean": 0.520430532925582, 
            "score": 0.520430532925582, 
            "trainScoreStd": 0.015624115446089163, 
            "testScoreGibMean": 0.520430532925582, 
            "fitTimeMean": 39.4
        }, 
        {
            "scoreTimeMean": 3.8, 
            "best_iteration": null, 
            "time": 120, 
            "trainScoreMean": 0.6490306657502309, 
            "finishedAt": 1625071440741, 
            "fitTimeStd": 0.9797958971132713, 
            "testScoreStd": 0.0091468009039927, 
            "scoreTimeStd": 1.469693845669907, 
            "parameters": {
                "splitter": "best", 
                "criterion": "gini", 
                "max_depth": 5, 
                "min_samples_leaf": 2
            }, 
            "testScoreMean": 0.5955471615228491, 
            "score": 0.5955471615228491, 
            "trainScoreStd": 0.0014458436595721417, 
            "testScoreGibMean": 0.5955471615228491, 
            "fitTimeMean": 20.2
        }, 
        {
            "scoreTimeMean": 3.4, 
            "best_iteration": null, 
            "time": 190, 
            "trainScoreMean": 0.7801983883364251, 
            "finishedAt": 1625071440806, 
            "fitTimeStd": 1.0198039027185568, 
            "testScoreStd": 0.017224625403887004, 
            "scoreTimeStd": 1.8547236990991407, 
            "parameters": {
                "splitter": "best", 
                "criterion": "gini", 
                "max_depth": 10, 
                "min_samples_leaf": 1
            }, 
            "testScoreMean": 0.5567861524722311, 
            "score": 0.5567861524722311, 
            "trainScoreStd": 0.021172618622135077, 
            "testScoreGibMean": 0.5567861524722311, 
            "fitTimeMean": 34.6
        }, 
        {
            "scoreTimeMean": 5.2, 
            "best_iteration": null, 
            "time": 92, 
            "trainScoreMean": 0.6180137205929288, 
            "finishedAt": 1625071440818, 
            "fitTimeStd": 0.7483314773547882, 
            "testScoreStd": 0.015405387787275597, 
            "scoreTimeStd": 3.9191835884530852, 
            "parameters": {
                "splitter": "best", 
                "criterion": "gini", 
                "max_depth": 3, 
                "min_samples_leaf": 2
            }, 
            "testScoreMean": 0.6089956706888275, 
            "score": 0.6089956706888275, 
            "trainScoreStd": 0.005735490018821438, 
            "testScoreGibMean": 0.6089956706888275, 
            "fitTimeMean": 13.2
        }, 
        {
            "scoreTimeMean": 2.6, 
            "best_iteration": null, 
            "time": 228, 
            "trainScoreMean": 0.9141118265730952, 
            "finishedAt": 1625071440893, 
            "fitTimeStd": 3.286335345030997, 
            "testScoreStd": 0.010695660882110773, 
            "scoreTimeStd": 0.4898979485566356, 
            "parameters": {
                "splitter": "best", 
                "criterion": "gini", 
                "max_depth": 15, 
                "min_samples_leaf": 1
            }, 
            "testScoreMean": 0.5222202340911671, 
            "score": 0.5222202340911671, 
            "trainScoreStd": 0.01990886165356732, 
            "testScoreGibMean": 0.5222202340911671, 
            "fitTimeMean": 43.0
        }
    ], 
    "timeout": null, 
    "startedAt": 1625071440512, 
    "nSplits": 5
}