[
    {
        "fit_time": 25, 
        "best_iteration": null, 
        "test_score": 0.5939393939393939, 
        "time": 29, 
        "split_id": 0, 
        "parameters": {
            "splitter": "best", 
            "criterion": "gini", 
            "max_depth": 5, 
            "min_samples_leaf": 1
        }, 
        "num_samples": 961, 
        "score_time": 4, 
        "train_score": 0.6508785332314745, 
        "done_at": 1625071440545, 
        "test_score_gib": 0.5939393939393939
    }, 
    {
        "fit_time": 23, 
        "best_iteration": null, 
        "test_score": 0.6097946287519747, 
        "time": 32, 
        "split_id": 1, 
        "parameters": {
            "splitter": "best", 
            "criterion": "gini", 
            "max_depth": 5, 
            "min_samples_leaf": 1
        }, 
        "num_samples": 961, 
        "score_time": 9, 
        "train_score": 0.6470588235294118, 
        "done_at": 1625071440551, 
        "test_score_gib": 0.6097946287519747
    }, 
    {
        "fit_time": 24, 
        "best_iteration": null, 
        "test_score": 0.5861513687600644, 
        "time": 36, 
        "split_id": 2, 
        "parameters": {
            "splitter": "best", 
            "criterion": "gini", 
            "max_depth": 5, 
            "min_samples_leaf": 1
        }, 
        "num_samples": 961, 
        "score_time": 12, 
        "train_score": 0.6495726495726496, 
        "done_at": 1625071440555, 
        "test_score_gib": 0.5861513687600644
    }, 
    {
        "fit_time": 20, 
        "best_iteration": null, 
        "test_score": 0.6015748031496063, 
        "time": 37, 
        "split_id": 3, 
        "parameters": {
            "splitter": "best", 
            "criterion": "gini", 
            "max_depth": 5, 
            "min_samples_leaf": 1
        }, 
        "num_samples": 961, 
        "score_time": 17, 
        "train_score": 0.650855365474339, 
        "done_at": 1625071440560, 
        "test_score_gib": 0.6015748031496063
    }, 
    {
        "fit_time": 26, 
        "best_iteration": null, 
        "test_score": 0.5872093023255813, 
        "time": 28, 
        "split_id": 4, 
        "parameters": {
            "splitter": "best", 
            "criterion": "gini", 
            "max_depth": 5, 
            "min_samples_leaf": 1
        }, 
        "num_samples": 960, 
        "score_time": 2, 
        "train_score": 0.6480654761904762, 
        "done_at": 1625071440575, 
        "test_score_gib": 0.5872093023255813
    }, 
    {
        "fit_time": 37, 
        "best_iteration": null, 
        "test_score": 0.5547445255474454, 
        "time": 39, 
        "split_id": 0, 
        "parameters": {
            "splitter": "best", 
            "criterion": "gini", 
            "max_depth": 10, 
            "min_samples_leaf": 2
        }, 
        "num_samples": 961, 
        "score_time": 2, 
        "train_score": 0.7472952086553324, 
        "done_at": 1625071440594, 
        "test_score_gib": 0.5547445255474454
    }, 
    {
        "fit_time": 37, 
        "best_iteration": null, 
        "test_score": 0.6017094017094017, 
        "time": 43, 
        "split_id": 1, 
        "parameters": {
            "splitter": "best", 
            "criterion": "gini", 
            "max_depth": 10, 
            "min_samples_leaf": 2
        }, 
        "num_samples": 961, 
        "score_time": 6, 
        "train_score": 0.7830382873610541, 
        "done_at": 1625071440603, 
        "test_score_gib": 0.6017094017094017
    }, 
    {
        "fit_time": 33, 
        "best_iteration": null, 
        "test_score": 0.5451559934318555, 
        "time": 38, 
        "split_id": 2, 
        "parameters": {
            "splitter": "best", 
            "criterion": "gini", 
            "max_depth": 10, 
            "min_samples_leaf": 2
        }, 
        "num_samples": 961, 
        "score_time": 5, 
        "train_score": 0.742505133470226, 
        "done_at": 1625071440601, 
        "test_score_gib": 0.5451559934318555
    }, 
    {
        "fit_time": 30, 
        "best_iteration": null, 
        "test_score": 0.5497470489038785, 
        "time": 33, 
        "split_id": 3, 
        "parameters": {
            "splitter": "best", 
            "criterion": "gini", 
            "max_depth": 10, 
            "min_samples_leaf": 2
        }, 
        "num_samples": 961, 
        "score_time": 3, 
        "train_score": 0.7861557478368356, 
        "done_at": 1625071440611, 
        "test_score_gib": 0.5497470489038785
    }, 
    {
        "fit_time": 35, 
        "best_iteration": null, 
        "test_score": 0.5384615384615385, 
        "time": 40, 
        "split_id": 4, 
        "parameters": {
            "splitter": "best", 
            "criterion": "gini", 
            "max_depth": 10, 
            "min_samples_leaf": 2
        }, 
        "num_samples": 960, 
        "score_time": 5, 
        "train_score": 0.784472300849171, 
        "done_at": 1625071440636, 
        "test_score_gib": 0.5384615384615385
    }, 
    {
        "fit_time": 15, 
        "best_iteration": null, 
        "test_score": 0.6094420600858369, 
        "time": 18, 
        "split_id": 0, 
        "parameters": {
            "splitter": "best", 
            "criterion": "gini", 
            "max_depth": 3, 
            "min_samples_leaf": 1
        }, 
        "num_samples": 961, 
        "score_time": 3, 
        "train_score": 0.6186685962373372, 
        "done_at": 1625071440622, 
        "test_score_gib": 0.6094420600858369
    }, 
    {
        "fit_time": 13, 
        "best_iteration": null, 
        "test_score": 0.6306027820710974, 
        "time": 20, 
        "split_id": 1, 
        "parameters": {
            "splitter": "best", 
            "criterion": "gini", 
            "max_depth": 3, 
            "min_samples_leaf": 1
        }, 
        "num_samples": 961, 
        "score_time": 7, 
        "train_score": 0.6224412433661864, 
        "done_at": 1625071440627, 
        "test_score_gib": 0.6306027820710974
    }, 
    {
        "fit_time": 12, 
        "best_iteration": null, 
        "test_score": 0.5927152317880795, 
        "time": 20, 
        "split_id": 2, 
        "parameters": {
            "splitter": "best", 
            "criterion": "gini", 
            "max_depth": 3, 
            "min_samples_leaf": 1
        }, 
        "num_samples": 961, 
        "score_time": 8, 
        "train_score": 0.6068447412353923, 
        "done_at": 1625071440633, 
        "test_score_gib": 0.5927152317880795
    }, 
    {
        "fit_time": 16, 
        "best_iteration": null, 
        "test_score": 0.6208955223880597, 
        "time": 19, 
        "split_id": 3, 
        "parameters": {
            "splitter": "best", 
            "criterion": "gini", 
            "max_depth": 3, 
            "min_samples_leaf": 1
        }, 
        "num_samples": 961, 
        "score_time": 3, 
        "train_score": 0.62181146025878, 
        "done_at": 1625071440644, 
        "test_score_gib": 0.6208955223880597
    }, 
    {
        "fit_time": 16, 
        "best_iteration": null, 
        "test_score": 0.591304347826087, 
        "time": 20, 
        "split_id": 4, 
        "parameters": {
            "splitter": "best", 
            "criterion": "gini", 
            "max_depth": 3, 
            "min_samples_leaf": 1
        }, 
        "num_samples": 960, 
        "score_time": 4, 
        "train_score": 0.6203049460766085, 
        "done_at": 1625071440649, 
        "test_score_gib": 0.591304347826087
    }, 
    {
        "fit_time": 40, 
        "best_iteration": null, 
        "test_score": 0.5384615384615384, 
        "time": 43, 
        "split_id": 0, 
        "parameters": {
            "splitter": "best", 
            "criterion": "gini", 
            "max_depth": 15, 
            "min_samples_leaf": 2
        }, 
        "num_samples": 961, 
        "score_time": 3, 
        "train_score": 0.8681366191093818, 
        "done_at": 1625071440678, 
        "test_score_gib": 0.5384615384615384
    }, 
    {
        "fit_time": 39, 
        "best_iteration": null, 
        "test_score": 0.5411334552102377, 
        "time": 45, 
        "split_id": 1, 
        "parameters": {
            "splitter": "best", 
            "criterion": "gini", 
            "max_depth": 15, 
            "min_samples_leaf": 2
        }, 
        "num_samples": 961, 
        "score_time": 6, 
        "train_score": 0.896551724137931, 
        "done_at": 1625071440684, 
        "test_score_gib": 0.5411334552102377
    }, 
    {
        "fit_time": 41, 
        "best_iteration": null, 
        "test_score": 0.5083056478405314, 
        "time": 45, 
        "split_id": 2, 
        "parameters": {
            "splitter": "best", 
            "criterion": "gini", 
            "max_depth": 15, 
            "min_samples_leaf": 2
        }, 
        "num_samples": 961, 
        "score_time": 4, 
        "train_score": 0.855793991416309, 
        "done_at": 1625071440691, 
        "test_score_gib": 0.5083056478405314
    }, 
    {
        "fit_time": 37, 
        "best_iteration": null, 
        "test_score": 0.5203539823008849, 
        "time": 43, 
        "split_id": 3, 
        "parameters": {
            "splitter": "best", 
            "criterion": "gini", 
            "max_depth": 15, 
            "min_samples_leaf": 2
        }, 
        "num_samples": 961, 
        "score_time": 6, 
        "train_score": 0.8666666666666666, 
        "done_at": 1625071440696, 
        "test_score_gib": 0.5203539823008849
    }, 
    {
        "fit_time": 40, 
        "best_iteration": null, 
        "test_score": 0.4938704028021016, 
        "time": 47, 
        "split_id": 4, 
        "parameters": {
            "splitter": "best", 
            "criterion": "gini", 
            "max_depth": 15, 
            "min_samples_leaf": 2
        }, 
        "num_samples": 960, 
        "score_time": 7, 
        "train_score": 0.8915343915343916, 
        "done_at": 1625071440728, 
        "test_score_gib": 0.4938704028021016
    }, 
    {
        "fit_time": 22, 
        "best_iteration": null, 
        "test_score": 0.5939393939393939, 
        "time": 25, 
        "split_id": 0, 
        "parameters": {
            "splitter": "best", 
            "criterion": "gini", 
            "max_depth": 5, 
            "min_samples_leaf": 2
        }, 
        "num_samples": 961, 
        "score_time": 3, 
        "train_score": 0.6501145912910619, 
        "done_at": 1625071440710, 
        "test_score_gib": 0.5939393939393939
    }, 
    {
        "fit_time": 20, 
        "best_iteration": null, 
        "test_score": 0.6097946287519747, 
        "time": 22, 
        "split_id": 1, 
        "parameters": {
            "splitter": "best", 
            "criterion": "gini", 
            "max_depth": 5, 
            "min_samples_leaf": 2
        }, 
        "num_samples": 961, 
        "score_time": 2, 
        "train_score": 0.6468085106382979, 
        "done_at": 1625071440716, 
        "test_score_gib": 0.6097946287519747
    }, 
    {
        "fit_time": 19, 
        "best_iteration": null, 
        "test_score": 0.585209003215434, 
        "time": 25, 
        "split_id": 2, 
        "parameters": {
            "splitter": "best", 
            "criterion": "gini", 
            "max_depth": 5, 
            "min_samples_leaf": 2
        }, 
        "num_samples": 961, 
        "score_time": 6, 
        "train_score": 0.6493083807973963, 
        "done_at": 1625071440723, 
        "test_score_gib": 0.585209003215434
    }, 
    {
        "fit_time": 20, 
        "best_iteration": null, 
        "test_score": 0.6015748031496063, 
        "time": 25, 
        "split_id": 3, 
        "parameters": {
            "splitter": "best", 
            "criterion": "gini", 
            "max_depth": 5, 
            "min_samples_leaf": 2
        }, 
        "num_samples": 961, 
        "score_time": 5, 
        "train_score": 0.650855365474339, 
        "done_at": 1625071440736, 
        "test_score_gib": 0.6015748031496063
    }, 
    {
        "fit_time": 20, 
        "best_iteration": null, 
        "test_score": 0.5872093023255813, 
        "time": 23, 
        "split_id": 4, 
        "parameters": {
            "splitter": "best", 
            "criterion": "gini", 
            "max_depth": 5, 
            "min_samples_leaf": 2
        }, 
        "num_samples": 960, 
        "score_time": 3, 
        "train_score": 0.6480654761904762, 
        "done_at": 1625071440741, 
        "test_score_gib": 0.5872093023255813
    }, 
    {
        "fit_time": 35, 
        "best_iteration": null, 
        "test_score": 0.5653495440729484, 
        "time": 38, 
        "split_id": 0, 
        "parameters": {
            "splitter": "best", 
            "criterion": "gini", 
            "max_depth": 10, 
            "min_samples_leaf": 1
        }, 
        "num_samples": 961, 
        "score_time": 3, 
        "train_score": 0.7563951200314837, 
        "done_at": 1625071440763, 
        "test_score_gib": 0.5653495440729484
    }, 
    {
        "fit_time": 36, 
        "best_iteration": null, 
        "test_score": 0.5853658536585366, 
        "time": 38, 
        "split_id": 1, 
        "parameters": {
            "splitter": "best", 
            "criterion": "gini", 
            "max_depth": 10, 
            "min_samples_leaf": 1
        }, 
        "num_samples": 961, 
        "score_time": 2, 
        "train_score": 0.7959782153330541, 
        "done_at": 1625071440769, 
        "test_score_gib": 0.5853658536585366
    }, 
    {
        "fit_time": 35, 
        "best_iteration": null, 
        "test_score": 0.542713567839196, 
        "time": 37, 
        "split_id": 2, 
        "parameters": {
            "splitter": "best", 
            "criterion": "gini", 
            "max_depth": 10, 
            "min_samples_leaf": 1
        }, 
        "num_samples": 961, 
        "score_time": 2, 
        "train_score": 0.7522859517871986, 
        "done_at": 1625071440775, 
        "test_score_gib": 0.542713567839196
    }, 
    {
        "fit_time": 34, 
        "best_iteration": null, 
        "test_score": 0.5532646048109966, 
        "time": 37, 
        "split_id": 3, 
        "parameters": {
            "splitter": "best", 
            "criterion": "gini", 
            "max_depth": 10, 
            "min_samples_leaf": 1
        }, 
        "num_samples": 961, 
        "score_time": 3, 
        "train_score": 0.7984918307498952, 
        "done_at": 1625071440780, 
        "test_score_gib": 0.5532646048109966
    }, 
    {
        "fit_time": 33, 
        "best_iteration": null, 
        "test_score": 0.5372168284789645, 
        "time": 40, 
        "split_id": 4, 
        "parameters": {
            "splitter": "best", 
            "criterion": "gini", 
            "max_depth": 10, 
            "min_samples_leaf": 1
        }, 
        "num_samples": 960, 
        "score_time": 7, 
        "train_score": 0.7978592013174145, 
        "done_at": 1625071440806, 
        "test_score_gib": 0.5372168284789645
    }, 
    {
        "fit_time": 12, 
        "best_iteration": null, 
        "test_score": 0.6094420600858369, 
        "time": 14, 
        "split_id": 0, 
        "parameters": {
            "splitter": "best", 
            "criterion": "gini", 
            "max_depth": 3, 
            "min_samples_leaf": 2
        }, 
        "num_samples": 961, 
        "score_time": 2, 
        "train_score": 0.6186685962373372, 
        "done_at": 1625071440785, 
        "test_score_gib": 0.6094420600858369
    }, 
    {
        "fit_time": 13, 
        "best_iteration": null, 
        "test_score": 0.6306027820710974, 
        "time": 15, 
        "split_id": 1, 
        "parameters": {
            "splitter": "best", 
            "criterion": "gini", 
            "max_depth": 3, 
            "min_samples_leaf": 2
        }, 
        "num_samples": 961, 
        "score_time": 2, 
        "train_score": 0.6224412433661864, 
        "done_at": 1625071440791, 
        "test_score_gib": 0.6306027820710974
    }, 
    {
        "fit_time": 14, 
        "best_iteration": null, 
        "test_score": 0.5927152317880795, 
        "time": 16, 
        "split_id": 2, 
        "parameters": {
            "splitter": "best", 
            "criterion": "gini", 
            "max_depth": 3, 
            "min_samples_leaf": 2
        }, 
        "num_samples": 961, 
        "score_time": 2, 
        "train_score": 0.6068447412353923, 
        "done_at": 1625071440798, 
        "test_score_gib": 0.5927152317880795
    }, 
    {
        "fit_time": 13, 
        "best_iteration": null, 
        "test_score": 0.6208955223880597, 
        "time": 23, 
        "split_id": 3, 
        "parameters": {
            "splitter": "best", 
            "criterion": "gini", 
            "max_depth": 3, 
            "min_samples_leaf": 2
        }, 
        "num_samples": 961, 
        "score_time": 10, 
        "train_score": 0.62181146025878, 
        "done_at": 1625071440810, 
        "test_score_gib": 0.6208955223880597
    }, 
    {
        "fit_time": 14, 
        "best_iteration": null, 
        "test_score": 0.591304347826087, 
        "time": 24, 
        "split_id": 4, 
        "parameters": {
            "splitter": "best", 
            "criterion": "gini", 
            "max_depth": 3, 
            "min_samples_leaf": 2
        }, 
        "num_samples": 960, 
        "score_time": 10, 
        "train_score": 0.6203049460766085, 
        "done_at": 1625071440818, 
        "test_score_gib": 0.591304347826087
    }, 
    {
        "fit_time": 45, 
        "best_iteration": null, 
        "test_score": 0.5359712230215828, 
        "time": 47, 
        "split_id": 0, 
        "parameters": {
            "splitter": "best", 
            "criterion": "gini", 
            "max_depth": 15, 
            "min_samples_leaf": 1
        }, 
        "num_samples": 961, 
        "score_time": 2, 
        "train_score": 0.908103214124038, 
        "done_at": 1625071440848, 
        "test_score_gib": 0.5359712230215828
    }, 
    {
        "fit_time": 46, 
        "best_iteration": null, 
        "test_score": 0.5343228200371057, 
        "time": 48, 
        "split_id": 1, 
        "parameters": {
            "splitter": "best", 
            "criterion": "gini", 
            "max_depth": 15, 
            "min_samples_leaf": 1
        }, 
        "num_samples": 961, 
        "score_time": 2, 
        "train_score": 0.9350529709811146, 
        "done_at": 1625071440856, 
        "test_score_gib": 0.5343228200371057
    }, 
    {
        "fit_time": 46, 
        "best_iteration": null, 
        "test_score": 0.5165794066317627, 
        "time": 49, 
        "split_id": 2, 
        "parameters": {
            "splitter": "best", 
            "criterion": "gini", 
            "max_depth": 15, 
            "min_samples_leaf": 1
        }, 
        "num_samples": 961, 
        "score_time": 3, 
        "train_score": 0.8818061088977424, 
        "done_at": 1625071440862, 
        "test_score_gib": 0.5165794066317627
    }, 
    {
        "fit_time": 39, 
        "best_iteration": null, 
        "test_score": 0.5123339658444022, 
        "time": 42, 
        "split_id": 3, 
        "parameters": {
            "splitter": "best", 
            "criterion": "gini", 
            "max_depth": 15, 
            "min_samples_leaf": 1
        }, 
        "num_samples": 961, 
        "score_time": 3, 
        "train_score": 0.9103139013452914, 
        "done_at": 1625071440864, 
        "test_score_gib": 0.5123339658444022
    }, 
    {
        "fit_time": 39, 
        "best_iteration": null, 
        "test_score": 0.5118829981718466, 
        "time": 42, 
        "split_id": 4, 
        "parameters": {
            "splitter": "best", 
            "criterion": "gini", 
            "max_depth": 15, 
            "min_samples_leaf": 1
        }, 
        "num_samples": 960, 
        "score_time": 3, 
        "train_score": 0.9353049907578558, 
        "done_at": 1625071440893, 
        "test_score_gib": 0.5118829981718466
    }
]