{
    "usedGridSearch": true, 
    "probaAware": true, 
    "gridSize": 8, 
    "rawImportance": {
        "variables": [
            "principal_component:2", 
            "principal_component:3", 
            "principal_component:4"
        ], 
        "importances": [
            0.8681601672457094, 
            0.04421658240321101, 
            0.0876232503510796
        ]
    }, 
    "modelInputNRows": 4804, 
    "modelInputNCols": 10, 
    "modelInputMemory": 384320, 
    "gridCells": [
        {
            "scoreTimeStd": 0.005418486873657626, 
            "scoreTime": 0.0088, 
            "fitTime": 0.023600000000000003, 
            "score": 0.5957356738643125, 
            "params": {
                "splitter": "best", 
                "criterion": "gini", 
                "max_depth": 5, 
                "min_samples_leaf": 1
            }, 
            "fitTimeStd": 0.0020591260281974, 
            "scoreStd": 0.008939146298826967
        }, 
        {
            "scoreTimeStd": 0.001469693845669907, 
            "scoreTime": 0.004200000000000001, 
            "fitTime": 0.0344, 
            "score": 0.557967761178507, 
            "params": {
                "splitter": "best", 
                "criterion": "gini", 
                "max_depth": 10, 
                "min_samples_leaf": 2
            }, 
            "fitTimeStd": 0.00265329983228432, 
            "scoreStd": 0.022521396294546813
        }, 
        {
            "scoreTimeStd": 0.002097617696340303, 
            "scoreTime": 0.005, 
            "fitTime": 0.0144, 
            "score": 0.6089956706888275, 
            "params": {
                "splitter": "best", 
                "criterion": "gini", 
                "max_depth": 3, 
                "min_samples_leaf": 1
            }, 
            "fitTimeStd": 0.001624807680927192, 
            "scoreStd": 0.015405387787275597
        }, 
        {
            "scoreTimeStd": 0.001469693845669907, 
            "scoreTime": 0.0052, 
            "fitTime": 0.0394, 
            "score": 0.520430532925582, 
            "params": {
                "splitter": "best", 
                "criterion": "gini", 
                "max_depth": 15, 
                "min_samples_leaf": 2
            }, 
            "fitTimeStd": 0.0013564659966250536, 
            "scoreStd": 0.017920867635214523
        }, 
        {
            "scoreTimeStd": 0.001469693845669907, 
            "scoreTime": 0.0038, 
            "fitTime": 0.0202, 
            "score": 0.5955471615228491, 
            "params": {
                "splitter": "best", 
                "criterion": "gini", 
                "max_depth": 5, 
                "min_samples_leaf": 2
            }, 
            "fitTimeStd": 0.0009797958971132714, 
            "scoreStd": 0.0091468009039927
        }, 
        {
            "scoreTimeStd": 0.0018547236990991407, 
            "scoreTime": 0.0034, 
            "fitTime": 0.0346, 
            "score": 0.5567861524722311, 
            "params": {
                "splitter": "best", 
                "criterion": "gini", 
                "max_depth": 10, 
                "min_samples_leaf": 1
            }, 
            "fitTimeStd": 0.0010198039027185567, 
            "scoreStd": 0.017224625403887004
        }, 
        {
            "scoreTimeStd": 0.003919183588453085, 
            "scoreTime": 0.0052, 
            "fitTime": 0.0132, 
            "score": 0.6089956706888275, 
            "params": {
                "splitter": "best", 
                "criterion": "gini", 
                "max_depth": 3, 
                "min_samples_leaf": 2
            }, 
            "fitTimeStd": 0.0007483314773547883, 
            "scoreStd": 0.015405387787275597
        }, 
        {
            "scoreTimeStd": 0.0004898979485566356, 
            "scoreTime": 0.0026, 
            "fitTime": 0.043, 
            "score": 0.5222202340911671, 
            "params": {
                "splitter": "best", 
                "criterion": "gini", 
                "max_depth": 15, 
                "min_samples_leaf": 1
            }, 
            "fitTimeStd": 0.003286335345030997, 
            "scoreStd": 0.010695660882110773
        }
    ], 
    "gridBestScore": 0.6089956706888275, 
    "modelInputIsSparse": false
}