{
  "state": "DONE",
  "preSearchDescription": {
    "gridLength": 8,
    "searchStrategy": "GRID",
    "importantParams": [
      {
        "name": "max_depth",
        "vals": [
          "5",
          "10",
          "3",
          "15"
        ]
      },
      {
        "name": "min_samples",
        "vals": [
          "1",
          "2"
        ]
      },
      {
        "name": "criterion",
        "vals": [
          "gini"
        ]
      }
    ]
  },
  "postSearchDescription": {
    "importantParams": [
      {
        "name": "criterion",
        "val": "gini"
      },
      {
        "name": "max_depth",
        "val": "3"
      },
      {
        "name": "min_samples",
        "val": "1"
      }
    ]
  },
  "resumed": false,
  "timeOrderingEnabled": false,
  "sampleWeightsEnabled": false,
  "modelId": "m1",
  "progress": {
    "top_level_todo": [],
    "stack": [],
    "top_level_done": [
      {
        "name": "Loading train set",
        "time": 27
      },
      {
        "name": "Loading test set",
        "time": 13
      },
      {
        "name": "Collecting statistics",
        "time": 42
      },
      {
        "name": "Preprocessing train set",
        "time": 228
      },
      {
        "name": "Preprocessing test set",
        "time": 82
      },
      {
        "name": "Hyperparameter searching",
        "time": 1019
      },
      {
        "name": "Fitting model",
        "time": 19
      },
      {
        "name": "Saving model",
        "time": 2
      },
      {
        "name": "Scoring model",
        "time": 453
      }
    ]
  },
  "startTime": 1625071440101,
  "endTime": 1625071442047,
  "preprocessingTime": 395,
  "trainingTime": 1551,
  "hyperparamsSearchTime": 1019
}