{
    "featureNames": [
        "principal_component:0", 
        "principal_component:1", 
        "principal_component:2", 
        "principal_component:3", 
        "principal_component:4", 
        "principal_component:5", 
        "principal_component:6", 
        "principal_component:7", 
        "principal_component:8", 
        "principal_component:9"
    ], 
    "tree": {
        "rightChild": [
            8, 
            5, 
            4, 
            -1, 
            -1, 
            7, 
            -1, 
            -1, 
            12, 
            11, 
            -1, 
            -1, 
            14, 
            -1, 
            -1
        ], 
        "impurity": [
            0.5000000000000193, 
            0.4135491038070338, 
            0.3336742124947727, 
            0.24605183048656498, 
            0.40464298315250036, 
            0.4988292200811715, 
            0.4564165599131681, 
            0.4573233632936389, 
            0.3447092683467071, 
            0.49164049138479016, 
            0.4999333439841879, 
            0.38532722115364404, 
            0.2439334818582335, 
            0.34344737276214976, 
            0.11205055865548119
        ], 
        "targetClassesProportions": [
            [
                0.7348043297252179, 
                0.265195670274782
            ], 
            [
                0.5334236675700105, 
                0.46657633242998964
            ], 
            [
                0.4265232974910341, 
                0.5734767025089659
            ], 
            [
                0.31733746130030727, 
                0.6826625386996927
            ], 
            [
                0.5206942590120137, 
                0.4793057409879863
            ], 
            [
                0.7155067155067149, 
                0.28449328449328515
            ], 
            [
                0.835858585858585, 
                0.16414141414141514
            ], 
            [
                0.6028368794326237, 
                0.39716312056737635
            ], 
            [
                0.9069498069498063, 
                0.09305019305019371
            ], 
            [
                0.7823129251700672, 
                0.21768707482993274
            ], 
            [
                0.7302798982188288, 
                0.26972010178117134
            ], 
            [
                0.8871794871794868, 
                0.11282051282051328
            ], 
            [
                0.9435564435564441, 
                0.056443556443555934
            ], 
            [
                0.9075025693730734, 
                0.09249743062692659
            ], 
            [
                0.9776482021379982, 
                0.022351797862001685
            ]
        ], 
        "probas": [
            [
                0.4999999999999858, 
                0.5000000000000142
            ], 
            [
                0.29209269349907824, 
                0.7079073065009217
            ], 
            [
                0.21162022651959558, 
                0.7883797734804043
            ], 
            [
                0.14366576819406873, 
                0.8563342318059312
            ], 
            [
                0.2816459104487746, 
                0.7183540895512254
            ], 
            [
                0.4758051666800497, 
                0.5241948333199503
            ], 
            [
                0.6476201884682942, 
                0.3523798115317059
            ], 
            [
                0.3539235872797982, 
                0.6460764127202018
            ], 
            [
                0.7786491805599051, 
                0.22135081944009485
            ], 
            [
                0.5646510193856696, 
                0.43534898061433036
            ], 
            [
                0.4942269585222301, 
                0.5057730414777698
            ], 
            [
                0.7394501815058604, 
                0.2605498184941397
            ], 
            [
                0.8578173543455738, 
                0.14218264565442612
            ], 
            [
                0.7797790442812571, 
                0.22022095571874295
            ], 
            [
                0.9404256130974139, 
                0.05957438690258616
            ]
        ], 
        "feature": [
            2, 
            2, 
            2, 
            -2, 
            -2, 
            3, 
            -2, 
            -2, 
            4, 
            2, 
            -2, 
            -2, 
            2, 
            -2, 
            -2
        ], 
        "leftChild": [
            1, 
            2, 
            3, 
            -1, 
            -1, 
            6, 
            -1, 
            -1, 
            9, 
            10, 
            -1, 
            -1, 
            13, 
            -1, 
            -1
        ], 
        "threshold": [
            -0.02069463860243559, 
            -0.9205096065998077, 
            -1.5213293433189392, 
            -2.0, 
            -2.0, 
            -0.5552812218666077, 
            -2.0, 
            -2.0, 
            -0.6279311776161194, 
            1.1079636812210083, 
            -2.0, 
            -2.0, 
            1.4520201086997986, 
            -2.0, 
            -2.0
        ], 
        "nSamples": [
            4804, 
            2214, 
            1395, 
            646, 
            749, 
            819, 
            396, 
            423, 
            2590, 
            588, 
            393, 
            195, 
            2002, 
            973, 
            1029
        ]
    }
}