{
    "details": {
        "OnlineSecurity": {
            "levels": [
                "No", 
                "Yes"
            ], 
            "with_others": false
        }, 
        "DeviceProtection": {
            "levels": [
                "No", 
                "Yes"
            ], 
            "with_others": false
        }, 
        "OnlineBackup": {
            "levels": [
                "No", 
                "Yes"
            ], 
            "with_others": false
        }, 
        "MultipleLines": {
            "levels": [
                "No", 
                "Yes"
            ], 
            "with_others": false
        }, 
        "gender": {
            "levels": [
                "Male"
            ], 
            "with_others": false
        }, 
        "PaperlessBilling": {
            "levels": [
                "Yes"
            ], 
            "with_others": false
        }, 
        "StreamingMovies": {
            "levels": [
                "No", 
                "Yes"
            ], 
            "with_others": false
        }, 
        "PhoneService": {
            "levels": [
                "Yes"
            ], 
            "with_others": false
        }, 
        "Contract": {
            "levels": [
                "Month-to-month", 
                "Two year"
            ], 
            "with_others": false
        }, 
        "TechSupport": {
            "levels": [
                "No", 
                "Yes"
            ], 
            "with_others": false
        }, 
        "StreamingTV": {
            "levels": [
                "No", 
                "Yes"
            ], 
            "with_others": false
        }, 
        "Partner": {
            "levels": [
                "No"
            ], 
            "with_others": false
        }, 
        "Dependents": {
            "levels": [
                "No"
            ], 
            "with_others": false
        }, 
        "InternetService": {
            "levels": [
                "Fiber optic", 
                "DSL"
            ], 
            "with_others": false
        }, 
        "PaymentMethod": {
            "levels": [
                "Electronic check", 
                "Mailed check", 
                "Bank transfer (automatic)"
            ], 
            "with_others": false
        }
    }
}