[
    {
        "fit_time": 11, 
        "best_iteration": null, 
        "test_score": 0.6199376947040498, 
        "time": 28, 
        "split_id": 0, 
        "parameters": {
            "penalty": "l1", 
            "C": 100.0
        }, 
        "num_samples": 961, 
        "score_time": 17, 
        "train_score": 0.6277602523659306, 
        "done_at": 1625071392269, 
        "test_score_gib": 0.6199376947040498
    }, 
    {
        "fit_time": 13, 
        "best_iteration": null, 
        "test_score": 0.6451612903225806, 
        "time": 30, 
        "split_id": 1, 
        "parameters": {
            "penalty": "l1", 
            "C": 100.0
        }, 
        "num_samples": 961, 
        "score_time": 17, 
        "train_score": 0.6215045293422607, 
        "done_at": 1625071392282, 
        "test_score_gib": 0.6451612903225806
    }, 
    {
        "fit_time": 11, 
        "best_iteration": null, 
        "test_score": 0.6163522012578617, 
        "time": 27, 
        "split_id": 2, 
        "parameters": {
            "penalty": "l1", 
            "C": 100.0
        }, 
        "num_samples": 961, 
        "score_time": 16, 
        "train_score": 0.6294695481335953, 
        "done_at": 1625071392280, 
        "test_score_gib": 0.6163522012578617
    }, 
    {
        "fit_time": 11, 
        "best_iteration": null, 
        "test_score": 0.6339144215530904, 
        "time": 34, 
        "split_id": 3, 
        "parameters": {
            "penalty": "l1", 
            "C": 100.0
        }, 
        "num_samples": 961, 
        "score_time": 23, 
        "train_score": 0.6236728273692489, 
        "done_at": 1625071392292, 
        "test_score_gib": 0.6339144215530904
    }, 
    {
        "fit_time": 8, 
        "best_iteration": null, 
        "test_score": 0.6099071207430341, 
        "time": 31, 
        "split_id": 4, 
        "parameters": {
            "penalty": "l1", 
            "C": 100.0
        }, 
        "num_samples": 960, 
        "score_time": 23, 
        "train_score": 0.6344554455445545, 
        "done_at": 1625071392309, 
        "test_score_gib": 0.6099071207430341
    }, 
    {
        "fit_time": 9, 
        "best_iteration": null, 
        "test_score": 0.6189735614307932, 
        "time": 28, 
        "split_id": 0, 
        "parameters": {
            "penalty": "l2", 
            "C": 1.0
        }, 
        "num_samples": 961, 
        "score_time": 19, 
        "train_score": 0.6275128104059913, 
        "done_at": 1625071392317, 
        "test_score_gib": 0.6189735614307932
    }, 
    {
        "fit_time": 12, 
        "best_iteration": null, 
        "test_score": 0.6451612903225806, 
        "time": 32, 
        "split_id": 1, 
        "parameters": {
            "penalty": "l2", 
            "C": 1.0
        }, 
        "num_samples": 961, 
        "score_time": 20, 
        "train_score": 0.6215045293422607, 
        "done_at": 1625071392324, 
        "test_score_gib": 0.6451612903225806
    }, 
    {
        "fit_time": 8, 
        "best_iteration": null, 
        "test_score": 0.6163522012578617, 
        "time": 33, 
        "split_id": 2, 
        "parameters": {
            "penalty": "l2", 
            "C": 1.0
        }, 
        "num_samples": 961, 
        "score_time": 25, 
        "train_score": 0.6294695481335953, 
        "done_at": 1625071392335, 
        "test_score_gib": 0.6163522012578617
    }, 
    {
        "fit_time": 11, 
        "best_iteration": null, 
        "test_score": 0.6339144215530904, 
        "time": 30, 
        "split_id": 3, 
        "parameters": {
            "penalty": "l2", 
            "C": 1.0
        }, 
        "num_samples": 961, 
        "score_time": 19, 
        "train_score": 0.6231827111984283, 
        "done_at": 1625071392345, 
        "test_score_gib": 0.6339144215530904
    }, 
    {
        "fit_time": 11, 
        "best_iteration": null, 
        "test_score": 0.6099071207430341, 
        "time": 27, 
        "split_id": 4, 
        "parameters": {
            "penalty": "l2", 
            "C": 1.0
        }, 
        "num_samples": 960, 
        "score_time": 16, 
        "train_score": 0.6344554455445545, 
        "done_at": 1625071392350, 
        "test_score_gib": 0.6099071207430341
    }, 
    {
        "fit_time": 6, 
        "best_iteration": null, 
        "test_score": 0.6130500758725342, 
        "time": 24, 
        "split_id": 0, 
        "parameters": {
            "penalty": "l2", 
            "C": 0.01
        }, 
        "num_samples": 961, 
        "score_time": 18, 
        "train_score": 0.627420604182804, 
        "done_at": 1625071392353, 
        "test_score_gib": 0.6130500758725342
    }, 
    {
        "fit_time": 8, 
        "best_iteration": null, 
        "test_score": 0.6415094339622641, 
        "time": 28, 
        "split_id": 1, 
        "parameters": {
            "penalty": "l2", 
            "C": 0.01
        }, 
        "num_samples": 961, 
        "score_time": 20, 
        "train_score": 0.6187161639597835, 
        "done_at": 1625071392368, 
        "test_score_gib": 0.6415094339622641
    }, 
    {
        "fit_time": 10, 
        "best_iteration": null, 
        "test_score": 0.6191950464396285, 
        "time": 25, 
        "split_id": 2, 
        "parameters": {
            "penalty": "l2", 
            "C": 0.01
        }, 
        "num_samples": 961, 
        "score_time": 15, 
        "train_score": 0.6231772831926324, 
        "done_at": 1625071392374, 
        "test_score_gib": 0.6191950464396285
    }, 
    {
        "fit_time": 10, 
        "best_iteration": null, 
        "test_score": 0.6325581395348837, 
        "time": 25, 
        "split_id": 3, 
        "parameters": {
            "penalty": "l2", 
            "C": 0.01
        }, 
        "num_samples": 961, 
        "score_time": 15, 
        "train_score": 0.6192500966370313, 
        "done_at": 1625071392383, 
        "test_score_gib": 0.6325581395348837
    }, 
    {
        "fit_time": 8, 
        "best_iteration": null, 
        "test_score": 0.6009104704097117, 
        "time": 24, 
        "split_id": 4, 
        "parameters": {
            "penalty": "l2", 
            "C": 0.01
        }, 
        "num_samples": 960, 
        "score_time": 16, 
        "train_score": 0.6309246309246309, 
        "done_at": 1625071392385, 
        "test_score_gib": 0.6009104704097117
    }, 
    {
        "fit_time": 8, 
        "best_iteration": null, 
        "test_score": 0.6199376947040498, 
        "time": 32, 
        "split_id": 0, 
        "parameters": {
            "penalty": "l1", 
            "C": 1.0
        }, 
        "num_samples": 961, 
        "score_time": 24, 
        "train_score": 0.6278062229224104, 
        "done_at": 1625071392406, 
        "test_score_gib": 0.6199376947040498
    }, 
    {
        "fit_time": 8, 
        "best_iteration": null, 
        "test_score": 0.6451612903225806, 
        "time": 27, 
        "split_id": 1, 
        "parameters": {
            "penalty": "l1", 
            "C": 1.0
        }, 
        "num_samples": 961, 
        "score_time": 19, 
        "train_score": 0.6220472440944883, 
        "done_at": 1625071392407, 
        "test_score_gib": 0.6451612903225806
    }, 
    {
        "fit_time": 10, 
        "best_iteration": null, 
        "test_score": 0.6163522012578617, 
        "time": 27, 
        "split_id": 2, 
        "parameters": {
            "penalty": "l1", 
            "C": 1.0
        }, 
        "num_samples": 961, 
        "score_time": 17, 
        "train_score": 0.6294695481335953, 
        "done_at": 1625071392415, 
        "test_score_gib": 0.6163522012578617
    }, 
    {
        "fit_time": 9, 
        "best_iteration": null, 
        "test_score": 0.6339144215530904, 
        "time": 28, 
        "split_id": 3, 
        "parameters": {
            "penalty": "l1", 
            "C": 1.0
        }, 
        "num_samples": 961, 
        "score_time": 19, 
        "train_score": 0.6237234878240377, 
        "done_at": 1625071392421, 
        "test_score_gib": 0.6339144215530904
    }, 
    {
        "fit_time": 10, 
        "best_iteration": null, 
        "test_score": 0.6099071207430341, 
        "time": 27, 
        "split_id": 4, 
        "parameters": {
            "penalty": "l1", 
            "C": 1.0
        }, 
        "num_samples": 960, 
        "score_time": 17, 
        "train_score": 0.6355362089434112, 
        "done_at": 1625071392438, 
        "test_score_gib": 0.6099071207430341
    }, 
    {
        "fit_time": 12, 
        "best_iteration": null, 
        "test_score": 0.6211180124223602, 
        "time": 25, 
        "split_id": 0, 
        "parameters": {
            "penalty": "l2", 
            "C": 0.1
        }, 
        "num_samples": 961, 
        "score_time": 13, 
        "train_score": 0.6287284144427001, 
        "done_at": 1625071392441, 
        "test_score_gib": 0.6211180124223602
    }, 
    {
        "fit_time": 12, 
        "best_iteration": null, 
        "test_score": 0.6451612903225806, 
        "time": 31, 
        "split_id": 1, 
        "parameters": {
            "penalty": "l2", 
            "C": 0.1
        }, 
        "num_samples": 961, 
        "score_time": 19, 
        "train_score": 0.6228863546991741, 
        "done_at": 1625071392451, 
        "test_score_gib": 0.6451612903225806
    }, 
    {
        "fit_time": 9, 
        "best_iteration": null, 
        "test_score": 0.6185243328100472, 
        "time": 34, 
        "split_id": 2, 
        "parameters": {
            "penalty": "l2", 
            "C": 0.1
        }, 
        "num_samples": 961, 
        "score_time": 25, 
        "train_score": 0.6279890239121914, 
        "done_at": 1625071392462, 
        "test_score_gib": 0.6185243328100472
    }, 
    {
        "fit_time": 8, 
        "best_iteration": null, 
        "test_score": 0.6339144215530904, 
        "time": 28, 
        "split_id": 3, 
        "parameters": {
            "penalty": "l2", 
            "C": 0.1
        }, 
        "num_samples": 961, 
        "score_time": 20, 
        "train_score": 0.6232849862798903, 
        "done_at": 1625071392471, 
        "test_score_gib": 0.6339144215530904
    }, 
    {
        "fit_time": 8, 
        "best_iteration": null, 
        "test_score": 0.611111111111111, 
        "time": 23, 
        "split_id": 4, 
        "parameters": {
            "penalty": "l2", 
            "C": 0.1
        }, 
        "num_samples": 960, 
        "score_time": 15, 
        "train_score": 0.6342427837089759, 
        "done_at": 1625071392472, 
        "test_score_gib": 0.611111111111111
    }, 
    {
        "fit_time": 9, 
        "best_iteration": null, 
        "test_score": 0.6199376947040498, 
        "time": 28, 
        "split_id": 0, 
        "parameters": {
            "penalty": "l1", 
            "C": 10.0
        }, 
        "num_samples": 961, 
        "score_time": 19, 
        "train_score": 0.6277602523659306, 
        "done_at": 1625071392488, 
        "test_score_gib": 0.6199376947040498
    }, 
    {
        "fit_time": 9, 
        "best_iteration": null, 
        "test_score": 0.6451612903225806, 
        "time": 28, 
        "split_id": 1, 
        "parameters": {
            "penalty": "l1", 
            "C": 10.0
        }, 
        "num_samples": 961, 
        "score_time": 19, 
        "train_score": 0.6215045293422607, 
        "done_at": 1625071392496, 
        "test_score_gib": 0.6451612903225806
    }, 
    {
        "fit_time": 10, 
        "best_iteration": null, 
        "test_score": 0.6163522012578617, 
        "time": 30, 
        "split_id": 2, 
        "parameters": {
            "penalty": "l1", 
            "C": 10.0
        }, 
        "num_samples": 961, 
        "score_time": 20, 
        "train_score": 0.6294695481335953, 
        "done_at": 1625071392511, 
        "test_score_gib": 0.6163522012578617
    }, 
    {
        "fit_time": 8, 
        "best_iteration": null, 
        "test_score": 0.6339144215530904, 
        "time": 28, 
        "split_id": 3, 
        "parameters": {
            "penalty": "l1", 
            "C": 10.0
        }, 
        "num_samples": 961, 
        "score_time": 20, 
        "train_score": 0.6236728273692489, 
        "done_at": 1625071392507, 
        "test_score_gib": 0.6339144215530904
    }, 
    {
        "fit_time": 9, 
        "best_iteration": null, 
        "test_score": 0.6099071207430341, 
        "time": 27, 
        "split_id": 4, 
        "parameters": {
            "penalty": "l1", 
            "C": 10.0
        }, 
        "num_samples": 960, 
        "score_time": 18, 
        "train_score": 0.6344554455445545, 
        "done_at": 1625071392522, 
        "test_score_gib": 0.6099071207430341
    }, 
    {
        "fit_time": 6, 
        "best_iteration": null, 
        "test_score": 0.6074498567335243, 
        "time": 27, 
        "split_id": 0, 
        "parameters": {
            "penalty": "l1", 
            "C": 0.01
        }, 
        "num_samples": 961, 
        "score_time": 21, 
        "train_score": 0.6114976199194434, 
        "done_at": 1625071392529, 
        "test_score_gib": 0.6074498567335243
    }, 
    {
        "fit_time": 8, 
        "best_iteration": null, 
        "test_score": 0.6331360946745562, 
        "time": 33, 
        "split_id": 1, 
        "parameters": {
            "penalty": "l1", 
            "C": 0.01
        }, 
        "num_samples": 961, 
        "score_time": 25, 
        "train_score": 0.6050420168067226, 
        "done_at": 1625071392546, 
        "test_score_gib": 0.6331360946745562
    }, 
    {
        "fit_time": 8, 
        "best_iteration": null, 
        "test_score": 0.5994152046783626, 
        "time": 30, 
        "split_id": 2, 
        "parameters": {
            "penalty": "l1", 
            "C": 0.01
        }, 
        "num_samples": 961, 
        "score_time": 22, 
        "train_score": 0.6119186046511628, 
        "done_at": 1625071392546, 
        "test_score_gib": 0.5994152046783626
    }, 
    {
        "fit_time": 9, 
        "best_iteration": null, 
        "test_score": 0.6185567010309279, 
        "time": 26, 
        "split_id": 3, 
        "parameters": {
            "penalty": "l1", 
            "C": 0.01
        }, 
        "num_samples": 961, 
        "score_time": 17, 
        "train_score": 0.6099706744868034, 
        "done_at": 1625071392555, 
        "test_score_gib": 0.6185567010309279
    }, 
    {
        "fit_time": 7, 
        "best_iteration": null, 
        "test_score": 0.5962373371924747, 
        "time": 25, 
        "split_id": 4, 
        "parameters": {
            "penalty": "l1", 
            "C": 0.01
        }, 
        "num_samples": 960, 
        "score_time": 18, 
        "train_score": 0.6123945727906125, 
        "done_at": 1625071392563, 
        "test_score_gib": 0.5962373371924747
    }, 
    {
        "fit_time": 9, 
        "best_iteration": null, 
        "test_score": 0.613251155624037, 
        "time": 35, 
        "split_id": 0, 
        "parameters": {
            "penalty": "l1", 
            "C": 0.1
        }, 
        "num_samples": 961, 
        "score_time": 26, 
        "train_score": 0.6286836935166995, 
        "done_at": 1625071392587, 
        "test_score_gib": 0.613251155624037
    }, 
    {
        "fit_time": 9, 
        "best_iteration": null, 
        "test_score": 0.6452648475120386, 
        "time": 26, 
        "split_id": 1, 
        "parameters": {
            "penalty": "l1", 
            "C": 0.1
        }, 
        "num_samples": 961, 
        "score_time": 17, 
        "train_score": 0.6217697729052466, 
        "done_at": 1625071392579, 
        "test_score_gib": 0.6452648475120386
    }, 
    {
        "fit_time": 10, 
        "best_iteration": null, 
        "test_score": 0.6132075471698113, 
        "time": 32, 
        "split_id": 2, 
        "parameters": {
            "penalty": "l1", 
            "C": 0.1
        }, 
        "num_samples": 961, 
        "score_time": 22, 
        "train_score": 0.6270987895353378, 
        "done_at": 1625071392592, 
        "test_score_gib": 0.6132075471698113
    }, 
    {
        "fit_time": 10, 
        "best_iteration": null, 
        "test_score": 0.6307448494453249, 
        "time": 32, 
        "split_id": 3, 
        "parameters": {
            "penalty": "l1", 
            "C": 0.1
        }, 
        "num_samples": 961, 
        "score_time": 22, 
        "train_score": 0.6221701795472288, 
        "done_at": 1625071392600, 
        "test_score_gib": 0.6307448494453249
    }, 
    {
        "fit_time": 9, 
        "best_iteration": null, 
        "test_score": 0.6030769230769231, 
        "time": 26, 
        "split_id": 4, 
        "parameters": {
            "penalty": "l1", 
            "C": 0.1
        }, 
        "num_samples": 960, 
        "score_time": 17, 
        "train_score": 0.6336088154269972, 
        "done_at": 1625071392612, 
        "test_score_gib": 0.6030769230769231
    }, 
    {
        "fit_time": 10, 
        "best_iteration": null, 
        "test_score": 0.6199376947040498, 
        "time": 30, 
        "split_id": 0, 
        "parameters": {
            "penalty": "l2", 
            "C": 10.0
        }, 
        "num_samples": 961, 
        "score_time": 20, 
        "train_score": 0.6277602523659306, 
        "done_at": 1625071392622, 
        "test_score_gib": 0.6199376947040498
    }, 
    {
        "fit_time": 11, 
        "best_iteration": null, 
        "test_score": 0.6451612903225806, 
        "time": 30, 
        "split_id": 1, 
        "parameters": {
            "penalty": "l2", 
            "C": 10.0
        }, 
        "num_samples": 961, 
        "score_time": 19, 
        "train_score": 0.6215045293422607, 
        "done_at": 1625071392629, 
        "test_score_gib": 0.6451612903225806
    }, 
    {
        "fit_time": 9, 
        "best_iteration": null, 
        "test_score": 0.6163522012578617, 
        "time": 29, 
        "split_id": 2, 
        "parameters": {
            "penalty": "l2", 
            "C": 10.0
        }, 
        "num_samples": 961, 
        "score_time": 20, 
        "train_score": 0.6294695481335953, 
        "done_at": 1625071392634, 
        "test_score_gib": 0.6163522012578617
    }, 
    {
        "fit_time": 10, 
        "best_iteration": null, 
        "test_score": 0.6339144215530904, 
        "time": 24, 
        "split_id": 3, 
        "parameters": {
            "penalty": "l2", 
            "C": 10.0
        }, 
        "num_samples": 961, 
        "score_time": 14, 
        "train_score": 0.6234276729559748, 
        "done_at": 1625071392642, 
        "test_score_gib": 0.6339144215530904
    }, 
    {
        "fit_time": 8, 
        "best_iteration": null, 
        "test_score": 0.6099071207430341, 
        "time": 25, 
        "split_id": 4, 
        "parameters": {
            "penalty": "l2", 
            "C": 10.0
        }, 
        "num_samples": 960, 
        "score_time": 17, 
        "train_score": 0.6344554455445545, 
        "done_at": 1625071392654, 
        "test_score_gib": 0.6099071207430341
    }, 
    {
        "fit_time": 9, 
        "best_iteration": null, 
        "test_score": 0.6199376947040498, 
        "time": 27, 
        "split_id": 0, 
        "parameters": {
            "penalty": "l2", 
            "C": 100.0
        }, 
        "num_samples": 961, 
        "score_time": 18, 
        "train_score": 0.6277602523659306, 
        "done_at": 1625071392667, 
        "test_score_gib": 0.6199376947040498
    }, 
    {
        "fit_time": 9, 
        "best_iteration": null, 
        "test_score": 0.6451612903225806, 
        "time": 28, 
        "split_id": 1, 
        "parameters": {
            "penalty": "l2", 
            "C": 100.0
        }, 
        "num_samples": 961, 
        "score_time": 19, 
        "train_score": 0.6215045293422607, 
        "done_at": 1625071392678, 
        "test_score_gib": 0.6451612903225806
    }, 
    {
        "fit_time": 6, 
        "best_iteration": null, 
        "test_score": 0.6163522012578617, 
        "time": 23, 
        "split_id": 2, 
        "parameters": {
            "penalty": "l2", 
            "C": 100.0
        }, 
        "num_samples": 961, 
        "score_time": 17, 
        "train_score": 0.6294695481335953, 
        "done_at": 1625071392673, 
        "test_score_gib": 0.6163522012578617
    }, 
    {
        "fit_time": 7, 
        "best_iteration": null, 
        "test_score": 0.6339144215530904, 
        "time": 20, 
        "split_id": 3, 
        "parameters": {
            "penalty": "l2", 
            "C": 100.0
        }, 
        "num_samples": 961, 
        "score_time": 13, 
        "train_score": 0.6236728273692489, 
        "done_at": 1625071392679, 
        "test_score_gib": 0.6339144215530904
    }, 
    {
        "fit_time": 7, 
        "best_iteration": null, 
        "test_score": 0.6099071207430341, 
        "time": 9, 
        "split_id": 4, 
        "parameters": {
            "penalty": "l2", 
            "C": 100.0
        }, 
        "num_samples": 960, 
        "score_time": 2, 
        "train_score": 0.6344554455445545, 
        "done_at": 1625071392682, 
        "test_score_gib": 0.6099071207430341
    }
]