{
    "gridSize": 10, 
    "nThreads": 4, 
    "metric": "F1", 
    "gridPoints": [
        {
            "scoreTimeMean": 19.2, 
            "best_iteration": null, 
            "time": 150, 
            "trainScoreMean": 0.627371046170395, 
            "finishedAt": 1625071392309, 
            "fitTimeStd": 1.6, 
            "testScoreStd": 0.012759832602761844, 
            "scoreTimeStd": 3.1240998703626617, 
            "parameters": {
                "penalty": "l1", 
                "C": 100.0
            }, 
            "testScoreMean": 0.6250576988020877, 
            "score": 0.6250576988020877, 
            "trainScoreStd": 0.004534444145514764, 
            "testScoreGibMean": 0.6250576988020877, 
            "fitTimeMean": 10.8
        }, 
        {
            "scoreTimeMean": 19.8, 
            "best_iteration": null, 
            "time": 150, 
            "trainScoreMean": 0.6272235038382425, 
            "finishedAt": 1625071392350, 
            "fitTimeStd": 1.4696938456699067, 
            "testScoreStd": 0.01284278152460504, 
            "scoreTimeStd": 2.9257477676655586, 
            "parameters": {
                "penalty": "l2", 
                "C": 1.0
            }, 
            "testScoreMean": 0.6248648320086657, 
            "score": 0.6248648320086657, 
            "trainScoreStd": 0.00461371423636735, 
            "testScoreGibMean": 0.6248648320086657, 
            "fitTimeMean": 10.2
        }, 
        {
            "scoreTimeMean": 16.8, 
            "best_iteration": null, 
            "time": 126, 
            "trainScoreMean": 0.6238962930659824, 
            "finishedAt": 1625071392385, 
            "fitTimeStd": 1.4966629547095764, 
            "testScoreStd": 0.014304274805411184, 
            "scoreTimeStd": 1.9390719429665315, 
            "parameters": {
                "penalty": "l2", 
                "C": 0.01
            }, 
            "testScoreMean": 0.6214489076324045, 
            "score": 0.6214489076324045, 
            "trainScoreStd": 0.004705906883521734, 
            "testScoreGibMean": 0.6214489076324045, 
            "fitTimeMean": 8.4
        }, 
        {
            "scoreTimeMean": 19.2, 
            "best_iteration": null, 
            "time": 141, 
            "trainScoreMean": 0.6277149146428392, 
            "finishedAt": 1625071392438, 
            "fitTimeStd": 0.8944271909999159, 
            "testScoreStd": 0.012759832602761844, 
            "scoreTimeStd": 2.5612496949731396, 
            "parameters": {
                "penalty": "l1", 
                "C": 1.0
            }, 
            "testScoreMean": 0.6250576988020877, 
            "score": 0.6250576988020877, 
            "trainScoreStd": 0.004738637117909838, 
            "testScoreGibMean": 0.6250576988020877, 
            "fitTimeMean": 9.0
        }, 
        {
            "scoreTimeMean": 18.4, 
            "best_iteration": null, 
            "time": 141, 
            "trainScoreMean": 0.6274248936928701, 
            "finishedAt": 1625071392472, 
            "fitTimeStd": 1.8330302779823362, 
            "testScoreStd": 0.012092213888854272, 
            "scoreTimeStd": 4.17612260356422, 
            "parameters": {
                "penalty": "l2", 
                "C": 0.1
            }, 
            "testScoreMean": 0.6259689258009014, 
            "score": 0.6259689258009014, 
            "trainScoreStd": 0.0041522951319562995, 
            "testScoreGibMean": 0.6259689258009014, 
            "fitTimeMean": 9.8
        }, 
        {
            "scoreTimeMean": 19.2, 
            "best_iteration": null, 
            "time": 141, 
            "trainScoreMean": 0.627371046170395, 
            "finishedAt": 1625071392522, 
            "fitTimeStd": 0.6324555320336759, 
            "testScoreStd": 0.012759832602761844, 
            "scoreTimeStd": 0.7483314773547882, 
            "parameters": {
                "penalty": "l1", 
                "C": 10.0
            }, 
            "testScoreMean": 0.6250576988020877, 
            "score": 0.6250576988020877, 
            "trainScoreStd": 0.004534444145514764, 
            "testScoreGibMean": 0.6250576988020877, 
            "fitTimeMean": 9.0
        }, 
        {
            "scoreTimeMean": 20.6, 
            "best_iteration": null, 
            "time": 141, 
            "trainScoreMean": 0.6101642335604536, 
            "finishedAt": 1625071392563, 
            "fitTimeStd": 1.0198039027185568, 
            "testScoreStd": 0.013504172943549296, 
            "scoreTimeStd": 2.870540018881465, 
            "parameters": {
                "penalty": "l1", 
                "C": 0.01
            }, 
            "testScoreMean": 0.6109621033294274, 
            "score": 0.6109621033294274, 
            "trainScoreStd": 0.0026872684258507887, 
            "testScoreGibMean": 0.6109621033294274, 
            "fitTimeMean": 7.6
        }, 
        {
            "scoreTimeMean": 20.8, 
            "best_iteration": null, 
            "time": 151, 
            "trainScoreMean": 0.6266648050228464, 
            "finishedAt": 1625071392612, 
            "fitTimeStd": 0.48989794855663565, 
            "testScoreStd": 0.01500389859492, 
            "scoreTimeStd": 3.4292856398964493, 
            "parameters": {
                "penalty": "l1", 
                "C": 0.1
            }, 
            "testScoreMean": 0.6211128181337969, 
            "score": 0.6211128181337969, 
            "trainScoreStd": 0.004395826719358651, 
            "testScoreGibMean": 0.6211128181337969, 
            "fitTimeMean": 9.4
        }, 
        {
            "scoreTimeMean": 18.0, 
            "best_iteration": null, 
            "time": 138, 
            "trainScoreMean": 0.6273220050814781, 
            "finishedAt": 1625071392654, 
            "fitTimeStd": 1.0198039027185568, 
            "testScoreStd": 0.012759832602761844, 
            "scoreTimeStd": 2.280350850198276, 
            "parameters": {
                "penalty": "l2", 
                "C": 10.0
            }, 
            "testScoreMean": 0.6250576988020877, 
            "score": 0.6250576988020877, 
            "trainScoreStd": 0.004575317548967769, 
            "testScoreGibMean": 0.6250576988020877, 
            "fitTimeMean": 9.6
        }, 
        {
            "scoreTimeMean": 13.8, 
            "best_iteration": null, 
            "time": 107, 
            "trainScoreMean": 0.627371046170395, 
            "finishedAt": 1625071392682, 
            "fitTimeStd": 1.2, 
            "testScoreStd": 0.012759832602761844, 
            "scoreTimeStd": 6.241794613730893, 
            "parameters": {
                "penalty": "l2", 
                "C": 100.0
            }, 
            "testScoreMean": 0.6250576988020877, 
            "score": 0.6250576988020877, 
            "trainScoreStd": 0.004534444145514764, 
            "testScoreGibMean": 0.6250576988020877, 
            "fitTimeMean": 7.6
        }
    ], 
    "timeout": null, 
    "startedAt": 1625071392236, 
    "nSplits": 5
}