{
    "usedGridSearch": true, 
    "probaAware": true, 
    "gridSize": 10, 
    "modelInputNRows": 4804, 
    "modelInputNCols": 10, 
    "modelInputMemory": 384320, 
    "gridCells": [
        {
            "scoreTimeStd": 0.0031240998703626617, 
            "scoreTime": 0.0192, 
            "fitTime": 0.0108, 
            "score": 0.6250576988020877, 
            "params": {
                "penalty": "l1", 
                "C": 100.0
            }, 
            "fitTimeStd": 0.0016, 
            "scoreStd": 0.012759832602761844
        }, 
        {
            "scoreTimeStd": 0.0029257477676655585, 
            "scoreTime": 0.0198, 
            "fitTime": 0.010199999999999999, 
            "score": 0.6248648320086657, 
            "params": {
                "penalty": "l2", 
                "C": 1.0
            }, 
            "fitTimeStd": 0.0014696938456699067, 
            "scoreStd": 0.01284278152460504
        }, 
        {
            "scoreTimeStd": 0.0019390719429665316, 
            "scoreTime": 0.016800000000000002, 
            "fitTime": 0.008400000000000001, 
            "score": 0.6214489076324045, 
            "params": {
                "penalty": "l2", 
                "C": 0.01
            }, 
            "fitTimeStd": 0.0014966629547095765, 
            "scoreStd": 0.014304274805411184
        }, 
        {
            "scoreTimeStd": 0.0025612496949731396, 
            "scoreTime": 0.0192, 
            "fitTime": 0.009, 
            "score": 0.6250576988020877, 
            "params": {
                "penalty": "l1", 
                "C": 1.0
            }, 
            "fitTimeStd": 0.0008944271909999159, 
            "scoreStd": 0.012759832602761844
        }, 
        {
            "scoreTimeStd": 0.00417612260356422, 
            "scoreTime": 0.0184, 
            "fitTime": 0.009800000000000001, 
            "score": 0.6259689258009014, 
            "params": {
                "penalty": "l2", 
                "C": 0.1
            }, 
            "fitTimeStd": 0.0018330302779823362, 
            "scoreStd": 0.012092213888854272
        }, 
        {
            "scoreTimeStd": 0.0007483314773547883, 
            "scoreTime": 0.0192, 
            "fitTime": 0.009, 
            "score": 0.6250576988020877, 
            "params": {
                "penalty": "l1", 
                "C": 10.0
            }, 
            "fitTimeStd": 0.0006324555320336759, 
            "scoreStd": 0.012759832602761844
        }, 
        {
            "scoreTimeStd": 0.002870540018881465, 
            "scoreTime": 0.0206, 
            "fitTime": 0.0076, 
            "score": 0.6109621033294274, 
            "params": {
                "penalty": "l1", 
                "C": 0.01
            }, 
            "fitTimeStd": 0.0010198039027185567, 
            "scoreStd": 0.013504172943549296
        }, 
        {
            "scoreTimeStd": 0.0034292856398964494, 
            "scoreTime": 0.0208, 
            "fitTime": 0.0094, 
            "score": 0.6211128181337969, 
            "params": {
                "penalty": "l1", 
                "C": 0.1
            }, 
            "fitTimeStd": 0.0004898979485566357, 
            "scoreStd": 0.01500389859492
        }, 
        {
            "scoreTimeStd": 0.002280350850198276, 
            "scoreTime": 0.018, 
            "fitTime": 0.0096, 
            "score": 0.6250576988020877, 
            "params": {
                "penalty": "l2", 
                "C": 10.0
            }, 
            "fitTimeStd": 0.0010198039027185567, 
            "scoreStd": 0.012759832602761844
        }, 
        {
            "scoreTimeStd": 0.0062417946137308935, 
            "scoreTime": 0.013800000000000002, 
            "fitTime": 0.0076, 
            "score": 0.6250576988020877, 
            "params": {
                "penalty": "l2", 
                "C": 100.0
            }, 
            "fitTimeStd": 0.0012, 
            "scoreStd": 0.012759832602761844
        }
    ], 
    "lmCoefficients": {
        "interceptStderr": 0.03690011670698637, 
        "interceptTstat": -12.981004383527504, 
        "rescaledInterceptCoef": -0.4790005767260665, 
        "rescaledCoefs": [
            -0.4001740990074366, 
            1.4463467123400946, 
            -0.29730290505466905, 
            -0.24063275114269733, 
            -0.00043779146568708133, 
            -0.09375322438711921, 
            0.13105099968105813, 
            -0.039189315702147634, 
            0.06273333367583918, 
            0.08075564163536567
        ], 
        "variables": [
            "principal_component:0", 
            "principal_component:1", 
            "principal_component:2", 
            "principal_component:3", 
            "principal_component:4", 
            "principal_component:5", 
            "principal_component:6", 
            "principal_component:7", 
            "principal_component:8", 
            "principal_component:9"
        ], 
        "rescaledStderr": [
            0.0361465677324188, 
            0.044821363179149885, 
            0.03591704308474664, 
            0.03671415191005029, 
            0.036714616833689984, 
            0.03492163719526379, 
            0.03406869966237928, 
            0.03556997351600987, 
            0.03520939628254631, 
            0.03468233924284239
        ], 
        "rescaledInterceptPvalue": 0.15868049470999168, 
        "tstat": [
            -11.070874058355814, 
            32.26913707552986, 
            -8.277488332020532, 
            -6.554223334158659, 
            -0.011924173624640858, 
            -2.6846743714476933, 
            3.8466686718240846, 
            -1.1017527377271932, 
            1.781721367001592, 
            2.328436991228373
        ], 
        "rescaledInterceptStderr": 0.4790005767260665, 
        "rescaledInterceptTstat": -1.0, 
        "stderr": [
            0.0361465677324188, 
            0.044821363179149885, 
            0.03591704308474664, 
            0.03671415191005029, 
            0.036714616833689984, 
            0.03492163719526379, 
            0.03406869966237928, 
            0.03556997351600987, 
            0.03520939628254631, 
            0.03468233924284239
        ], 
        "interceptCoef": -0.4790005767260665, 
        "pvalue": [
            0.0, 
            0.0, 
            1.1102230246251565e-16, 
            3.091038536240376e-11, 
            0.49524330384736426, 
            0.0036425158990347484, 
            6.064492260393628e-05, 
            0.13531225219433984, 
            0.037428989022085024, 
            0.009965147766474058
        ], 
        "interceptPvalue": 0.0, 
        "coefs": [
            -0.4001740990074366, 
            1.4463467123400946, 
            -0.29730290505466905, 
            -0.24063275114269733, 
            -0.00043779146568708133, 
            -0.09375322438711921, 
            0.13105099968105813, 
            -0.039189315702147634, 
            0.06273333367583918, 
            0.08075564163536567
        ]
    }, 
    "gridBestScore": 0.6259689258009014, 
    "modelInputIsSparse": false
}