{
  "state": "DONE",
  "preSearchDescription": {
    "gridLength": 10,
    "searchStrategy": "GRID",
    "importantParams": [
      {
        "name": "penalty",
        "vals": [
          "l1",
          "l2"
        ]
      },
      {
        "name": "C",
        "vals": [
          "0.01",
          "0.1",
          "1.0",
          "10.0",
          "100.0"
        ]
      }
    ]
  },
  "postSearchDescription": {
    "importantParams": [
      {
        "name": "C",
        "val": "0.1"
      },
      {
        "name": "penalty",
        "val": "l2"
      }
    ]
  },
  "resumed": false,
  "timeOrderingEnabled": false,
  "sampleWeightsEnabled": false,
  "modelId": "m1",
  "progress": {
    "top_level_todo": [],
    "stack": [],
    "top_level_done": [
      {
        "name": "Loading train set",
        "time": 23
      },
      {
        "name": "Loading test set",
        "time": 10
      },
      {
        "name": "Collecting statistics",
        "time": 34
      },
      {
        "name": "Preprocessing train set",
        "time": 93
      },
      {
        "name": "Preprocessing test set",
        "time": 67
      },
      {
        "name": "Hyperparameter searching",
        "time": 1027
      },
      {
        "name": "Fitting model",
        "time": 7
      },
      {
        "name": "Saving model",
        "time": 3
      },
      {
        "name": "Scoring model",
        "time": 501
      }
    ]
  },
  "startTime": 1625071391970,
  "endTime": 1625071394169,
  "preprocessingTime": 246,
  "trainingTime": 1953,
  "hyperparamsSearchTime": 1027
}