{
  "description": "",
  "name": "Logistic Regression",
  "starred": false,
  "clusterMetas": {},
  "customMeta": {
    "kv": {}
  },
  "tags": [],
  "activeClassifierThreshold": 0.5500000000000002,
  "labels": [
    {
      "key": "trainDataset:dataset-name",
      "value": "Telco_Customer_Churn_train"
    },
    {
      "key": "testDataset:dataset-name",
      "value": "Telco_Customer_Churn_train"
    },
    {
      "key": "model:date",
      "value": "2021-06-30 18:43:09"
    },
    {
      "key": "model:algorithm",
      "value": "LOGISTIC_REGRESSION"
    }
  ]
}