{
    "per_feature": {
        "SeniorCitizen": {
            "stats": {
                "std": 0.3655517787676882, 
                "p99": 1.0, 
                "min": 0.0, 
                "max": 1.0, 
                "average": 0.15882597835137385, 
                "median": 0.0
            }, 
            "missing_impute_with_value": 0.15882597835137385
        }, 
        "tenure": {
            "stats": {
                "std": 24.58723846762288, 
                "p99": 72.0, 
                "min": 1.0, 
                "max": 72.0, 
                "average": 32.49104912572856, 
                "median": 29.0
            }, 
            "missing_impute_with_value": 32.49104912572856
        }, 
        "DeviceProtection": {
            "stats": {
                "mostFrequentValue": "No", 
                "leastFrequentValue": "No internet service"
            }, 
            "category_possible_counts": [
                2111, 
                1682, 
                1011
            ], 
            "category_possible_values": [
                "No", 
                "Yes", 
                "No internet service"
            ]
        }, 
        "MonthlyCharges": {
            "stats": {
                "std": 29.99208966863275, 
                "p99": 114.7485, 
                "min": 18.25, 
                "max": 118.75, 
                "average": 65.11358243130714, 
                "median": 70.35
            }, 
            "missing_impute_with_value": 65.11358243130714
        }, 
        "OnlineBackup": {
            "stats": {
                "mostFrequentValue": "No", 
                "leastFrequentValue": "No internet service"
            }, 
            "category_possible_counts": [
                2081, 
                1712, 
                1011
            ], 
            "category_possible_values": [
                "No", 
                "Yes", 
                "No internet service"
            ]
        }, 
        "MultipleLines": {
            "stats": {
                "mostFrequentValue": "No", 
                "leastFrequentValue": "No phone service"
            }, 
            "category_possible_counts": [
                2274, 
                2056, 
                474
            ], 
            "category_possible_values": [
                "No", 
                "Yes", 
                "No phone service"
            ]
        }, 
        "OnlineSecurity": {
            "stats": {
                "mostFrequentValue": "No", 
                "leastFrequentValue": "No internet service"
            }, 
            "category_possible_counts": [
                2390, 
                1403, 
                1011
            ], 
            "category_possible_values": [
                "No", 
                "Yes", 
                "No internet service"
            ]
        }, 
        "StreamingTV": {
            "stats": {
                "mostFrequentValue": "No", 
                "leastFrequentValue": "No internet service"
            }, 
            "category_possible_counts": [
                1925, 
                1868, 
                1011
            ], 
            "category_possible_values": [
                "No", 
                "Yes", 
                "No internet service"
            ]
        }, 
        "PaperlessBilling": {
            "stats": {
                "mostFrequentValue": "Yes", 
                "leastFrequentValue": "No"
            }, 
            "category_possible_counts": [
                2850, 
                1954
            ], 
            "category_possible_values": [
                "Yes", 
                "No"
            ]
        }, 
        "StreamingMovies": {
            "stats": {
                "mostFrequentValue": "No", 
                "leastFrequentValue": "No internet service"
            }, 
            "category_possible_counts": [
                1909, 
                1884, 
                1011
            ], 
            "category_possible_values": [
                "No", 
                "Yes", 
                "No internet service"
            ]
        }, 
        "Partner": {
            "stats": {
                "mostFrequentValue": "No", 
                "leastFrequentValue": "Yes"
            }, 
            "category_possible_counts": [
                2467, 
                2337
            ], 
            "category_possible_values": [
                "No", 
                "Yes"
            ]
        }, 
        "Churn": {
            "stats": {}
        }, 
        "Contract": {
            "stats": {
                "mostFrequentValue": "Month-to-month", 
                "leastFrequentValue": "One year"
            }, 
            "category_possible_counts": [
                2658, 
                1143, 
                1003
            ], 
            "category_possible_values": [
                "Month-to-month", 
                "Two year", 
                "One year"
            ]
        }, 
        "TechSupport": {
            "stats": {
                "mostFrequentValue": "No", 
                "leastFrequentValue": "No internet service"
            }, 
            "category_possible_counts": [
                2416, 
                1377, 
                1011
            ], 
            "category_possible_values": [
                "No", 
                "Yes", 
                "No internet service"
            ]
        }, 
        "gender": {
            "stats": {
                "mostFrequentValue": "Male", 
                "leastFrequentValue": "Female"
            }, 
            "category_possible_counts": [
                2402, 
                2402
            ], 
            "category_possible_values": [
                "Male", 
                "Female"
            ]
        }, 
        "PhoneService": {
            "stats": {
                "mostFrequentValue": "Yes", 
                "leastFrequentValue": "No"
            }, 
            "category_possible_counts": [
                4330, 
                474
            ], 
            "category_possible_values": [
                "Yes", 
                "No"
            ]
        }, 
        "Dependents": {
            "stats": {
                "mostFrequentValue": "No", 
                "leastFrequentValue": "Yes"
            }, 
            "category_possible_counts": [
                3351, 
                1453
            ], 
            "category_possible_values": [
                "No", 
                "Yes"
            ]
        }, 
        "InternetService": {
            "stats": {
                "mostFrequentValue": "Fiber optic", 
                "leastFrequentValue": "No"
            }, 
            "category_possible_counts": [
                2114, 
                1679, 
                1011
            ], 
            "category_possible_values": [
                "Fiber optic", 
                "DSL", 
                "No"
            ]
        }, 
        "PaymentMethod": {
            "stats": {
                "mostFrequentValue": "Electronic check", 
                "leastFrequentValue": "Credit card (automatic)"
            }, 
            "category_possible_counts": [
                1592, 
                1093, 
                1071, 
                1048
            ], 
            "category_possible_values": [
                "Electronic check", 
                "Mailed check", 
                "Bank transfer (automatic)", 
                "Credit card (automatic)"
            ]
        }, 
        "customerID": {
            "stats": {}
        }, 
        "TotalCharges": {
            "stats": {
                "std": 2289.425741784234, 
                "p99": 8061.4205, 
                "min": 19.0, 
                "max": 8684.8, 
                "average": 2310.1469920899244, 
                "median": 1421.825
            }, 
            "missing_impute_with_value": 2310.1469920899244
        }
    }, 
    "feature_order": [
        "tenure", 
        "SeniorCitizen", 
        "Partner", 
        "Churn", 
        "MonthlyCharges", 
        "OnlineBackup", 
        "MultipleLines", 
        "gender", 
        "StreamingTV", 
        "PaperlessBilling", 
        "StreamingMovies", 
        "Contract", 
        "DeviceProtection", 
        "TotalCharges", 
        "TechSupport", 
        "OnlineSecurity", 
        "PhoneService", 
        "Dependents", 
        "InternetService", 
        "PaymentMethod", 
        "customerID"
    ]
}