{
    "OnlineSecurity": {
        "distribution": [
            0.4876385336743393, 
            0.22506393861892582, 
            0.2872975277067349
        ], 
        "scale": [
            "No", 
            "No internet service", 
            "Yes"
        ]
    }, 
    "SeniorCitizen": {
        "distribution": [
            0.8388746803069054, 
            0.16112531969309463
        ], 
        "scale": [
            0.0, 
            1.0
        ]
    }, 
    "DeviceProtection": {
        "distribution": [
            0.4339300937766411, 
            0.22506393861892582, 
            0.3410059676044331
        ], 
        "scale": [
            "No", 
            "No internet service", 
            "Yes"
        ]
    }, 
    "MonthlyCharges": {
        "distribution": [
            0.10902591599642537, 
            0.10455764075067024, 
            0.10545129579982127, 
            0.10455764075067024, 
            0.10455764075067024, 
            0.10366398570151922, 
            0.10545129579982127, 
            0.10455764075067024, 
            0.10545129579982127, 
            0.05272564789991063
        ], 
        "scale": [
            20.0345, 
            25.862000000000002, 
            41.203500000000005, 
            57.377, 
            68.9925, 
            77.5415, 
            85.275, 
            93.925, 
            102.322, 
            112.097
        ]
    }, 
    "OnlineBackup": {
        "distribution": [
            0.46121057118499575, 
            0.22506393861892582, 
            0.3137254901960784
        ], 
        "scale": [
            "No", 
            "No internet service", 
            "Yes"
        ]
    }, 
    "MultipleLines": {
        "distribution": [
            0.49445865302642794, 
            0.09462915601023018, 
            0.41091219096334186
        ], 
        "scale": [
            "No", 
            "No phone service", 
            "Yes"
        ]
    }, 
    "gender": {
        "distribution": [
            0.48508098891730606, 
            0.514919011082694
        ], 
        "scale": [
            "Female", 
            "Male"
        ]
    }, 
    "StreamingTV": {
        "distribution": [
            0.41091219096334186, 
            0.22506393861892582, 
            0.3640238704177323
        ], 
        "scale": [
            "No", 
            "No internet service", 
            "Yes"
        ]
    }, 
    "PaperlessBilling": {
        "distribution": [
            0.41261722080136404, 
            0.587382779198636
        ], 
        "scale": [
            "No", 
            "Yes"
        ]
    }, 
    "StreamingMovies": {
        "distribution": [
            0.38277919863597615, 
            0.22506393861892582, 
            0.39215686274509803
        ], 
        "scale": [
            "No", 
            "No internet service", 
            "Yes"
        ]
    }, 
    "PhoneService": {
        "distribution": [
            0.09462915601023018, 
            0.9053708439897699
        ], 
        "scale": [
            "No", 
            "Yes"
        ]
    }, 
    "Contract": {
        "distribution": [
            0.5515771526001705, 
            0.19863597612958228, 
            0.24978687127024723
        ], 
        "scale": [
            "Month-to-month", 
            "One year", 
            "Two year"
        ]
    }, 
    "TechSupport": {
        "distribution": [
            0.473998294970162, 
            0.22506393861892582, 
            0.3009377664109122
        ], 
        "scale": [
            "No", 
            "No internet service", 
            "Yes"
        ]
    }, 
    "tenure": {
        "distribution": [
            0.12105711849957375, 
            0.11508951406649616, 
            0.10912190963341858, 
            0.10144927536231885, 
            0.10144927536231885, 
            0.09548167092924126, 
            0.10656436487638533, 
            0.08951406649616368, 
            0.0886615515771526, 
            0.07161125319693094
        ], 
        "scale": [
            2.0, 
            5.5, 
            11.5, 
            20.0, 
            30.0, 
            40.0, 
            50.15000000000009, 
            59.65000000000009, 
            67.5, 
            71.5
        ]
    }, 
    "Partner": {
        "distribution": [
            0.5234441602728048, 
            0.47655583972719523
        ], 
        "scale": [
            "No", 
            "Yes"
        ]
    }, 
    "Dependents": {
        "distribution": [
            0.6973572037510657, 
            0.30264279624893436
        ], 
        "scale": [
            "No", 
            "Yes"
        ]
    }, 
    "InternetService": {
        "distribution": [
            0.34867860187553285, 
            0.42625745950554134, 
            0.22506393861892582
        ], 
        "scale": [
            "DSL", 
            "Fiber optic", 
            "No"
        ]
    }, 
    "PaymentMethod": {
        "distribution": [
            0.21824381926683717, 
            0.21312872975277067, 
            0.3393009377664109, 
            0.22932651321398123
        ], 
        "scale": [
            "Bank transfer (automatic)", 
            "Credit card (automatic)", 
            "Electronic check", 
            "Mailed check"
        ]
    }, 
    "TotalCharges": {
        "distribution": [
            0.10502692998204669, 
            0.10502692998204669, 
            0.1059245960502693, 
            0.10502692998204669, 
            0.10502692998204669, 
            0.10502692998204669, 
            0.1059245960502693, 
            0.10502692998204669, 
            0.10502692998204669, 
            0.05296229802513465
        ], 
        "scale": [
            102.14550000000001, 
            266.8295000000002, 
            549.5505000000005, 
            922.2640000000004, 
            1414.3275000000006, 
            2145.3620000000005, 
            3177.0205000000005, 
            4397.975, 
            5904.5265, 
            7603.0689999999995
        ]
    }
}