{
    "details": {
        "OnlineSecurity": {
            "levels": [
                "No", 
                "Yes", 
                "No internet service"
            ], 
            "with_others": true
        }, 
        "DeviceProtection": {
            "levels": [
                "No", 
                "Yes", 
                "No internet service"
            ], 
            "with_others": true
        }, 
        "OnlineBackup": {
            "levels": [
                "No", 
                "Yes", 
                "No internet service"
            ], 
            "with_others": true
        }, 
        "MultipleLines": {
            "levels": [
                "No", 
                "Yes", 
                "No phone service"
            ], 
            "with_others": true
        }, 
        "gender": {
            "levels": [
                "Male", 
                "Female"
            ], 
            "with_others": true
        }, 
        "PaperlessBilling": {
            "levels": [
                "Yes", 
                "No"
            ], 
            "with_others": true
        }, 
        "StreamingMovies": {
            "levels": [
                "No", 
                "Yes", 
                "No internet service"
            ], 
            "with_others": true
        }, 
        "PhoneService": {
            "levels": [
                "Yes", 
                "No"
            ], 
            "with_others": true
        }, 
        "Contract": {
            "levels": [
                "Month-to-month", 
                "Two year", 
                "One year"
            ], 
            "with_others": true
        }, 
        "TechSupport": {
            "levels": [
                "No", 
                "Yes", 
                "No internet service"
            ], 
            "with_others": true
        }, 
        "StreamingTV": {
            "levels": [
                "No", 
                "Yes", 
                "No internet service"
            ], 
            "with_others": true
        }, 
        "Partner": {
            "levels": [
                "No", 
                "Yes"
            ], 
            "with_others": true
        }, 
        "Dependents": {
            "levels": [
                "No", 
                "Yes"
            ], 
            "with_others": true
        }, 
        "InternetService": {
            "levels": [
                "Fiber optic", 
                "DSL", 
                "No"
            ], 
            "with_others": true
        }, 
        "PaymentMethod": {
            "levels": [
                "Electronic check", 
                "Mailed check", 
                "Bank transfer (automatic)", 
                "Credit card (automatic)"
            ], 
            "with_others": true
        }
    }
}