{
    "gridSize": 16, 
    "nThreads": 4, 
    "metric": "F1", 
    "gridPoints": [
        {
            "scoreTimeMean": 718.6, 
            "best_iteration": null, 
            "time": 31159, 
            "trainScoreMean": 0.5939015637003034, 
            "finishedAt": 1625070770382, 
            "fitTimeStd": 430.39628251182654, 
            "testScoreStd": 0.014702852140459917, 
            "scoreTimeStd": 14.122322755127783, 
            "parameters": {
                "kernel": "linear", 
                "C": 1.0
            }, 
            "testScoreMean": 0.593970339018866, 
            "score": 0.593970339018866, 
            "trainScoreStd": 0.0036660101599355174, 
            "testScoreGibMean": 0.593970339018866, 
            "fitTimeMean": 5513.2
        }, 
        {
            "scoreTimeMean": 687.8, 
            "best_iteration": null, 
            "time": 26491, 
            "trainScoreMean": 0.5265097749223363, 
            "finishedAt": 1625070775867, 
            "fitTimeStd": 205.24093159016795, 
            "testScoreStd": 0.010467408287301265, 
            "scoreTimeStd": 20.183161298468583, 
            "parameters": {
                "kernel": "sigmoid", 
                "C": 0.5, 
                "gamma": "scale"
            }, 
            "testScoreMean": 0.5255300809839903, 
            "score": 0.5255300809839903, 
            "trainScoreStd": 0.0051800926980808916, 
            "testScoreGibMean": 0.5255300809839903, 
            "fitTimeMean": 4610.4
        }, 
        {
            "scoreTimeMean": 797.2, 
            "best_iteration": null, 
            "time": 27988, 
            "trainScoreMean": 0.6279773740124451, 
            "finishedAt": 1625070781547, 
            "fitTimeStd": 125.04655133189401, 
            "testScoreStd": 0.017618342105406005, 
            "scoreTimeStd": 44.99955555336074, 
            "parameters": {
                "kernel": "poly", 
                "C": 0.1, 
                "gamma": "scale"
            }, 
            "testScoreMean": 0.618666729051679, 
            "score": 0.618666729051679, 
            "trainScoreStd": 0.004594062477494476, 
            "testScoreGibMean": 0.618666729051679, 
            "fitTimeMean": 4800.4
        }, 
        {
            "scoreTimeMean": 728.2, 
            "best_iteration": null, 
            "time": 26559, 
            "trainScoreMean": 0.5939015637003034, 
            "finishedAt": 1625070786963, 
            "fitTimeStd": 141.8627505725164, 
            "testScoreStd": 0.014702852140459917, 
            "scoreTimeStd": 13.962807740565648, 
            "parameters": {
                "kernel": "linear", 
                "C": 0.5
            }, 
            "testScoreMean": 0.593970339018866, 
            "score": 0.593970339018866, 
            "trainScoreStd": 0.0036660101599355174, 
            "testScoreGibMean": 0.593970339018866, 
            "fitTimeMean": 4583.6
        }, 
        {
            "scoreTimeMean": 712.6, 
            "best_iteration": null, 
            "time": 26761, 
            "trainScoreMean": 0.6503961932495653, 
            "finishedAt": 1625070797064, 
            "fitTimeStd": 68.52619936929233, 
            "testScoreStd": 0.01428487872866047, 
            "scoreTimeStd": 3.6110940170535577, 
            "parameters": {
                "kernel": "poly", 
                "C": 0.5, 
                "gamma": "scale"
            }, 
            "testScoreMean": 0.6147853708393417, 
            "score": 0.6147853708393417, 
            "trainScoreStd": 0.0018941314690845543, 
            "testScoreGibMean": 0.6147853708393417, 
            "fitTimeMean": 4639.6
        }, 
        {
            "scoreTimeMean": 1066.6, 
            "best_iteration": null, 
            "time": 37077, 
            "trainScoreMean": 0.5843487293458107, 
            "finishedAt": 1625070807087, 
            "fitTimeStd": 87.13070641283703, 
            "testScoreStd": 0.017046908330972214, 
            "scoreTimeStd": 25.23965134466005, 
            "parameters": {
                "kernel": "sigmoid", 
                "C": 0.1, 
                "gamma": "scale"
            }, 
            "testScoreMean": 0.5844884440197943, 
            "score": 0.5844884440197943, 
            "trainScoreStd": 0.006190719059152176, 
            "testScoreGibMean": 0.5844884440197943, 
            "fitTimeMean": 6348.8
        }, 
        {
            "scoreTimeMean": 915.6, 
            "best_iteration": null, 
            "time": 33098, 
            "trainScoreMean": 0.6848819133897014, 
            "finishedAt": 1625070812948, 
            "fitTimeStd": 53.87392690346602, 
            "testScoreStd": 0.01471407496649344, 
            "scoreTimeStd": 18.778711350888802, 
            "parameters": {
                "kernel": "rbf", 
                "C": 3.0, 
                "gamma": "scale"
            }, 
            "testScoreMean": 0.6086412354627796, 
            "score": 0.6086412354627796, 
            "trainScoreStd": 0.0026603648191827712, 
            "testScoreGibMean": 0.6086412354627796, 
            "fitTimeMean": 5704.0
        }, 
        {
            "scoreTimeMean": 669.6, 
            "best_iteration": null, 
            "time": 23078, 
            "trainScoreMean": 0.509425767360523, 
            "finishedAt": 1625070817874, 
            "fitTimeStd": 184.6705174087082, 
            "testScoreStd": 0.011039904550262377, 
            "scoreTimeStd": 15.447977213862014, 
            "parameters": {
                "kernel": "sigmoid", 
                "C": 3.0, 
                "gamma": "scale"
            }, 
            "testScoreMean": 0.5110314967391315, 
            "score": 0.5110314967391315, 
            "trainScoreStd": 0.00524978326093881, 
            "testScoreGibMean": 0.5110314967391315, 
            "fitTimeMean": 3946.0
        }, 
        {
            "scoreTimeMean": 756.8, 
            "best_iteration": null, 
            "time": 34462, 
            "trainScoreMean": 0.5939015637003034, 
            "finishedAt": 1625070829485, 
            "fitTimeStd": 203.52159590569252, 
            "testScoreStd": 0.014702852140459917, 
            "scoreTimeStd": 27.198529372008334, 
            "parameters": {
                "kernel": "linear", 
                "C": 3.0
            }, 
            "testScoreMean": 0.593970339018866, 
            "score": 0.593970339018866, 
            "trainScoreStd": 0.0036660101599355174, 
            "testScoreGibMean": 0.593970339018866, 
            "fitTimeMean": 6135.6
        }, 
        {
            "scoreTimeMean": 950.8, 
            "best_iteration": null, 
            "time": 33604, 
            "trainScoreMean": 0.6358874699231798, 
            "finishedAt": 1625070836314, 
            "fitTimeStd": 119.42026628675721, 
            "testScoreStd": 0.01633935543133369, 
            "scoreTimeStd": 6.4, 
            "parameters": {
                "kernel": "rbf", 
                "C": 0.5, 
                "gamma": "scale"
            }, 
            "testScoreMean": 0.6179876073600253, 
            "score": 0.6179876073600253, 
            "trainScoreStd": 0.00467314647342302, 
            "testScoreGibMean": 0.6179876073600253, 
            "fitTimeMean": 5770.0
        }, 
        {
            "scoreTimeMean": 1012.8, 
            "best_iteration": null, 
            "time": 34748, 
            "trainScoreMean": 0.649959455706527, 
            "finishedAt": 1625070844933, 
            "fitTimeStd": 36.766288907095316, 
            "testScoreStd": 0.016558873629425253, 
            "scoreTimeStd": 59.22634548914867, 
            "parameters": {
                "kernel": "rbf", 
                "C": 1.0, 
                "gamma": "scale"
            }, 
            "testScoreMean": 0.6178768238207291, 
            "score": 0.6178768238207291, 
            "trainScoreStd": 0.003662062855931587, 
            "testScoreGibMean": 0.6178768238207291, 
            "fitTimeMean": 5936.8
        }, 
        {
            "scoreTimeMean": 913.8, 
            "best_iteration": null, 
            "time": 29772, 
            "trainScoreMean": 0.5139542738066498, 
            "finishedAt": 1625070851293, 
            "fitTimeStd": 349.5240192032588, 
            "testScoreStd": 0.011454313711456887, 
            "scoreTimeStd": 60.54221667563883, 
            "parameters": {
                "kernel": "sigmoid", 
                "C": 1.0, 
                "gamma": "scale"
            }, 
            "testScoreMean": 0.5168010835717891, 
            "score": 0.5168010835717891, 
            "trainScoreStd": 0.005034318072815743, 
            "testScoreGibMean": 0.5168010835717891, 
            "fitTimeMean": 5040.6
        }, 
        {
            "scoreTimeMean": 1253.6, 
            "best_iteration": null, 
            "time": 44181, 
            "trainScoreMean": 0.5939015637003034, 
            "finishedAt": 1625070866839, 
            "fitTimeStd": 243.56157332387224, 
            "testScoreStd": 0.014702852140459917, 
            "scoreTimeStd": 78.16034800331943, 
            "parameters": {
                "kernel": "linear", 
                "C": 0.1
            }, 
            "testScoreMean": 0.593970339018866, 
            "score": 0.593970339018866, 
            "trainScoreStd": 0.0036660101599355174, 
            "testScoreGibMean": 0.593970339018866, 
            "fitTimeMean": 7582.6
        }, 
        {
            "scoreTimeMean": 1182.8, 
            "best_iteration": null, 
            "time": 44862, 
            "trainScoreMean": 0.6687645283058322, 
            "finishedAt": 1625070876096, 
            "fitTimeStd": 58.11574657526134, 
            "testScoreStd": 0.016004714866537956, 
            "scoreTimeStd": 110.08433131013696, 
            "parameters": {
                "kernel": "poly", 
                "C": 1.0, 
                "gamma": "scale"
            }, 
            "testScoreMean": 0.61078064240914, 
            "score": 0.61078064240914, 
            "trainScoreStd": 0.0035343950496068595, 
            "testScoreGibMean": 0.61078064240914, 
            "fitTimeMean": 7789.6
        }, 
        {
            "scoreTimeMean": 983.8, 
            "best_iteration": null, 
            "time": 40315, 
            "trainScoreMean": 0.6969629206892989, 
            "finishedAt": 1625070884235, 
            "fitTimeStd": 651.8016262636969, 
            "testScoreStd": 0.015887459537367483, 
            "scoreTimeStd": 32.443181101735384, 
            "parameters": {
                "kernel": "poly", 
                "C": 3.0, 
                "gamma": "scale"
            }, 
            "testScoreMean": 0.6025632833114601, 
            "score": 0.6025632833114601, 
            "trainScoreStd": 0.003910498739648474, 
            "testScoreGibMean": 0.6025632833114601, 
            "fitTimeMean": 7079.2
        }, 
        {
            "scoreTimeMean": 1300.2, 
            "best_iteration": null, 
            "time": 44794, 
            "trainScoreMean": 0.6252260062446197, 
            "finishedAt": 1625070895956, 
            "fitTimeStd": 203.20885807464202, 
            "testScoreStd": 0.014192515877408642, 
            "scoreTimeStd": 41.51818878515776, 
            "parameters": {
                "kernel": "rbf", 
                "C": 0.1, 
                "gamma": "scale"
            }, 
            "testScoreMean": 0.6182118663900211, 
            "score": 0.6182118663900211, 
            "trainScoreStd": 0.003677965846676662, 
            "testScoreGibMean": 0.6182118663900211, 
            "fitTimeMean": 7658.6
        }
    ], 
    "timeout": null, 
    "startedAt": 1625070758658, 
    "nSplits": 5
}