[
    {
        "fit_time": 5792, 
        "best_iteration": null, 
        "test_score": 0.6095505617977528, 
        "time": 6513, 
        "split_id": 0, 
        "parameters": {
            "kernel": "linear", 
            "C": 1.0
        }, 
        "num_samples": 961, 
        "score_time": 721, 
        "train_score": 0.5900034952813702, 
        "done_at": 1625070765174, 
        "test_score_gib": 0.6095505617977528
    }, 
    {
        "fit_time": 5624, 
        "best_iteration": null, 
        "test_score": 0.5924895688456189, 
        "time": 6355, 
        "split_id": 1, 
        "parameters": {
            "kernel": "linear", 
            "C": 1.0
        }, 
        "num_samples": 961, 
        "score_time": 731, 
        "train_score": 0.5942536790469516, 
        "done_at": 1625070765020, 
        "test_score_gib": 0.5924895688456189
    }, 
    {
        "fit_time": 5646, 
        "best_iteration": null, 
        "test_score": 0.5888888888888889, 
        "time": 6376, 
        "split_id": 2, 
        "parameters": {
            "kernel": "linear", 
            "C": 1.0
        }, 
        "num_samples": 961, 
        "score_time": 730, 
        "train_score": 0.5951629863301787, 
        "done_at": 1625070765047, 
        "test_score_gib": 0.5888888888888889
    }, 
    {
        "fit_time": 5836, 
        "best_iteration": null, 
        "test_score": 0.6090651558073655, 
        "time": 6555, 
        "split_id": 3, 
        "parameters": {
            "kernel": "linear", 
            "C": 1.0
        }, 
        "num_samples": 961, 
        "score_time": 719, 
        "train_score": 0.5901639344262295, 
        "done_at": 1625070765225, 
        "test_score_gib": 0.6090651558073655
    }, 
    {
        "fit_time": 4668, 
        "best_iteration": null, 
        "test_score": 0.5698324022346368, 
        "time": 5360, 
        "split_id": 4, 
        "parameters": {
            "kernel": "linear", 
            "C": 1.0
        }, 
        "num_samples": 960, 
        "score_time": 692, 
        "train_score": 0.599929996499825, 
        "done_at": 1625070770382, 
        "test_score_gib": 0.5698324022346368
    }, 
    {
        "fit_time": 4411, 
        "best_iteration": null, 
        "test_score": 0.5418569254185692, 
        "time": 5081, 
        "split_id": 0, 
        "parameters": {
            "kernel": "sigmoid", 
            "C": 0.5, 
            "gamma": "scale"
        }, 
        "num_samples": 961, 
        "score_time": 670, 
        "train_score": 0.5230061349693251, 
        "done_at": 1625070770130, 
        "test_score_gib": 0.5418569254185692
    }, 
    {
        "fit_time": 4509, 
        "best_iteration": null, 
        "test_score": 0.5150078988941548, 
        "time": 5194, 
        "split_id": 1, 
        "parameters": {
            "kernel": "sigmoid", 
            "C": 0.5, 
            "gamma": "scale"
        }, 
        "num_samples": 961, 
        "score_time": 685, 
        "train_score": 0.528196981731533, 
        "done_at": 1625070770370, 
        "test_score_gib": 0.5150078988941548
    }, 
    {
        "fit_time": 4419, 
        "best_iteration": null, 
        "test_score": 0.5337519623233908, 
        "time": 5091, 
        "split_id": 2, 
        "parameters": {
            "kernel": "sigmoid", 
            "C": 0.5, 
            "gamma": "scale"
        }, 
        "num_samples": 961, 
        "score_time": 672, 
        "train_score": 0.5199847735059003, 
        "done_at": 1625070770319, 
        "test_score_gib": 0.5337519623233908
    }, 
    {
        "fit_time": 4894, 
        "best_iteration": null, 
        "test_score": 0.5170278637770899, 
        "time": 5580, 
        "split_id": 3, 
        "parameters": {
            "kernel": "sigmoid", 
            "C": 0.5, 
            "gamma": "scale"
        }, 
        "num_samples": 961, 
        "score_time": 686, 
        "train_score": 0.5352439969016267, 
        "done_at": 1625070775712, 
        "test_score_gib": 0.5170278637770899
    }, 
    {
        "fit_time": 4819, 
        "best_iteration": null, 
        "test_score": 0.52, 
        "time": 5545, 
        "split_id": 4, 
        "parameters": {
            "kernel": "sigmoid", 
            "C": 0.5, 
            "gamma": "scale"
        }, 
        "num_samples": 960, 
        "score_time": 726, 
        "train_score": 0.526116578349735, 
        "done_at": 1625070775867, 
        "test_score_gib": 0.52
    }, 
    {
        "fit_time": 4937, 
        "best_iteration": null, 
        "test_score": 0.6195488721804511, 
        "time": 5793, 
        "split_id": 0, 
        "parameters": {
            "kernel": "poly", 
            "C": 0.1, 
            "gamma": "scale"
        }, 
        "num_samples": 961, 
        "score_time": 856, 
        "train_score": 0.6268996960486322, 
        "done_at": 1625070776165, 
        "test_score_gib": 0.6195488721804511
    }, 
    {
        "fit_time": 4939, 
        "best_iteration": null, 
        "test_score": 0.6274509803921569, 
        "time": 5787, 
        "split_id": 1, 
        "parameters": {
            "kernel": "poly", 
            "C": 0.1, 
            "gamma": "scale"
        }, 
        "num_samples": 961, 
        "score_time": 848, 
        "train_score": 0.6210526315789474, 
        "done_at": 1625070776172, 
        "test_score_gib": 0.6274509803921569
    }, 
    {
        "fit_time": 4738, 
        "best_iteration": null, 
        "test_score": 0.60790273556231, 
        "time": 5494, 
        "split_id": 2, 
        "parameters": {
            "kernel": "poly", 
            "C": 0.1, 
            "gamma": "scale"
        }, 
        "num_samples": 961, 
        "score_time": 756, 
        "train_score": 0.6336256195196339, 
        "done_at": 1625070781209, 
        "test_score_gib": 0.60790273556231
    }, 
    {
        "fit_time": 4777, 
        "best_iteration": null, 
        "test_score": 0.6452599388379204, 
        "time": 5535, 
        "split_id": 3, 
        "parameters": {
            "kernel": "poly", 
            "C": 0.1, 
            "gamma": "scale"
        }, 
        "num_samples": 961, 
        "score_time": 758, 
        "train_score": 0.6258607498087222, 
        "done_at": 1625070781405, 
        "test_score_gib": 0.6452599388379204
    }, 
    {
        "fit_time": 4611, 
        "best_iteration": null, 
        "test_score": 0.5931445603576752, 
        "time": 5379, 
        "split_id": 4, 
        "parameters": {
            "kernel": "poly", 
            "C": 0.1, 
            "gamma": "scale"
        }, 
        "num_samples": 960, 
        "score_time": 768, 
        "train_score": 0.6324528301886794, 
        "done_at": 1625070781547, 
        "test_score_gib": 0.5931445603576752
    }, 
    {
        "fit_time": 4741, 
        "best_iteration": null, 
        "test_score": 0.6095505617977528, 
        "time": 5484, 
        "split_id": 0, 
        "parameters": {
            "kernel": "linear", 
            "C": 0.5
        }, 
        "num_samples": 961, 
        "score_time": 743, 
        "train_score": 0.5900034952813702, 
        "done_at": 1625070781658, 
        "test_score_gib": 0.6095505617977528
    }, 
    {
        "fit_time": 4465, 
        "best_iteration": null, 
        "test_score": 0.5924895688456189, 
        "time": 5209, 
        "split_id": 1, 
        "parameters": {
            "kernel": "linear", 
            "C": 0.5
        }, 
        "num_samples": 961, 
        "score_time": 744, 
        "train_score": 0.5942536790469516, 
        "done_at": 1625070786420, 
        "test_score_gib": 0.5924895688456189
    }, 
    {
        "fit_time": 4650, 
        "best_iteration": null, 
        "test_score": 0.5888888888888889, 
        "time": 5376, 
        "split_id": 2, 
        "parameters": {
            "kernel": "linear", 
            "C": 0.5
        }, 
        "num_samples": 961, 
        "score_time": 726, 
        "train_score": 0.5951629863301787, 
        "done_at": 1625070786783, 
        "test_score_gib": 0.5888888888888889
    }, 
    {
        "fit_time": 4692, 
        "best_iteration": null, 
        "test_score": 0.6090651558073655, 
        "time": 5413, 
        "split_id": 3, 
        "parameters": {
            "kernel": "linear", 
            "C": 0.5
        }, 
        "num_samples": 961, 
        "score_time": 721, 
        "train_score": 0.5901639344262295, 
        "done_at": 1625070786963, 
        "test_score_gib": 0.6090651558073655
    }, 
    {
        "fit_time": 4370, 
        "best_iteration": null, 
        "test_score": 0.5698324022346368, 
        "time": 5077, 
        "split_id": 4, 
        "parameters": {
            "kernel": "linear", 
            "C": 0.5
        }, 
        "num_samples": 960, 
        "score_time": 707, 
        "train_score": 0.599929996499825, 
        "done_at": 1625070786738, 
        "test_score_gib": 0.5698324022346368
    }, 
    {
        "fit_time": 4699, 
        "best_iteration": null, 
        "test_score": 0.6160849772382397, 
        "time": 5416, 
        "split_id": 0, 
        "parameters": {
            "kernel": "poly", 
            "C": 0.5, 
            "gamma": "scale"
        }, 
        "num_samples": 961, 
        "score_time": 717, 
        "train_score": 0.6506769825918762, 
        "done_at": 1625070791838, 
        "test_score_gib": 0.6160849772382397
    }, 
    {
        "fit_time": 4650, 
        "best_iteration": null, 
        "test_score": 0.6238244514106583, 
        "time": 5362, 
        "split_id": 1, 
        "parameters": {
            "kernel": "poly", 
            "C": 0.5, 
            "gamma": "scale"
        }, 
        "num_samples": 961, 
        "score_time": 712, 
        "train_score": 0.6487956487956488, 
        "done_at": 1625070792103, 
        "test_score_gib": 0.6238244514106583
    }, 
    {
        "fit_time": 4659, 
        "best_iteration": null, 
        "test_score": 0.6006191950464397, 
        "time": 5366, 
        "split_id": 2, 
        "parameters": {
            "kernel": "poly", 
            "C": 0.5, 
            "gamma": "scale"
        }, 
        "num_samples": 961, 
        "score_time": 707, 
        "train_score": 0.6539657853810266, 
        "done_at": 1625070792152, 
        "test_score_gib": 0.6006191950464397
    }, 
    {
        "fit_time": 4683, 
        "best_iteration": null, 
        "test_score": 0.6357827476038339, 
        "time": 5394, 
        "split_id": 3, 
        "parameters": {
            "kernel": "poly", 
            "C": 0.5, 
            "gamma": "scale"
        }, 
        "num_samples": 961, 
        "score_time": 711, 
        "train_score": 0.64937106918239, 
        "done_at": 1625070792360, 
        "test_score_gib": 0.6357827476038339
    }, 
    {
        "fit_time": 4507, 
        "best_iteration": null, 
        "test_score": 0.5975975975975976, 
        "time": 5223, 
        "split_id": 4, 
        "parameters": {
            "kernel": "poly", 
            "C": 0.5, 
            "gamma": "scale"
        }, 
        "num_samples": 960, 
        "score_time": 716, 
        "train_score": 0.6491702045542261, 
        "done_at": 1625070797064, 
        "test_score_gib": 0.5975975975975976
    }, 
    {
        "fit_time": 6403, 
        "best_iteration": null, 
        "test_score": 0.5705329153605015, 
        "time": 7459, 
        "split_id": 0, 
        "parameters": {
            "kernel": "sigmoid", 
            "C": 0.1, 
            "gamma": "scale"
        }, 
        "num_samples": 961, 
        "score_time": 1056, 
        "train_score": 0.5877261998426435, 
        "done_at": 1625070799563, 
        "test_score_gib": 0.5705329153605015
    }, 
    {
        "fit_time": 6405, 
        "best_iteration": null, 
        "test_score": 0.6064516129032257, 
        "time": 7448, 
        "split_id": 1, 
        "parameters": {
            "kernel": "sigmoid", 
            "C": 0.1, 
            "gamma": "scale"
        }, 
        "num_samples": 961, 
        "score_time": 1043, 
        "train_score": 0.5733870967741935, 
        "done_at": 1625070799602, 
        "test_score_gib": 0.6064516129032257
    }, 
    {
        "fit_time": 6342, 
        "best_iteration": null, 
        "test_score": 0.5773524720893143, 
        "time": 7386, 
        "split_id": 2, 
        "parameters": {
            "kernel": "sigmoid", 
            "C": 0.1, 
            "gamma": "scale"
        }, 
        "num_samples": 961, 
        "score_time": 1044, 
        "train_score": 0.5880031570639305, 
        "done_at": 1625070799748, 
        "test_score_gib": 0.5773524720893143
    }, 
    {
        "fit_time": 6182, 
        "best_iteration": null, 
        "test_score": 0.6030769230769232, 
        "time": 7263, 
        "split_id": 3, 
        "parameters": {
            "kernel": "sigmoid", 
            "C": 0.1, 
            "gamma": "scale"
        }, 
        "num_samples": 961, 
        "score_time": 1081, 
        "train_score": 0.5819032761310452, 
        "done_at": 1625070804330, 
        "test_score_gib": 0.6030769230769232
    }, 
    {
        "fit_time": 6412, 
        "best_iteration": null, 
        "test_score": 0.565008025682183, 
        "time": 7521, 
        "split_id": 4, 
        "parameters": {
            "kernel": "sigmoid", 
            "C": 0.1, 
            "gamma": "scale"
        }, 
        "num_samples": 960, 
        "score_time": 1109, 
        "train_score": 0.5907305577376276, 
        "done_at": 1625070807087, 
        "test_score_gib": 0.565008025682183
    }, 
    {
        "fit_time": 5685, 
        "best_iteration": null, 
        "test_score": 0.6263565891472869, 
        "time": 6610, 
        "split_id": 0, 
        "parameters": {
            "kernel": "rbf", 
            "C": 3.0, 
            "gamma": "scale"
        }, 
        "num_samples": 961, 
        "score_time": 925, 
        "train_score": 0.6806158705092775, 
        "done_at": 1625070806215, 
        "test_score_gib": 0.6263565891472869
    }, 
    {
        "fit_time": 5627, 
        "best_iteration": null, 
        "test_score": 0.608974358974359, 
        "time": 6540, 
        "split_id": 1, 
        "parameters": {
            "kernel": "rbf", 
            "C": 3.0, 
            "gamma": "scale"
        }, 
        "num_samples": 961, 
        "score_time": 913, 
        "train_score": 0.6832151300236406, 
        "done_at": 1625070806290, 
        "test_score_gib": 0.608974358974359
    }, 
    {
        "fit_time": 5681, 
        "best_iteration": null, 
        "test_score": 0.5916795069337442, 
        "time": 6568, 
        "split_id": 2, 
        "parameters": {
            "kernel": "rbf", 
            "C": 3.0, 
            "gamma": "scale"
        }, 
        "num_samples": 961, 
        "score_time": 887, 
        "train_score": 0.6872798434442271, 
        "done_at": 1625070810901, 
        "test_score_gib": 0.5916795069337442
    }, 
    {
        "fit_time": 5781, 
        "best_iteration": null, 
        "test_score": 0.6235864297253636, 
        "time": 6725, 
        "split_id": 3, 
        "parameters": {
            "kernel": "rbf", 
            "C": 3.0, 
            "gamma": "scale"
        }, 
        "num_samples": 961, 
        "score_time": 944, 
        "train_score": 0.6855546687948922, 
        "done_at": 1625070812942, 
        "test_score_gib": 0.6235864297253636
    }, 
    {
        "fit_time": 5746, 
        "best_iteration": null, 
        "test_score": 0.5925925925925926, 
        "time": 6655, 
        "split_id": 4, 
        "parameters": {
            "kernel": "rbf", 
            "C": 3.0, 
            "gamma": "scale"
        }, 
        "num_samples": 960, 
        "score_time": 909, 
        "train_score": 0.6877470355731226, 
        "done_at": 1625070812948, 
        "test_score_gib": 0.5925925925925926
    }, 
    {
        "fit_time": 3715, 
        "best_iteration": null, 
        "test_score": 0.5307346326836582, 
        "time": 4377, 
        "split_id": 0, 
        "parameters": {
            "kernel": "sigmoid", 
            "C": 3.0, 
            "gamma": "scale"
        }, 
        "num_samples": 961, 
        "score_time": 662, 
        "train_score": 0.5156899810964084, 
        "done_at": 1625070811468, 
        "test_score_gib": 0.5307346326836582
    }, 
    {
        "fit_time": 3871, 
        "best_iteration": null, 
        "test_score": 0.5007541478129713, 
        "time": 4532, 
        "split_id": 1, 
        "parameters": {
            "kernel": "sigmoid", 
            "C": 3.0, 
            "gamma": "scale"
        }, 
        "num_samples": 961, 
        "score_time": 661, 
        "train_score": 0.5068078668683813, 
        "done_at": 1625070815435, 
        "test_score_gib": 0.5007541478129713
    }, 
    {
        "fit_time": 3911, 
        "best_iteration": null, 
        "test_score": 0.5153374233128833, 
        "time": 4607, 
        "split_id": 2, 
        "parameters": {
            "kernel": "sigmoid", 
            "C": 3.0, 
            "gamma": "scale"
        }, 
        "num_samples": 961, 
        "score_time": 696, 
        "train_score": 0.5020700037636433, 
        "done_at": 1625070816077, 
        "test_score_gib": 0.5153374233128833
    }, 
    {
        "fit_time": 4278, 
        "best_iteration": null, 
        "test_score": 0.5030303030303029, 
        "time": 4930, 
        "split_id": 3, 
        "parameters": {
            "kernel": "sigmoid", 
            "C": 3.0, 
            "gamma": "scale"
        }, 
        "num_samples": 961, 
        "score_time": 652, 
        "train_score": 0.5151975683890577, 
        "done_at": 1625070817874, 
        "test_score_gib": 0.5030303030303029
    }, 
    {
        "fit_time": 3955, 
        "best_iteration": null, 
        "test_score": 0.5052950075642966, 
        "time": 4632, 
        "split_id": 4, 
        "parameters": {
            "kernel": "sigmoid", 
            "C": 3.0, 
            "gamma": "scale"
        }, 
        "num_samples": 960, 
        "score_time": 677, 
        "train_score": 0.5073612684031711, 
        "done_at": 1625070817583, 
        "test_score_gib": 0.5052950075642966
    }, 
    {
        "fit_time": 6482, 
        "best_iteration": null, 
        "test_score": 0.6095505617977528, 
        "time": 7239, 
        "split_id": 0, 
        "parameters": {
            "kernel": "linear", 
            "C": 3.0
        }, 
        "num_samples": 961, 
        "score_time": 757, 
        "train_score": 0.5900034952813702, 
        "done_at": 1625070822677, 
        "test_score_gib": 0.6095505617977528
    }, 
    {
        "fit_time": 5933, 
        "best_iteration": null, 
        "test_score": 0.5924895688456189, 
        "time": 6719, 
        "split_id": 1, 
        "parameters": {
            "kernel": "linear", 
            "C": 3.0
        }, 
        "num_samples": 961, 
        "score_time": 786, 
        "train_score": 0.5942536790469516, 
        "done_at": 1625070822800, 
        "test_score_gib": 0.5924895688456189
    }, 
    {
        "fit_time": 5990, 
        "best_iteration": null, 
        "test_score": 0.5888888888888889, 
        "time": 6742, 
        "split_id": 2, 
        "parameters": {
            "kernel": "linear", 
            "C": 3.0
        }, 
        "num_samples": 961, 
        "score_time": 752, 
        "train_score": 0.5951629863301787, 
        "done_at": 1625070824328, 
        "test_score_gib": 0.5888888888888889
    }, 
    {
        "fit_time": 6248, 
        "best_iteration": null, 
        "test_score": 0.6090651558073655, 
        "time": 6957, 
        "split_id": 3, 
        "parameters": {
            "kernel": "linear", 
            "C": 3.0
        }, 
        "num_samples": 961, 
        "score_time": 709, 
        "train_score": 0.5901639344262295, 
        "done_at": 1625070824835, 
        "test_score_gib": 0.6090651558073655
    }, 
    {
        "fit_time": 6025, 
        "best_iteration": null, 
        "test_score": 0.5698324022346368, 
        "time": 6805, 
        "split_id": 4, 
        "parameters": {
            "kernel": "linear", 
            "C": 3.0
        }, 
        "num_samples": 960, 
        "score_time": 780, 
        "train_score": 0.599929996499825, 
        "done_at": 1625070829485, 
        "test_score_gib": 0.5698324022346368
    }, 
    {
        "fit_time": 5654, 
        "best_iteration": null, 
        "test_score": 0.623688155922039, 
        "time": 6603, 
        "split_id": 0, 
        "parameters": {
            "kernel": "rbf", 
            "C": 0.5, 
            "gamma": "scale"
        }, 
        "num_samples": 961, 
        "score_time": 949, 
        "train_score": 0.6347031963470319, 
        "done_at": 1625070829404, 
        "test_score_gib": 0.623688155922039
    }, 
    {
        "fit_time": 5676, 
        "best_iteration": null, 
        "test_score": 0.6291793313069909, 
        "time": 6631, 
        "split_id": 1, 
        "parameters": {
            "kernel": "rbf", 
            "C": 0.5, 
            "gamma": "scale"
        }, 
        "num_samples": 961, 
        "score_time": 955, 
        "train_score": 0.6279683377308708, 
        "done_at": 1625070830961, 
        "test_score_gib": 0.6291793313069909
    }, 
    {
        "fit_time": 5692, 
        "best_iteration": null, 
        "test_score": 0.6033690658499234, 
        "time": 6647, 
        "split_id": 2, 
        "parameters": {
            "kernel": "rbf", 
            "C": 0.5, 
            "gamma": "scale"
        }, 
        "num_samples": 961, 
        "score_time": 955, 
        "train_score": 0.6423076923076925, 
        "done_at": 1625070831485, 
        "test_score_gib": 0.6033690658499234
    }, 
    {
        "fit_time": 5941, 
        "best_iteration": null, 
        "test_score": 0.6387596899224806, 
        "time": 6897, 
        "split_id": 3, 
        "parameters": {
            "kernel": "rbf", 
            "C": 0.5, 
            "gamma": "scale"
        }, 
        "num_samples": 961, 
        "score_time": 956, 
        "train_score": 0.6368887177512514, 
        "done_at": 1625070836303, 
        "test_score_gib": 0.6387596899224806
    }, 
    {
        "fit_time": 5887, 
        "best_iteration": null, 
        "test_score": 0.5949177877428998, 
        "time": 6826, 
        "split_id": 4, 
        "parameters": {
            "kernel": "rbf", 
            "C": 0.5, 
            "gamma": "scale"
        }, 
        "num_samples": 960, 
        "score_time": 939, 
        "train_score": 0.6375711574952562, 
        "done_at": 1625070836314, 
        "test_score_gib": 0.5949177877428998
    }, 
    {
        "fit_time": 5952, 
        "best_iteration": null, 
        "test_score": 0.622356495468278, 
        "time": 6896, 
        "split_id": 0, 
        "parameters": {
            "kernel": "rbf", 
            "C": 1.0, 
            "gamma": "scale"
        }, 
        "num_samples": 961, 
        "score_time": 944, 
        "train_score": 0.6466281310211947, 
        "done_at": 1625070837858, 
        "test_score_gib": 0.622356495468278
    }, 
    {
        "fit_time": 5926, 
        "best_iteration": null, 
        "test_score": 0.6314152410575428, 
        "time": 6880, 
        "split_id": 1, 
        "parameters": {
            "kernel": "rbf", 
            "C": 1.0, 
            "gamma": "scale"
        }, 
        "num_samples": 961, 
        "score_time": 954, 
        "train_score": 0.6451116243264049, 
        "done_at": 1625070838368, 
        "test_score_gib": 0.6314152410575428
    }, 
    {
        "fit_time": 5870, 
        "best_iteration": null, 
        "test_score": 0.6015503875968993, 
        "time": 6890, 
        "split_id": 2, 
        "parameters": {
            "kernel": "rbf", 
            "C": 1.0, 
            "gamma": "scale"
        }, 
        "num_samples": 961, 
        "score_time": 1020, 
        "train_score": 0.6552795031055901, 
        "done_at": 1625070843196, 
        "test_score_gib": 0.6015503875968993
    }, 
    {
        "fit_time": 5969, 
        "best_iteration": null, 
        "test_score": 0.6382306477093208, 
        "time": 7010, 
        "split_id": 3, 
        "parameters": {
            "kernel": "rbf", 
            "C": 1.0, 
            "gamma": "scale"
        }, 
        "num_samples": 961, 
        "score_time": 1041, 
        "train_score": 0.651544779037935, 
        "done_at": 1625070843329, 
        "test_score_gib": 0.6382306477093208
    }, 
    {
        "fit_time": 5967, 
        "best_iteration": null, 
        "test_score": 0.595808383233533, 
        "time": 7072, 
        "split_id": 4, 
        "parameters": {
            "kernel": "rbf", 
            "C": 1.0, 
            "gamma": "scale"
        }, 
        "num_samples": 960, 
        "score_time": 1105, 
        "train_score": 0.6512345679012346, 
        "done_at": 1625070844933, 
        "test_score_gib": 0.595808383233533
    }, 
    {
        "fit_time": 4380, 
        "best_iteration": null, 
        "test_score": 0.5325264750378214, 
        "time": 5182, 
        "split_id": 0, 
        "parameters": {
            "kernel": "sigmoid", 
            "C": 1.0, 
            "gamma": "scale"
        }, 
        "num_samples": 961, 
        "score_time": 802, 
        "train_score": 0.5114155251141552, 
        "done_at": 1625070843552, 
        "test_score_gib": 0.5325264750378214
    }, 
    {
        "fit_time": 5026, 
        "best_iteration": null, 
        "test_score": 0.5015197568389058, 
        "time": 5961, 
        "split_id": 1, 
        "parameters": {
            "kernel": "sigmoid", 
            "C": 1.0, 
            "gamma": "scale"
        }, 
        "num_samples": 961, 
        "score_time": 935, 
        "train_score": 0.5113981762917934, 
        "done_at": 1625070849159, 
        "test_score_gib": 0.5015197568389058
    }, 
    {
        "fit_time": 5174, 
        "best_iteration": null, 
        "test_score": 0.5271317829457364, 
        "time": 6127, 
        "split_id": 2, 
        "parameters": {
            "kernel": "sigmoid", 
            "C": 1.0, 
            "gamma": "scale"
        }, 
        "num_samples": 961, 
        "score_time": 953, 
        "train_score": 0.5090497737556561, 
        "done_at": 1625070849458, 
        "test_score_gib": 0.5271317829457364
    }, 
    {
        "fit_time": 5242, 
        "best_iteration": null, 
        "test_score": 0.5091463414634146, 
        "time": 6146, 
        "split_id": 3, 
        "parameters": {
            "kernel": "sigmoid", 
            "C": 1.0, 
            "gamma": "scale"
        }, 
        "num_samples": 961, 
        "score_time": 904, 
        "train_score": 0.523407521105142, 
        "done_at": 1625070849700, 
        "test_score_gib": 0.5091463414634146
    }, 
    {
        "fit_time": 5381, 
        "best_iteration": null, 
        "test_score": 0.513677811550152, 
        "time": 6356, 
        "split_id": 4, 
        "parameters": {
            "kernel": "sigmoid", 
            "C": 1.0, 
            "gamma": "scale"
        }, 
        "num_samples": 960, 
        "score_time": 975, 
        "train_score": 0.5145009416195857, 
        "done_at": 1625070851293, 
        "test_score_gib": 0.513677811550152
    }, 
    {
        "fit_time": 7215, 
        "best_iteration": null, 
        "test_score": 0.6095505617977528, 
        "time": 8372, 
        "split_id": 0, 
        "parameters": {
            "kernel": "linear", 
            "C": 0.1
        }, 
        "num_samples": 961, 
        "score_time": 1157, 
        "train_score": 0.5900034952813702, 
        "done_at": 1625070857535, 
        "test_score_gib": 0.6095505617977528
    }, 
    {
        "fit_time": 7543, 
        "best_iteration": null, 
        "test_score": 0.5924895688456189, 
        "time": 8743, 
        "split_id": 1, 
        "parameters": {
            "kernel": "linear", 
            "C": 0.1
        }, 
        "num_samples": 961, 
        "score_time": 1200, 
        "train_score": 0.5942536790469516, 
        "done_at": 1625070858205, 
        "test_score_gib": 0.5924895688456189
    }, 
    {
        "fit_time": 7563, 
        "best_iteration": null, 
        "test_score": 0.5888888888888889, 
        "time": 8932, 
        "split_id": 2, 
        "parameters": {
            "kernel": "linear", 
            "C": 0.1
        }, 
        "num_samples": 961, 
        "score_time": 1369, 
        "train_score": 0.5951629863301787, 
        "done_at": 1625070858636, 
        "test_score_gib": 0.5888888888888889
    }, 
    {
        "fit_time": 7611, 
        "best_iteration": null, 
        "test_score": 0.6090651558073655, 
        "time": 8835, 
        "split_id": 3, 
        "parameters": {
            "kernel": "linear", 
            "C": 0.1
        }, 
        "num_samples": 961, 
        "score_time": 1224, 
        "train_score": 0.5901639344262295, 
        "done_at": 1625070860135, 
        "test_score_gib": 0.6090651558073655
    }, 
    {
        "fit_time": 7981, 
        "best_iteration": null, 
        "test_score": 0.5698324022346368, 
        "time": 9299, 
        "split_id": 4, 
        "parameters": {
            "kernel": "linear", 
            "C": 0.1
        }, 
        "num_samples": 960, 
        "score_time": 1318, 
        "train_score": 0.599929996499825, 
        "done_at": 1625070866839, 
        "test_score_gib": 0.5698324022346368
    }, 
    {
        "fit_time": 7805, 
        "best_iteration": null, 
        "test_score": 0.6248085758039816, 
        "time": 9071, 
        "split_id": 0, 
        "parameters": {
            "kernel": "poly", 
            "C": 1.0, 
            "gamma": "scale"
        }, 
        "num_samples": 961, 
        "score_time": 1266, 
        "train_score": 0.6640716231996885, 
        "done_at": 1625070867281, 
        "test_score_gib": 0.6248085758039816
    }, 
    {
        "fit_time": 7897, 
        "best_iteration": null, 
        "test_score": 0.6173228346456693, 
        "time": 9052, 
        "split_id": 1, 
        "parameters": {
            "kernel": "poly", 
            "C": 1.0, 
            "gamma": "scale"
        }, 
        "num_samples": 961, 
        "score_time": 1155, 
        "train_score": 0.6656225528582616, 
        "done_at": 1625070867693, 
        "test_score_gib": 0.6173228346456693
    }, 
    {
        "fit_time": 7747, 
        "best_iteration": null, 
        "test_score": 0.5925925925925926, 
        "time": 9096, 
        "split_id": 2, 
        "parameters": {
            "kernel": "poly", 
            "C": 1.0, 
            "gamma": "scale"
        }, 
        "num_samples": 961, 
        "score_time": 1349, 
        "train_score": 0.6726562500000001, 
        "done_at": 1625070869235, 
        "test_score_gib": 0.5925925925925926
    }, 
    {
        "fit_time": 7743, 
        "best_iteration": null, 
        "test_score": 0.6283891547049442, 
        "time": 8834, 
        "split_id": 3, 
        "parameters": {
            "kernel": "poly", 
            "C": 1.0, 
            "gamma": "scale"
        }, 
        "num_samples": 961, 
        "score_time": 1091, 
        "train_score": 0.6687847498014298, 
        "done_at": 1625070875682, 
        "test_score_gib": 0.6283891547049442
    }, 
    {
        "fit_time": 7756, 
        "best_iteration": null, 
        "test_score": 0.5907692307692307, 
        "time": 8809, 
        "split_id": 4, 
        "parameters": {
            "kernel": "poly", 
            "C": 1.0, 
            "gamma": "scale"
        }, 
        "num_samples": 960, 
        "score_time": 1053, 
        "train_score": 0.6726915520628683, 
        "done_at": 1625070876096, 
        "test_score_gib": 0.5907692307692307
    }, 
    {
        "fit_time": 8028, 
        "best_iteration": null, 
        "test_score": 0.6261682242990655, 
        "time": 9052, 
        "split_id": 0, 
        "parameters": {
            "kernel": "poly", 
            "C": 3.0, 
            "gamma": "scale"
        }, 
        "num_samples": 961, 
        "score_time": 1024, 
        "train_score": 0.6903831118060985, 
        "done_at": 1625070876749, 
        "test_score_gib": 0.6261682242990655
    }, 
    {
        "fit_time": 7707, 
        "best_iteration": null, 
        "test_score": 0.6067415730337078, 
        "time": 8729, 
        "split_id": 1, 
        "parameters": {
            "kernel": "poly", 
            "C": 3.0, 
            "gamma": "scale"
        }, 
        "num_samples": 961, 
        "score_time": 1022, 
        "train_score": 0.6957210776545166, 
        "done_at": 1625070877969, 
        "test_score_gib": 0.6067415730337078
    }, 
    {
        "fit_time": 6547, 
        "best_iteration": null, 
        "test_score": 0.5847589424572317, 
        "time": 7514, 
        "split_id": 2, 
        "parameters": {
            "kernel": "poly", 
            "C": 3.0, 
            "gamma": "scale"
        }, 
        "num_samples": 961, 
        "score_time": 967, 
        "train_score": 0.6991358994501178, 
        "done_at": 1625070883200, 
        "test_score_gib": 0.5847589424572317
    }, 
    {
        "fit_time": 6582, 
        "best_iteration": null, 
        "test_score": 0.610223642172524, 
        "time": 7537, 
        "split_id": 3, 
        "parameters": {
            "kernel": "poly", 
            "C": 3.0, 
            "gamma": "scale"
        }, 
        "num_samples": 961, 
        "score_time": 955, 
        "train_score": 0.697452229299363, 
        "done_at": 1625070883635, 
        "test_score_gib": 0.610223642172524
    }, 
    {
        "fit_time": 6532, 
        "best_iteration": null, 
        "test_score": 0.5849056603773585, 
        "time": 7483, 
        "split_id": 4, 
        "parameters": {
            "kernel": "poly", 
            "C": 3.0, 
            "gamma": "scale"
        }, 
        "num_samples": 960, 
        "score_time": 951, 
        "train_score": 0.7021276595744682, 
        "done_at": 1625070884235, 
        "test_score_gib": 0.5849056603773585
    }, 
    {
        "fit_time": 8024, 
        "best_iteration": null, 
        "test_score": 0.6190476190476191, 
        "time": 9348, 
        "split_id": 0, 
        "parameters": {
            "kernel": "rbf", 
            "C": 0.1, 
            "gamma": "scale"
        }, 
        "num_samples": 961, 
        "score_time": 1324, 
        "train_score": 0.6227905227529147, 
        "done_at": 1625070887319, 
        "test_score_gib": 0.6190476190476191
    }, 
    {
        "fit_time": 7685, 
        "best_iteration": null, 
        "test_score": 0.625748502994012, 
        "time": 9029, 
        "split_id": 1, 
        "parameters": {
            "kernel": "rbf", 
            "C": 0.1, 
            "gamma": "scale"
        }, 
        "num_samples": 961, 
        "score_time": 1344, 
        "train_score": 0.621279761904762, 
        "done_at": 1625070892234, 
        "test_score_gib": 0.625748502994012
    }, 
    {
        "fit_time": 7577, 
        "best_iteration": null, 
        "test_score": 0.6021180030257186, 
        "time": 8890, 
        "split_id": 2, 
        "parameters": {
            "kernel": "rbf", 
            "C": 0.1, 
            "gamma": "scale"
        }, 
        "num_samples": 961, 
        "score_time": 1313, 
        "train_score": 0.6312997347480106, 
        "done_at": 1625070892529, 
        "test_score_gib": 0.6021180030257186
    }, 
    {
        "fit_time": 7597, 
        "best_iteration": null, 
        "test_score": 0.6402439024390244, 
        "time": 8894, 
        "split_id": 3, 
        "parameters": {
            "kernel": "rbf", 
            "C": 0.1, 
            "gamma": "scale"
        }, 
        "num_samples": 961, 
        "score_time": 1297, 
        "train_score": 0.6232380952380953, 
        "done_at": 1625070893133, 
        "test_score_gib": 0.6402439024390244
    }, 
    {
        "fit_time": 7410, 
        "best_iteration": null, 
        "test_score": 0.6038863976083707, 
        "time": 8633, 
        "split_id": 4, 
        "parameters": {
            "kernel": "rbf", 
            "C": 0.1, 
            "gamma": "scale"
        }, 
        "num_samples": 960, 
        "score_time": 1223, 
        "train_score": 0.6275243081525805, 
        "done_at": 1625070895956, 
        "test_score_gib": 0.6038863976083707
    }
]