{
    "usedGridSearch": true, 
    "probaAware": true, 
    "gridSize": 16, 
    "modelInputNRows": 4804, 
    "modelInputNCols": 75, 
    "modelInputMemory": 2882400, 
    "gridCells": [
        {
            "scoreTimeStd": 0.014122322755127783, 
            "scoreTime": 0.7186, 
            "fitTime": 5.513199999999999, 
            "score": 0.593970339018866, 
            "params": {
                "kernel": "linear", 
                "C": 1.0
            }, 
            "fitTimeStd": 0.43039628251182654, 
            "scoreStd": 0.014702852140459917
        }, 
        {
            "scoreTimeStd": 0.020183161298468585, 
            "scoreTime": 0.6878, 
            "fitTime": 4.610399999999999, 
            "score": 0.5255300809839903, 
            "params": {
                "kernel": "sigmoid", 
                "C": 0.5, 
                "gamma": "scale"
            }, 
            "fitTimeStd": 0.20524093159016796, 
            "scoreStd": 0.010467408287301265
        }, 
        {
            "scoreTimeStd": 0.04499955555336074, 
            "scoreTime": 0.7972, 
            "fitTime": 4.8004, 
            "score": 0.618666729051679, 
            "params": {
                "kernel": "poly", 
                "C": 0.1, 
                "gamma": "scale"
            }, 
            "fitTimeStd": 0.12504655133189402, 
            "scoreStd": 0.017618342105406005
        }, 
        {
            "scoreTimeStd": 0.013962807740565648, 
            "scoreTime": 0.7282000000000001, 
            "fitTime": 4.583600000000001, 
            "score": 0.593970339018866, 
            "params": {
                "kernel": "linear", 
                "C": 0.5
            }, 
            "fitTimeStd": 0.1418627505725164, 
            "scoreStd": 0.014702852140459917
        }, 
        {
            "scoreTimeStd": 0.003611094017053558, 
            "scoreTime": 0.7126, 
            "fitTime": 4.639600000000001, 
            "score": 0.6147853708393417, 
            "params": {
                "kernel": "poly", 
                "C": 0.5, 
                "gamma": "scale"
            }, 
            "fitTimeStd": 0.06852619936929233, 
            "scoreStd": 0.01428487872866047
        }, 
        {
            "scoreTimeStd": 0.02523965134466005, 
            "scoreTime": 1.0666, 
            "fitTime": 6.3488, 
            "score": 0.5844884440197943, 
            "params": {
                "kernel": "sigmoid", 
                "C": 0.1, 
                "gamma": "scale"
            }, 
            "fitTimeStd": 0.08713070641283703, 
            "scoreStd": 0.017046908330972214
        }, 
        {
            "scoreTimeStd": 0.0187787113508888, 
            "scoreTime": 0.9156, 
            "fitTime": 5.704, 
            "score": 0.6086412354627796, 
            "params": {
                "kernel": "rbf", 
                "C": 3.0, 
                "gamma": "scale"
            }, 
            "fitTimeStd": 0.05387392690346602, 
            "scoreStd": 0.01471407496649344
        }, 
        {
            "scoreTimeStd": 0.015447977213862015, 
            "scoreTime": 0.6696, 
            "fitTime": 3.946, 
            "score": 0.5110314967391315, 
            "params": {
                "kernel": "sigmoid", 
                "C": 3.0, 
                "gamma": "scale"
            }, 
            "fitTimeStd": 0.1846705174087082, 
            "scoreStd": 0.011039904550262377
        }, 
        {
            "scoreTimeStd": 0.027198529372008333, 
            "scoreTime": 0.7567999999999999, 
            "fitTime": 6.1356, 
            "score": 0.593970339018866, 
            "params": {
                "kernel": "linear", 
                "C": 3.0
            }, 
            "fitTimeStd": 0.20352159590569252, 
            "scoreStd": 0.014702852140459917
        }, 
        {
            "scoreTimeStd": 0.0064, 
            "scoreTime": 0.9508, 
            "fitTime": 5.77, 
            "score": 0.6179876073600253, 
            "params": {
                "kernel": "rbf", 
                "C": 0.5, 
                "gamma": "scale"
            }, 
            "fitTimeStd": 0.11942026628675721, 
            "scoreStd": 0.01633935543133369
        }, 
        {
            "scoreTimeStd": 0.05922634548914867, 
            "scoreTime": 1.0128, 
            "fitTime": 5.9368, 
            "score": 0.6178768238207291, 
            "params": {
                "kernel": "rbf", 
                "C": 1.0, 
                "gamma": "scale"
            }, 
            "fitTimeStd": 0.03676628890709532, 
            "scoreStd": 0.016558873629425253
        }, 
        {
            "scoreTimeStd": 0.060542216675638826, 
            "scoreTime": 0.9138, 
            "fitTime": 5.0406, 
            "score": 0.5168010835717891, 
            "params": {
                "kernel": "sigmoid", 
                "C": 1.0, 
                "gamma": "scale"
            }, 
            "fitTimeStd": 0.34952401920325876, 
            "scoreStd": 0.011454313711456887
        }, 
        {
            "scoreTimeStd": 0.07816034800331943, 
            "scoreTime": 1.2535999999999998, 
            "fitTime": 7.5826, 
            "score": 0.593970339018866, 
            "params": {
                "kernel": "linear", 
                "C": 0.1
            }, 
            "fitTimeStd": 0.24356157332387224, 
            "scoreStd": 0.014702852140459917
        }, 
        {
            "scoreTimeStd": 0.11008433131013697, 
            "scoreTime": 1.1827999999999999, 
            "fitTime": 7.7896, 
            "score": 0.61078064240914, 
            "params": {
                "kernel": "poly", 
                "C": 1.0, 
                "gamma": "scale"
            }, 
            "fitTimeStd": 0.05811574657526134, 
            "scoreStd": 0.016004714866537956
        }, 
        {
            "scoreTimeStd": 0.032443181101735385, 
            "scoreTime": 0.9838, 
            "fitTime": 7.0792, 
            "score": 0.6025632833114601, 
            "params": {
                "kernel": "poly", 
                "C": 3.0, 
                "gamma": "scale"
            }, 
            "fitTimeStd": 0.6518016262636969, 
            "scoreStd": 0.015887459537367483
        }, 
        {
            "scoreTimeStd": 0.04151818878515776, 
            "scoreTime": 1.3002, 
            "fitTime": 7.658600000000001, 
            "score": 0.6182118663900211, 
            "params": {
                "kernel": "rbf", 
                "C": 0.1, 
                "gamma": "scale"
            }, 
            "fitTimeStd": 0.20320885807464203, 
            "scoreStd": 0.014192515877408642
        }
    ], 
    "gridBestScore": 0.618666729051679, 
    "modelInputIsSparse": false
}