{
  "state": "DONE",
  "preSearchDescription": {
    "gridLength": 16,
    "searchStrategy": "GRID",
    "importantParams": [
      {
        "name": "kernel",
        "vals": [
          "linear",
          "poly",
          "rbf",
          "sigmoid"
        ]
      },
      {
        "name": "C",
        "vals": [
          "1.0",
          "0.5",
          "3.0",
          "0.1"
        ]
      },
      {
        "name": "Gamma",
        "vals": [
          "scale"
        ]
      }
    ]
  },
  "postSearchDescription": {
    "importantParams": [
      {
        "name": "kernel",
        "val": "poly"
      },
      {
        "name": "C",
        "val": "0.1"
      },
      {
        "name": "gamma",
        "val": "scale"
      }
    ]
  },
  "resumed": false,
  "timeOrderingEnabled": false,
  "sampleWeightsEnabled": false,
  "modelId": "m1",
  "progress": {
    "top_level_todo": [],
    "stack": [],
    "top_level_done": [
      {
        "name": "Loading train set",
        "time": 24
      },
      {
        "name": "Loading test set",
        "time": 12
      },
      {
        "name": "Collecting statistics",
        "time": 38
      },
      {
        "name": "Preprocessing train set",
        "time": 72
      },
      {
        "name": "Preprocessing test set",
        "time": 46
      },
      {
        "name": "Hyperparameter searching",
        "time": 138332
      },
      {
        "name": "Fitting model",
        "time": 8150
      },
      {
        "name": "Saving model",
        "time": 10
      },
      {
        "name": "Scoring model",
        "time": 1004
      }
    ]
  },
  "startTime": 1625070758442,
  "endTime": 1625070906580,
  "preprocessingTime": 194,
  "trainingTime": 147944,
  "hyperparamsSearchTime": 138332
}