{
    "gridSize": 2, 
    "nThreads": 4, 
    "metric": "F1", 
    "gridPoints": [
        {
            "scoreTimeMean": 313.6, 
            "best_iteration": null, 
            "time": 7547, 
            "trainScoreMean": 0.6570376753569037, 
            "finishedAt": 1624701643740, 
            "fitTimeStd": 391.9874487786567, 
            "testScoreStd": 0.017659483523532613, 
            "scoreTimeStd": 218.7926872635372, 
            "parameters": {
                "max_features": "auto", 
                "n_estimators": 100, 
                "min_samples_split": 3, 
                "max_depth": 6, 
                "min_samples_leaf": 1
            }, 
            "testScoreMean": 0.6296862048096171, 
            "score": 0.6296862048096171, 
            "trainScoreStd": 0.003454474461704589, 
            "testScoreGibMean": 0.6296862048096171, 
            "fitTimeMean": 1195.8
        }, 
        {
            "scoreTimeMean": 203.8, 
            "best_iteration": null, 
            "time": 5585, 
            "trainScoreMean": 0.9280263777697642, 
            "finishedAt": 1624701644833, 
            "fitTimeStd": 322.59225037188975, 
            "testScoreStd": 0.017540419545276565, 
            "scoreTimeStd": 94.48047417323858, 
            "parameters": {
                "max_features": "auto", 
                "n_estimators": 100, 
                "min_samples_split": 3, 
                "max_depth": 14, 
                "min_samples_leaf": 1
            }, 
            "testScoreMean": 0.5966852126866081, 
            "score": 0.5966852126866081, 
            "trainScoreStd": 0.004402438267057962, 
            "testScoreGibMean": 0.5966852126866081, 
            "fitTimeMean": 913.2
        }
    ], 
    "timeout": 15, 
    "startedAt": 1624701641247, 
    "nSplits": 5
}