[
    {
        "fit_time": 1305, 
        "best_iteration": null, 
        "test_score": 0.6490683229813665, 
        "time": 1354, 
        "split_id": 0, 
        "parameters": {
            "max_features": "auto", 
            "n_estimators": 100, 
            "min_samples_split": 3, 
            "max_depth": 6, 
            "min_samples_leaf": 1
        }, 
        "num_samples": 986, 
        "score_time": 49, 
        "train_score": 0.6518518518518518, 
        "done_at": 1624701642604, 
        "test_score_gib": 0.6490683229813665
    }, 
    {
        "fit_time": 1415, 
        "best_iteration": null, 
        "test_score": 0.6017699115044247, 
        "time": 1691, 
        "split_id": 1, 
        "parameters": {
            "max_features": "auto", 
            "n_estimators": 100, 
            "min_samples_split": 3, 
            "max_depth": 6, 
            "min_samples_leaf": 1
        }, 
        "num_samples": 986, 
        "score_time": 276, 
        "train_score": 0.6556390977443609, 
        "done_at": 1624701642943, 
        "test_score_gib": 0.6017699115044247
    }, 
    {
        "fit_time": 1434, 
        "best_iteration": null, 
        "test_score": 0.6176911544227887, 
        "time": 1691, 
        "split_id": 2, 
        "parameters": {
            "max_features": "auto", 
            "n_estimators": 100, 
            "min_samples_split": 3, 
            "max_depth": 6, 
            "min_samples_leaf": 1
        }, 
        "num_samples": 985, 
        "score_time": 257, 
        "train_score": 0.6619243728940472, 
        "done_at": 1624701642948, 
        "test_score_gib": 0.6176911544227887
    }, 
    {
        "fit_time": 1408, 
        "best_iteration": null, 
        "test_score": 0.6350574712643678, 
        "time": 1677, 
        "split_id": 3, 
        "parameters": {
            "max_features": "auto", 
            "n_estimators": 100, 
            "min_samples_split": 3, 
            "max_depth": 6, 
            "min_samples_leaf": 1
        }, 
        "num_samples": 984, 
        "score_time": 269, 
        "train_score": 0.6595431098010317, 
        "done_at": 1624701642937, 
        "test_score_gib": 0.6350574712643678
    }, 
    {
        "fit_time": 417, 
        "best_iteration": null, 
        "test_score": 0.6448736998514116, 
        "time": 1134, 
        "split_id": 4, 
        "parameters": {
            "max_features": "auto", 
            "n_estimators": 100, 
            "min_samples_split": 3, 
            "max_depth": 6, 
            "min_samples_leaf": 1
        }, 
        "num_samples": 984, 
        "score_time": 717, 
        "train_score": 0.6562383612662942, 
        "done_at": 1624701643740, 
        "test_score_gib": 0.6448736998514116
    }, 
    {
        "fit_time": 1211, 
        "best_iteration": null, 
        "test_score": 0.6150870406189556, 
        "time": 1497, 
        "split_id": 0, 
        "parameters": {
            "max_features": "auto", 
            "n_estimators": 100, 
            "min_samples_split": 3, 
            "max_depth": 14, 
            "min_samples_leaf": 1
        }, 
        "num_samples": 986, 
        "score_time": 286, 
        "train_score": 0.9254385964912281, 
        "done_at": 1624701644437, 
        "test_score_gib": 0.6150870406189556
    }, 
    {
        "fit_time": 1163, 
        "best_iteration": null, 
        "test_score": 0.5779467680608366, 
        "time": 1333, 
        "split_id": 1, 
        "parameters": {
            "max_features": "auto", 
            "n_estimators": 100, 
            "min_samples_split": 3, 
            "max_depth": 14, 
            "min_samples_leaf": 1
        }, 
        "num_samples": 986, 
        "score_time": 170, 
        "train_score": 0.9348692955250333, 
        "done_at": 1624701644278, 
        "test_score_gib": 0.5779467680608366
    }, 
    {
        "fit_time": 1153, 
        "best_iteration": null, 
        "test_score": 0.5730337078651686, 
        "time": 1317, 
        "split_id": 2, 
        "parameters": {
            "max_features": "auto", 
            "n_estimators": 100, 
            "min_samples_split": 3, 
            "max_depth": 14, 
            "min_samples_leaf": 1
        }, 
        "num_samples": 985, 
        "score_time": 164, 
        "train_score": 0.9231444883618796, 
        "done_at": 1624701644271, 
        "test_score_gib": 0.5730337078651686
    }, 
    {
        "fit_time": 549, 
        "best_iteration": null, 
        "test_score": 0.6091743119266055, 
        "time": 881, 
        "split_id": 3, 
        "parameters": {
            "max_features": "auto", 
            "n_estimators": 100, 
            "min_samples_split": 3, 
            "max_depth": 14, 
            "min_samples_leaf": 1
        }, 
        "num_samples": 984, 
        "score_time": 332, 
        "train_score": 0.925229558373415, 
        "done_at": 1624701644625, 
        "test_score_gib": 0.6091743119266055
    }, 
    {
        "fit_time": 490, 
        "best_iteration": null, 
        "test_score": 0.6082089552238805, 
        "time": 557, 
        "split_id": 4, 
        "parameters": {
            "max_features": "auto", 
            "n_estimators": 100, 
            "min_samples_split": 3, 
            "max_depth": 14, 
            "min_samples_leaf": 1
        }, 
        "num_samples": 984, 
        "score_time": 67, 
        "train_score": 0.9314462627156126, 
        "done_at": 1624701644833, 
        "test_score_gib": 0.6082089552238805
    }
]