{
    "usedGridSearch": true, 
    "probaAware": true, 
    "gridSize": 2, 
    "rawImportance": {
        "variables": [
            "MonthlyCharges", 
            "SeniorCitizen", 
            "TotalCharges", 
            "tenure", 
            "dummy:Partner:No", 
            "dummy:Partner:Yes", 
            "dummy:OnlineBackup:No", 
            "dummy:OnlineBackup:Yes", 
            "dummy:OnlineBackup:No internet service", 
            "dummy:MultipleLines:No", 
            "dummy:MultipleLines:Yes", 
            "dummy:MultipleLines:No phone service", 
            "dummy:gender:Male", 
            "dummy:gender:Female", 
            "dummy:StreamingTV:No", 
            "dummy:StreamingTV:Yes", 
            "dummy:StreamingTV:No internet service", 
            "dummy:PaperlessBilling:Yes", 
            "dummy:PaperlessBilling:No", 
            "dummy:StreamingMovies:No", 
            "dummy:StreamingMovies:Yes", 
            "dummy:StreamingMovies:No internet service", 
            "dummy:Contract:Month-to-month", 
            "dummy:Contract:Two year", 
            "dummy:Contract:One year", 
            "dummy:DeviceProtection:No", 
            "dummy:DeviceProtection:Yes", 
            "dummy:DeviceProtection:No internet service", 
            "dummy:TechSupport:No", 
            "dummy:TechSupport:Yes", 
            "dummy:TechSupport:No internet service", 
            "dummy:OnlineSecurity:No", 
            "dummy:OnlineSecurity:Yes", 
            "dummy:OnlineSecurity:No internet service", 
            "dummy:PhoneService:Yes", 
            "dummy:PhoneService:No", 
            "dummy:Dependents:No", 
            "dummy:Dependents:Yes", 
            "dummy:InternetService:Fiber optic", 
            "dummy:InternetService:DSL", 
            "dummy:InternetService:No", 
            "dummy:PaymentMethod:Electronic check", 
            "dummy:PaymentMethod:Mailed check", 
            "dummy:PaymentMethod:Bank transfer (automatic)", 
            "dummy:PaymentMethod:Credit card (automatic)"
        ], 
        "importances": [
            0.04077286296660791, 
            0.0043774794292988466, 
            0.06947264963164683, 
            0.11278008044703082, 
            0.0036471157662724797, 
            0.0069891400602510425, 
            0.029857447718107256, 
            0.0035222911047190814, 
            0.01340452134687526, 
            0.0029563434427182012, 
            0.002494975811325929, 
            0.0015767631741106084, 
            0.0021734149449395097, 
            0.0021590924653839506, 
            0.0033807013645690536, 
            0.003030149280357747, 
            0.014011138254227253, 
            0.003874562978219553, 
            0.006341679145648066, 
            0.002373506816243191, 
            0.0033049543444293524, 
            0.00845153001284918, 
            0.1924337923364341, 
            0.08822838459200182, 
            0.023759788546223185, 
            0.007684160356058875, 
            0.0037138908174946844, 
            0.006406737072835567, 
            0.06185280952822369, 
            0.016111876482039662, 
            0.018529536840576014, 
            0.053029669686310565, 
            0.012137826988062341, 
            0.017710418444747165, 
            0.0018459993840129593, 
            0.0026035715285356296, 
            0.0041945755310780295, 
            0.006494832798670087, 
            0.039950798741843825, 
            0.021331588178885107, 
            0.015237779406032017, 
            0.05364775137363222, 
            0.003763494455884657, 
            0.0036665084742955835, 
            0.004711807930291177
        ]
    }, 
    "modelInputNRows": 4925, 
    "modelInputNCols": 75, 
    "modelInputMemory": 2955000, 
    "gridCells": [
        {
            "scoreTimeStd": 0.2187926872635372, 
            "scoreTime": 0.31360000000000005, 
            "fitTime": 1.1958, 
            "score": 0.6296862048096171, 
            "params": {
                "max_features": "auto", 
                "n_estimators": 100, 
                "min_samples_split": 3, 
                "max_depth": 6, 
                "min_samples_leaf": 1
            }, 
            "fitTimeStd": 0.3919874487786567, 
            "scoreStd": 0.017659483523532613
        }, 
        {
            "scoreTimeStd": 0.09448047417323857, 
            "scoreTime": 0.2038, 
            "fitTime": 0.9132, 
            "score": 0.5966852126866081, 
            "params": {
                "max_features": "auto", 
                "n_estimators": 100, 
                "min_samples_split": 3, 
                "max_depth": 14, 
                "min_samples_leaf": 1
            }, 
            "fitTimeStd": 0.32259225037188977, 
            "scoreStd": 0.017540419545276565
        }
    ], 
    "gridBestScore": 0.6296862048096171, 
    "modelInputIsSparse": false
}