{
  "state": "DONE",
  "preSearchDescription": {
    "gridLength": 2,
    "searchStrategy": "GRID",
    "importantParams": [
      {
        "name": "trees",
        "vals": [
          "100"
        ]
      },
      {
        "name": "depth",
        "vals": [
          "6",
          "14"
        ]
      },
      {
        "name": "min_samples",
        "vals": [
          "1"
        ]
      }
    ]
  },
  "postSearchDescription": {
    "importantParams": [
      {
        "name": "trees",
        "val": "100"
      },
      {
        "name": "depth",
        "val": "6"
      },
      {
        "name": "min_samples",
        "val": "1"
      }
    ]
  },
  "resumed": false,
  "timeOrderingEnabled": false,
  "sampleWeightsEnabled": false,
  "modelId": "m1",
  "progress": {
    "top_level_todo": [],
    "stack": [],
    "top_level_done": [
      {
        "name": "Loading train set",
        "time": 28
      },
      {
        "name": "Loading test set",
        "time": 12
      },
      {
        "name": "Collecting statistics",
        "time": 34
      },
      {
        "name": "Preprocessing train set",
        "time": 76
      },
      {
        "name": "Preprocessing test set",
        "time": 44
      },
      {
        "name": "Hyperparameter searching",
        "time": 4046
      },
      {
        "name": "Fitting model",
        "time": 654
      },
      {
        "name": "Saving model",
        "time": 33
      },
      {
        "name": "Scoring model",
        "time": 1370
      }
    ]
  },
  "startTime": 1624701641025,
  "endTime": 1624701647382,
  "preprocessingTime": 197,
  "trainingTime": 6160,
  "hyperparamsSearchTime": 4046
}