{
    "per_feature": {
        "SeniorCitizen": {
            "stats": {
                "std": 0.36944485839674035, 
                "p99": 1.0, 
                "min": 0.0, 
                "max": 1.0, 
                "average": 0.1630456852791878, 
                "median": 0.0
            }, 
            "missing_impute_with_value": 0.1630456852791878
        }, 
        "tenure": {
            "stats": {
                "std": 24.58999757961551, 
                "p99": 72.0, 
                "min": 1.0, 
                "max": 72.0, 
                "average": 32.34253807106599, 
                "median": 29.0
            }, 
            "missing_impute_with_value": 32.34253807106599
        }, 
        "DeviceProtection": {
            "stats": {
                "mostFrequentValue": "No", 
                "leastFrequentValue": "No internet service"
            }, 
            "category_possible_counts": [
                2162, 
                1688, 
                1075
            ], 
            "category_possible_values": [
                "No", 
                "Yes", 
                "No internet service"
            ]
        }, 
        "MonthlyCharges": {
            "stats": {
                "std": 30.11747083487766, 
                "p99": 114.68800000000002, 
                "min": 18.4, 
                "max": 118.75, 
                "average": 64.51394923857866, 
                "median": 70.2
            }, 
            "missing_impute_with_value": 64.51394923857866
        }, 
        "OnlineBackup": {
            "stats": {
                "mostFrequentValue": "No", 
                "leastFrequentValue": "No internet service"
            }, 
            "category_possible_counts": [
                2146, 
                1704, 
                1075
            ], 
            "category_possible_values": [
                "No", 
                "Yes", 
                "No internet service"
            ]
        }, 
        "MultipleLines": {
            "stats": {
                "mostFrequentValue": "No", 
                "leastFrequentValue": "No phone service"
            }, 
            "category_possible_counts": [
                2360, 
                2072, 
                493
            ], 
            "category_possible_values": [
                "No", 
                "Yes", 
                "No phone service"
            ]
        }, 
        "OnlineSecurity": {
            "stats": {
                "mostFrequentValue": "No", 
                "leastFrequentValue": "No internet service"
            }, 
            "category_possible_counts": [
                2437, 
                1413, 
                1075
            ], 
            "category_possible_values": [
                "No", 
                "Yes", 
                "No internet service"
            ]
        }, 
        "StreamingTV": {
            "stats": {
                "mostFrequentValue": "No", 
                "leastFrequentValue": "No internet service"
            }, 
            "category_possible_counts": [
                1968, 
                1882, 
                1075
            ], 
            "category_possible_values": [
                "No", 
                "Yes", 
                "No internet service"
            ]
        }, 
        "PaperlessBilling": {
            "stats": {
                "mostFrequentValue": "Yes", 
                "leastFrequentValue": "No"
            }, 
            "category_possible_counts": [
                2910, 
                2015
            ], 
            "category_possible_values": [
                "Yes", 
                "No"
            ]
        }, 
        "StreamingMovies": {
            "stats": {
                "mostFrequentValue": "No", 
                "leastFrequentValue": "No internet service"
            }, 
            "category_possible_counts": [
                1945, 
                1905, 
                1075
            ], 
            "category_possible_values": [
                "No", 
                "Yes", 
                "No internet service"
            ]
        }, 
        "Partner": {
            "stats": {
                "mostFrequentValue": "No", 
                "leastFrequentValue": "Yes"
            }, 
            "category_possible_counts": [
                2564, 
                2361
            ], 
            "category_possible_values": [
                "No", 
                "Yes"
            ]
        }, 
        "Churn": {
            "stats": {}
        }, 
        "Contract": {
            "stats": {
                "mostFrequentValue": "Month-to-month", 
                "leastFrequentValue": "One year"
            }, 
            "category_possible_counts": [
                2694, 
                1190, 
                1041
            ], 
            "category_possible_values": [
                "Month-to-month", 
                "Two year", 
                "One year"
            ]
        }, 
        "TechSupport": {
            "stats": {
                "mostFrequentValue": "No", 
                "leastFrequentValue": "No internet service"
            }, 
            "category_possible_counts": [
                2436, 
                1414, 
                1075
            ], 
            "category_possible_values": [
                "No", 
                "Yes", 
                "No internet service"
            ]
        }, 
        "gender": {
            "stats": {
                "mostFrequentValue": "Male", 
                "leastFrequentValue": "Female"
            }, 
            "category_possible_counts": [
                2474, 
                2451
            ], 
            "category_possible_values": [
                "Male", 
                "Female"
            ]
        }, 
        "PhoneService": {
            "stats": {
                "mostFrequentValue": "Yes", 
                "leastFrequentValue": "No"
            }, 
            "category_possible_counts": [
                4432, 
                493
            ], 
            "category_possible_values": [
                "Yes", 
                "No"
            ]
        }, 
        "Dependents": {
            "stats": {
                "mostFrequentValue": "No", 
                "leastFrequentValue": "Yes"
            }, 
            "category_possible_counts": [
                3491, 
                1434
            ], 
            "category_possible_values": [
                "No", 
                "Yes"
            ]
        }, 
        "InternetService": {
            "stats": {
                "mostFrequentValue": "Fiber optic", 
                "leastFrequentValue": "No"
            }, 
            "category_possible_counts": [
                2147, 
                1703, 
                1075
            ], 
            "category_possible_values": [
                "Fiber optic", 
                "DSL", 
                "No"
            ]
        }, 
        "PaymentMethod": {
            "stats": {
                "mostFrequentValue": "Electronic check", 
                "leastFrequentValue": "Credit card (automatic)"
            }, 
            "category_possible_counts": [
                1631, 
                1147, 
                1091, 
                1056
            ], 
            "category_possible_values": [
                "Electronic check", 
                "Mailed check", 
                "Bank transfer (automatic)", 
                "Credit card (automatic)"
            ]
        }, 
        "customerID": {
            "stats": {}
        }, 
        "TotalCharges": {
            "stats": {
                "std": 2272.381290294915, 
                "p99": 8069.754000000002, 
                "min": 18.85, 
                "max": 8684.8, 
                "average": 2268.222497461937, 
                "median": 1363.25
            }, 
            "missing_impute_with_value": 2268.222497461937
        }
    }, 
    "feature_order": [
        "tenure", 
        "SeniorCitizen", 
        "Partner", 
        "Churn", 
        "MonthlyCharges", 
        "OnlineBackup", 
        "MultipleLines", 
        "gender", 
        "StreamingTV", 
        "PaperlessBilling", 
        "StreamingMovies", 
        "Contract", 
        "DeviceProtection", 
        "TotalCharges", 
        "TechSupport", 
        "OnlineSecurity", 
        "PhoneService", 
        "Dependents", 
        "InternetService", 
        "PaymentMethod", 
        "customerID"
    ]
}