[
    {
        "fit_time": 63, 
        "best_iteration": 5, 
        "test_score": 0.5446224256292906, 
        "time": 67, 
        "split_id": 0, 
        "parameters": {
            "reg_alpha": 0.0, 
            "colsample_bytree": 1.0, 
            "colsample_bylevel": 1.0, 
            "learning_rate": 0.2, 
            "max_delta_step": 0.0, 
            "min_child_weight": 1.0, 
            "subsample": 1.0, 
            "reg_lambda": 1.0, 
            "max_depth": 3, 
            "gamma": 0.0, 
            "booster": "gbtree"
        }, 
        "num_samples": 986, 
        "score_time": 4, 
        "train_score": 0.5421822272215973, 
        "done_at": 1624702726648, 
        "test_score_gib": 0.5446224256292906
    }, 
    {
        "fit_time": 51, 
        "best_iteration": 3, 
        "test_score": 0.4878048780487805, 
        "time": 55, 
        "split_id": 1, 
        "parameters": {
            "reg_alpha": 0.0, 
            "colsample_bytree": 1.0, 
            "colsample_bylevel": 1.0, 
            "learning_rate": 0.2, 
            "max_delta_step": 0.0, 
            "min_child_weight": 1.0, 
            "subsample": 1.0, 
            "reg_lambda": 1.0, 
            "max_depth": 3, 
            "gamma": 0.0, 
            "booster": "gbtree"
        }, 
        "num_samples": 986, 
        "score_time": 4, 
        "train_score": 0.5136741973840666, 
        "done_at": 1624702726640, 
        "test_score_gib": 0.4878048780487805
    }, 
    {
        "fit_time": 67, 
        "best_iteration": 7, 
        "test_score": 0.5099778270509977, 
        "time": 72, 
        "split_id": 2, 
        "parameters": {
            "reg_alpha": 0.0, 
            "colsample_bytree": 1.0, 
            "colsample_bylevel": 1.0, 
            "learning_rate": 0.2, 
            "max_delta_step": 0.0, 
            "min_child_weight": 1.0, 
            "subsample": 1.0, 
            "reg_lambda": 1.0, 
            "max_depth": 3, 
            "gamma": 0.0, 
            "booster": "gbtree"
        }, 
        "num_samples": 985, 
        "score_time": 5, 
        "train_score": 0.5646794150731158, 
        "done_at": 1624702726659, 
        "test_score_gib": 0.5099778270509977
    }, 
    {
        "fit_time": 65, 
        "best_iteration": 7, 
        "test_score": 0.589010989010989, 
        "time": 71, 
        "split_id": 3, 
        "parameters": {
            "reg_alpha": 0.0, 
            "colsample_bytree": 1.0, 
            "colsample_bylevel": 1.0, 
            "learning_rate": 0.2, 
            "max_delta_step": 0.0, 
            "min_child_weight": 1.0, 
            "subsample": 1.0, 
            "reg_lambda": 1.0, 
            "max_depth": 3, 
            "gamma": 0.0, 
            "booster": "gbtree"
        }, 
        "num_samples": 984, 
        "score_time": 6, 
        "train_score": 0.5520661157024794, 
        "done_at": 1624702726660, 
        "test_score_gib": 0.589010989010989
    }, 
    {
        "fit_time": 75, 
        "best_iteration": 11, 
        "test_score": 0.584070796460177, 
        "time": 79, 
        "split_id": 4, 
        "parameters": {
            "reg_alpha": 0.0, 
            "colsample_bytree": 1.0, 
            "colsample_bylevel": 1.0, 
            "learning_rate": 0.2, 
            "max_delta_step": 0.0, 
            "min_child_weight": 1.0, 
            "subsample": 1.0, 
            "reg_lambda": 1.0, 
            "max_depth": 3, 
            "gamma": 0.0, 
            "booster": "gbtree"
        }, 
        "num_samples": 984, 
        "score_time": 4, 
        "train_score": 0.5632247377139702, 
        "done_at": 1624702726720, 
        "test_score_gib": 0.584070796460177
    }
]