{
    "gridSize": 1, 
    "nThreads": 4, 
    "metric": "F1", 
    "gridPoints": [
        {
            "scoreTimeMean": 4.6, 
            "best_iteration": 7, 
            "time": 344, 
            "trainScoreMean": 0.5471532707147188, 
            "finishedAt": 1624702726720, 
            "fitTimeStd": 7.756287771866126, 
            "testScoreStd": 0.03985631499770205, 
            "scoreTimeStd": 0.8, 
            "parameters": {
                "reg_alpha": 0.0, 
                "colsample_bytree": 1.0, 
                "colsample_bylevel": 1.0, 
                "learning_rate": 0.2, 
                "max_delta_step": 0.0, 
                "min_child_weight": 1.0, 
                "subsample": 1.0, 
                "reg_lambda": 1.0, 
                "max_depth": 3, 
                "gamma": 0.0, 
                "booster": "gbtree"
            }, 
            "testScoreMean": 0.5430688239544038, 
            "score": 0.5430688239544038, 
            "trainScoreStd": 0.018633463089854734, 
            "testScoreGibMean": 0.5430688239544038, 
            "fitTimeMean": 64.2
        }
    ], 
    "timeout": 15, 
    "startedAt": 1624702726579, 
    "nSplits": 5
}