{
    "usedGridSearch": true, 
    "probaAware": true, 
    "gridSize": 1, 
    "rawImportance": {
        "variables": [
            "MonthlyCharges", 
            "TotalCharges", 
            "tenure", 
            "dummy:OnlineBackup:No internet service", 
            "dummy:Contract:Month-to-month", 
            "dummy:Contract:Two year"
        ], 
        "importances": [
            0.054011549800634384, 
            0.012061819434165955, 
            0.06980013847351074, 
            0.08187048137187958, 
            0.7429547905921936, 
            0.03930124640464783
        ]
    }, 
    "modelInputNRows": 4925, 
    "modelInputNCols": 15, 
    "modelInputMemory": 591000, 
    "gridCells": [
        {
            "scoreTimeStd": 0.0008, 
            "scoreTime": 0.0046, 
            "fitTime": 0.06420000000000001, 
            "score": 0.5430688239544038, 
            "params": {
                "reg_alpha": 0.0, 
                "colsample_bytree": 1.0, 
                "colsample_bylevel": 1.0, 
                "learning_rate": 0.2, 
                "max_delta_step": 0.0, 
                "min_child_weight": 1.0, 
                "n_estimators": 8, 
                "subsample": 1.0, 
                "reg_lambda": 1.0, 
                "max_depth": 3, 
                "gamma": 0.0, 
                "booster": "gbtree"
            }, 
            "fitTimeStd": 0.007756287771866126, 
            "scoreStd": 0.03985631499770205
        }
    ], 
    "gridBestScore": 0.5430688239544038, 
    "modelInputIsSparse": false, 
    "nBoostedEstimators": 4
}