{
  "state": "DONE",
  "preSearchDescription": {
    "gridLength": 1,
    "searchStrategy": "GRID",
    "importantParams": [
      {
        "name": "trees",
        "val": "300"
      },
      {
        "name": "max_depth",
        "vals": [
          "3"
        ]
      }
    ]
  },
  "postSearchDescription": {
    "importantParams": [
      {
        "name": "trees",
        "val": "8"
      },
      {
        "name": "max_depth",
        "val": "3"
      }
    ]
  },
  "resumed": false,
  "timeOrderingEnabled": false,
  "sampleWeightsEnabled": false,
  "modelId": "m1",
  "progress": {
    "top_level_todo": [],
    "stack": [],
    "top_level_done": [
      {
        "name": "Loading train set",
        "time": 21
      },
      {
        "name": "Loading test set",
        "time": 12
      },
      {
        "name": "Collecting statistics",
        "time": 38
      },
      {
        "name": "Preprocessing train set",
        "time": 108
      },
      {
        "name": "Preprocessing test set",
        "time": 56
      },
      {
        "name": "Fitting model",
        "time": 1080
      },
      {
        "name": "Saving model",
        "time": 2
      },
      {
        "name": "Scoring model",
        "time": 468
      }
    ]
  },
  "startTime": 1624702726306,
  "endTime": 1624702728148,
  "preprocessingTime": 236,
  "trainingTime": 1606,
  "hyperparamsSearchTime": 0
}