[
    {
        "fit_time": 16, 
        "best_iteration": null, 
        "test_score": 0.6561514195583596, 
        "time": 19, 
        "split_id": 0, 
        "parameters": {
            "penalty": "l2", 
            "C": 1.0
        }, 
        "num_samples": 986, 
        "score_time": 3, 
        "train_score": 0.6263318112633182, 
        "done_at": 1624702716849, 
        "test_score_gib": 0.6561514195583596
    }, 
    {
        "fit_time": 18, 
        "best_iteration": null, 
        "test_score": 0.6071428571428572, 
        "time": 31, 
        "split_id": 1, 
        "parameters": {
            "penalty": "l2", 
            "C": 1.0
        }, 
        "num_samples": 986, 
        "score_time": 13, 
        "train_score": 0.6320968962906889, 
        "done_at": 1624702716863, 
        "test_score_gib": 0.6071428571428572
    }, 
    {
        "fit_time": 17, 
        "best_iteration": null, 
        "test_score": 0.6230529595015576, 
        "time": 27, 
        "split_id": 2, 
        "parameters": {
            "penalty": "l2", 
            "C": 1.0
        }, 
        "num_samples": 985, 
        "score_time": 10, 
        "train_score": 0.6293759512937595, 
        "done_at": 1624702716863, 
        "test_score_gib": 0.6230529595015576
    }, 
    {
        "fit_time": 15, 
        "best_iteration": null, 
        "test_score": 0.6323529411764707, 
        "time": 25, 
        "split_id": 3, 
        "parameters": {
            "penalty": "l2", 
            "C": 1.0
        }, 
        "num_samples": 984, 
        "score_time": 10, 
        "train_score": 0.6250000000000001, 
        "done_at": 1624702716862, 
        "test_score_gib": 0.6323529411764707
    }, 
    {
        "fit_time": 11, 
        "best_iteration": null, 
        "test_score": 0.6139817629179332, 
        "time": 25, 
        "split_id": 4, 
        "parameters": {
            "penalty": "l2", 
            "C": 1.0
        }, 
        "num_samples": 984, 
        "score_time": 14, 
        "train_score": 0.6372623574144487, 
        "done_at": 1624702716879, 
        "test_score_gib": 0.6139817629179332
    }, 
    {
        "fit_time": 12, 
        "best_iteration": null, 
        "test_score": 0.631578947368421, 
        "time": 24, 
        "split_id": 0, 
        "parameters": {
            "penalty": "l2", 
            "C": 0.01
        }, 
        "num_samples": 986, 
        "score_time": 12, 
        "train_score": 0.6178982547344968, 
        "done_at": 1624702716889, 
        "test_score_gib": 0.631578947368421
    }, 
    {
        "fit_time": 9, 
        "best_iteration": null, 
        "test_score": 0.5927007299270073, 
        "time": 27, 
        "split_id": 1, 
        "parameters": {
            "penalty": "l2", 
            "C": 0.01
        }, 
        "num_samples": 986, 
        "score_time": 18, 
        "train_score": 0.6222056631892697, 
        "done_at": 1624702716900, 
        "test_score_gib": 0.5927007299270073
    }, 
    {
        "fit_time": 11, 
        "best_iteration": null, 
        "test_score": 0.622154779969651, 
        "time": 28, 
        "split_id": 2, 
        "parameters": {
            "penalty": "l2", 
            "C": 0.01
        }, 
        "num_samples": 985, 
        "score_time": 17, 
        "train_score": 0.6150985496467088, 
        "done_at": 1624702716899, 
        "test_score_gib": 0.622154779969651
    }, 
    {
        "fit_time": 9, 
        "best_iteration": null, 
        "test_score": 0.6309696092619392, 
        "time": 24, 
        "split_id": 3, 
        "parameters": {
            "penalty": "l2", 
            "C": 0.01
        }, 
        "num_samples": 984, 
        "score_time": 15, 
        "train_score": 0.613263785394933, 
        "done_at": 1624702716908, 
        "test_score_gib": 0.6309696092619392
    }, 
    {
        "fit_time": 9, 
        "best_iteration": null, 
        "test_score": 0.6032689450222882, 
        "time": 25, 
        "split_id": 4, 
        "parameters": {
            "penalty": "l2", 
            "C": 0.01
        }, 
        "num_samples": 984, 
        "score_time": 16, 
        "train_score": 0.6241134751773051, 
        "done_at": 1624702716919, 
        "test_score_gib": 0.6032689450222882
    }, 
    {
        "fit_time": 12, 
        "best_iteration": null, 
        "test_score": 0.6489028213166145, 
        "time": 24, 
        "split_id": 0, 
        "parameters": {
            "penalty": "l2", 
            "C": 0.1
        }, 
        "num_samples": 986, 
        "score_time": 12, 
        "train_score": 0.6243346007604562, 
        "done_at": 1624702716928, 
        "test_score_gib": 0.6489028213166145
    }, 
    {
        "fit_time": 14, 
        "best_iteration": null, 
        "test_score": 0.5991058122205662, 
        "time": 33, 
        "split_id": 1, 
        "parameters": {
            "penalty": "l2", 
            "C": 0.1
        }, 
        "num_samples": 986, 
        "score_time": 19, 
        "train_score": 0.6333333333333334, 
        "done_at": 1624702716939, 
        "test_score_gib": 0.5991058122205662
    }, 
    {
        "fit_time": 12, 
        "best_iteration": null, 
        "test_score": 0.6325581395348838, 
        "time": 29, 
        "split_id": 2, 
        "parameters": {
            "penalty": "l2", 
            "C": 0.1
        }, 
        "num_samples": 985, 
        "score_time": 17, 
        "train_score": 0.6261398176291794, 
        "done_at": 1624702716942, 
        "test_score_gib": 0.6325581395348838
    }, 
    {
        "fit_time": 12, 
        "best_iteration": null, 
        "test_score": 0.6325036603221084, 
        "time": 27, 
        "split_id": 3, 
        "parameters": {
            "penalty": "l2", 
            "C": 0.1
        }, 
        "num_samples": 984, 
        "score_time": 15, 
        "train_score": 0.6276150627615064, 
        "done_at": 1624702716952, 
        "test_score_gib": 0.6325036603221084
    }, 
    {
        "fit_time": 11, 
        "best_iteration": null, 
        "test_score": 0.60882800608828, 
        "time": 23, 
        "split_id": 4, 
        "parameters": {
            "penalty": "l2", 
            "C": 0.1
        }, 
        "num_samples": 984, 
        "score_time": 12, 
        "train_score": 0.6312997347480106, 
        "done_at": 1624702716957, 
        "test_score_gib": 0.60882800608828
    }, 
    {
        "fit_time": 15, 
        "best_iteration": null, 
        "test_score": 0.660377358490566, 
        "time": 29, 
        "split_id": 0, 
        "parameters": {
            "penalty": "l2", 
            "C": 10.0
        }, 
        "num_samples": 986, 
        "score_time": 14, 
        "train_score": 0.6286149162861491, 
        "done_at": 1624702716972, 
        "test_score_gib": 0.660377358490566
    }, 
    {
        "fit_time": 14, 
        "best_iteration": null, 
        "test_score": 0.6110283159463488, 
        "time": 28, 
        "split_id": 1, 
        "parameters": {
            "penalty": "l2", 
            "C": 10.0
        }, 
        "num_samples": 986, 
        "score_time": 14, 
        "train_score": 0.6303030303030303, 
        "done_at": 1624702716978, 
        "test_score_gib": 0.6110283159463488
    }, 
    {
        "fit_time": 14, 
        "best_iteration": null, 
        "test_score": 0.6251944012441679, 
        "time": 29, 
        "split_id": 2, 
        "parameters": {
            "penalty": "l2", 
            "C": 10.0
        }, 
        "num_samples": 985, 
        "score_time": 15, 
        "train_score": 0.6291793313069909, 
        "done_at": 1624702716985, 
        "test_score_gib": 0.6251944012441679
    }, 
    {
        "fit_time": 14, 
        "best_iteration": null, 
        "test_score": 0.6332842415316642, 
        "time": 30, 
        "split_id": 3, 
        "parameters": {
            "penalty": "l2", 
            "C": 10.0
        }, 
        "num_samples": 984, 
        "score_time": 16, 
        "train_score": 0.6259541984732824, 
        "done_at": 1624702716991, 
        "test_score_gib": 0.6332842415316642
    }, 
    {
        "fit_time": 15, 
        "best_iteration": null, 
        "test_score": 0.6149162861491629, 
        "time": 26, 
        "split_id": 4, 
        "parameters": {
            "penalty": "l2", 
            "C": 10.0
        }, 
        "num_samples": 984, 
        "score_time": 11, 
        "train_score": 0.6365019011406844, 
        "done_at": 1624702717003, 
        "test_score_gib": 0.6149162861491629
    }, 
    {
        "fit_time": 14, 
        "best_iteration": null, 
        "test_score": 0.660377358490566, 
        "time": 27, 
        "split_id": 0, 
        "parameters": {
            "penalty": "l2", 
            "C": 100.0
        }, 
        "num_samples": 986, 
        "score_time": 13, 
        "train_score": 0.6280928816140083, 
        "done_at": 1624702717010, 
        "test_score_gib": 0.660377358490566
    }, 
    {
        "fit_time": 15, 
        "best_iteration": null, 
        "test_score": 0.6110283159463488, 
        "time": 33, 
        "split_id": 1, 
        "parameters": {
            "penalty": "l2", 
            "C": 100.0
        }, 
        "num_samples": 986, 
        "score_time": 18, 
        "train_score": 0.6305418719211823, 
        "done_at": 1624702717022, 
        "test_score_gib": 0.6110283159463488
    }, 
    {
        "fit_time": 15, 
        "best_iteration": null, 
        "test_score": 0.6251944012441679, 
        "time": 27, 
        "split_id": 2, 
        "parameters": {
            "penalty": "l2", 
            "C": 100.0
        }, 
        "num_samples": 985, 
        "score_time": 12, 
        "train_score": 0.629418472063854, 
        "done_at": 1624702717023, 
        "test_score_gib": 0.6251944012441679
    }, 
    {
        "fit_time": 17, 
        "best_iteration": null, 
        "test_score": 0.6342182890855458, 
        "time": 19, 
        "split_id": 3, 
        "parameters": {
            "penalty": "l2", 
            "C": 100.0
        }, 
        "num_samples": 984, 
        "score_time": 2, 
        "train_score": 0.6259541984732824, 
        "done_at": 1624702717026, 
        "test_score_gib": 0.6342182890855458
    }, 
    {
        "fit_time": 13, 
        "best_iteration": null, 
        "test_score": 0.6149162861491629, 
        "time": 14, 
        "split_id": 4, 
        "parameters": {
            "penalty": "l2", 
            "C": 100.0
        }, 
        "num_samples": 984, 
        "score_time": 1, 
        "train_score": 0.6359832635983264, 
        "done_at": 1624702717031, 
        "test_score_gib": 0.6149162861491629
    }
]