{
    "gridSize": 5, 
    "nThreads": 4, 
    "metric": "F1", 
    "gridPoints": [
        {
            "scoreTimeMean": 10.0, 
            "best_iteration": null, 
            "time": 127, 
            "trainScoreMean": 0.63001262484638, 
            "finishedAt": 1624702716879, 
            "fitTimeStd": 2.4166091947189146, 
            "testScoreStd": 0.017075257692366643, 
            "scoreTimeStd": 3.847076812334269, 
            "parameters": {
                "penalty": "l2", 
                "C": 1.0
            }, 
            "testScoreMean": 0.6265398316274776, 
            "score": 0.6265398316274776, 
            "trainScoreStd": 0.004380005855234062, 
            "testScoreGibMean": 0.6265398316274776, 
            "fitTimeMean": 15.4
        }, 
        {
            "scoreTimeMean": 15.6, 
            "best_iteration": null, 
            "time": 128, 
            "trainScoreMean": 0.6185164992645532, 
            "finishedAt": 1624702716919, 
            "fitTimeStd": 1.2649110640673518, 
            "testScoreStd": 0.01555588281636425, 
            "scoreTimeStd": 2.0591260281974, 
            "parameters": {
                "penalty": "l2", 
                "C": 0.01
            }, 
            "testScoreMean": 0.6161325802028585, 
            "score": 0.6161325802028585, 
            "trainScoreStd": 0.004112081458193262, 
            "testScoreGibMean": 0.6161325802028585, 
            "fitTimeMean": 10.0
        }, 
        {
            "scoreTimeMean": 15.0, 
            "best_iteration": null, 
            "time": 136, 
            "trainScoreMean": 0.6285442566762606, 
            "finishedAt": 1624702716957, 
            "fitTimeStd": 0.9797958971132712, 
            "testScoreStd": 0.0179768749122248, 
            "scoreTimeStd": 2.756809750418044, 
            "parameters": {
                "penalty": "l2", 
                "C": 0.1
            }, 
            "testScoreMean": 0.6243810436258564, 
            "score": 0.6243810436258564, 
            "trainScoreStd": 0.003314409050851468, 
            "testScoreGibMean": 0.6243810436258564, 
            "fitTimeMean": 12.2
        }, 
        {
            "scoreTimeMean": 14.0, 
            "best_iteration": null, 
            "time": 142, 
            "trainScoreMean": 0.6301099570953218, 
            "finishedAt": 1624702717003, 
            "fitTimeStd": 0.4898979485566356, 
            "testScoreStd": 0.01754884382917359, 
            "scoreTimeStd": 1.6733200530681511, 
            "parameters": {
                "penalty": "l2", 
                "C": 10.0
            }, 
            "testScoreMean": 0.6289648323773072, 
            "score": 0.6289648323773072, 
            "trainScoreStd": 0.0034988301362192656, 
            "testScoreGibMean": 0.6289648323773072, 
            "fitTimeMean": 14.4
        }, 
        {
            "scoreTimeMean": 9.2, 
            "best_iteration": null, 
            "time": 120, 
            "trainScoreMean": 0.6299974669334126, 
            "finishedAt": 1624702717031, 
            "fitTimeStd": 1.32664991614216, 
            "testScoreStd": 0.01759868118987901, 
            "scoreTimeStd": 6.615134163416491, 
            "parameters": {
                "penalty": "l2", 
                "C": 100.0
            }, 
            "testScoreMean": 0.6291514522337578, 
            "score": 0.6291514522337578, 
            "trainScoreStd": 0.0033582093398582115, 
            "testScoreGibMean": 0.6291514522337578, 
            "fitTimeMean": 14.8
        }
    ], 
    "timeout": 15, 
    "startedAt": 1624702716827, 
    "nSplits": 5
}