{
    "usedGridSearch": true, 
    "probaAware": true, 
    "gridSize": 5, 
    "modelInputNRows": 4925, 
    "modelInputNCols": 15, 
    "modelInputMemory": 591000, 
    "gridCells": [
        {
            "scoreTimeStd": 0.003847076812334269, 
            "scoreTime": 0.01, 
            "fitTime": 0.0154, 
            "score": 0.6265398316274776, 
            "params": {
                "penalty": "l2", 
                "C": 1.0
            }, 
            "fitTimeStd": 0.0024166091947189147, 
            "scoreStd": 0.017075257692366643
        }, 
        {
            "scoreTimeStd": 0.0020591260281974, 
            "scoreTime": 0.0156, 
            "fitTime": 0.01, 
            "score": 0.6161325802028585, 
            "params": {
                "penalty": "l2", 
                "C": 0.01
            }, 
            "fitTimeStd": 0.0012649110640673518, 
            "scoreStd": 0.01555588281636425
        }, 
        {
            "scoreTimeStd": 0.0027568097504180444, 
            "scoreTime": 0.015, 
            "fitTime": 0.012199999999999999, 
            "score": 0.6243810436258564, 
            "params": {
                "penalty": "l2", 
                "C": 0.1
            }, 
            "fitTimeStd": 0.0009797958971132711, 
            "scoreStd": 0.0179768749122248
        }, 
        {
            "scoreTimeStd": 0.001673320053068151, 
            "scoreTime": 0.014, 
            "fitTime": 0.0144, 
            "score": 0.6289648323773072, 
            "params": {
                "penalty": "l2", 
                "C": 10.0
            }, 
            "fitTimeStd": 0.0004898979485566356, 
            "scoreStd": 0.01754884382917359
        }, 
        {
            "scoreTimeStd": 0.006615134163416491, 
            "scoreTime": 0.0092, 
            "fitTime": 0.0148, 
            "score": 0.6291514522337578, 
            "params": {
                "penalty": "l2", 
                "C": 100.0
            }, 
            "fitTimeStd": 0.00132664991614216, 
            "scoreStd": 0.01759868118987901
        }
    ], 
    "lmCoefficients": {
        "interceptStderr": null, 
        "interceptTstat": null, 
        "rescaledInterceptCoef": -0.7519113797321917, 
        "rescaledCoefs": [
            0.30630978412355286, 
            0.001628016120630552, 
            0.0003041051162291181, 
            -0.06398885544180591, 
            -0.061505857737440224, 
            0.1315992917536348, 
            0.35136266975721536, 
            0.14630074231957121, 
            0.4926646058877344, 
            -0.015274494515327882, 
            0.45653707546442085, 
            0.020853035907949517, 
            0.2776206690196067, 
            0.5952594143936396, 
            0.5737394620737124
        ], 
        "variables": [
            "SeniorCitizen", 
            "MonthlyCharges", 
            "TotalCharges", 
            "tenure", 
            "dummy:Partner:No", 
            "dummy:OnlineBackup:No", 
            "dummy:PaperlessBilling:Yes", 
            "dummy:DeviceProtection:No", 
            "dummy:TechSupport:No", 
            "dummy:TechSupport:Yes", 
            "dummy:OnlineSecurity:No", 
            "dummy:OnlineSecurity:Yes", 
            "dummy:Dependents:No", 
            "dummy:InternetService:Fiber optic", 
            "dummy:PaymentMethod:Electronic check"
        ], 
        "interceptCoef": -1.9767230687324824, 
        "interceptPvalue": null, 
        "coefs": [
            0.1131645748210621, 
            0.04903172803180132, 
            0.6910427764020085, 
            -1.5734858004363739, 
            -0.061505857737440224, 
            0.1315992917536348, 
            0.35136266975721536, 
            0.14630074231957121, 
            0.4926646058877344, 
            -0.015274494515327882, 
            0.45653707546442085, 
            0.020853035907949517, 
            0.2776206690196067, 
            0.5952594143936396, 
            0.5737394620737124
        ]
    }, 
    "gridBestScore": 0.6291514522337578, 
    "modelInputIsSparse": false
}