{
  "state": "DONE",
  "preSearchDescription": {
    "gridLength": 5,
    "searchStrategy": "GRID",
    "importantParams": [
      {
        "name": "penalty",
        "vals": [
          "l2"
        ]
      },
      {
        "name": "C",
        "vals": [
          "0.01",
          "0.1",
          "1.0",
          "10.0",
          "100.0"
        ]
      }
    ]
  },
  "postSearchDescription": {
    "importantParams": [
      {
        "name": "C",
        "val": "100.0"
      },
      {
        "name": "penalty",
        "val": "l2"
      }
    ]
  },
  "resumed": false,
  "timeOrderingEnabled": false,
  "sampleWeightsEnabled": false,
  "modelId": "m1",
  "progress": {
    "top_level_todo": [],
    "stack": [],
    "top_level_done": [
      {
        "name": "Loading train set",
        "time": 31
      },
      {
        "name": "Loading test set",
        "time": 13
      },
      {
        "name": "Collecting statistics",
        "time": 33
      },
      {
        "name": "Preprocessing train set",
        "time": 107
      },
      {
        "name": "Preprocessing test set",
        "time": 47
      },
      {
        "name": "Hyperparameter searching",
        "time": 1026
      },
      {
        "name": "Fitting model",
        "time": 12
      },
      {
        "name": "Saving model",
        "time": 1
      },
      {
        "name": "Scoring model",
        "time": 570
      }
    ]
  },
  "startTime": 1624702716574,
  "endTime": 1624702718755,
  "preprocessingTime": 233,
  "trainingTime": 1948,
  "hyperparamsSearchTime": 1026
}