{
    "per_feature": {
        "SeniorCitizen": {
            "stats": {
                "std": 0.3655517787676882, 
                "p99": 1.0, 
                "min": 0.0, 
                "max": 1.0, 
                "average": 0.15882597835137385, 
                "median": 0.0
            }, 
            "missing_impute_with_value": 0.15882597835137385
        }, 
        "tenure": {
            "stats": {
                "std": 24.58723846762288, 
                "p99": 72.0, 
                "min": 1.0, 
                "max": 72.0, 
                "average": 32.49104912572856, 
                "median": 29.0
            }, 
            "missing_impute_with_value": 32.49104912572856
        }, 
        "DeviceProtection": {
            "dropped_modality": "No internet service", 
            "stats": {
                "mostFrequentValue": "No", 
                "leastFrequentValue": "No internet service"
            }, 
            "category_possible_counts": [
                2111, 
                1682
            ], 
            "category_possible_values": [
                "No", 
                "Yes"
            ]
        }, 
        "MonthlyCharges": {
            "stats": {
                "std": 29.99208966863275, 
                "p99": 114.7485, 
                "min": 18.25, 
                "max": 118.75, 
                "average": 65.11358243130714, 
                "median": 70.35
            }, 
            "missing_impute_with_value": 65.11358243130714
        }, 
        "OnlineBackup": {
            "dropped_modality": "No internet service", 
            "stats": {
                "mostFrequentValue": "No", 
                "leastFrequentValue": "No internet service"
            }, 
            "category_possible_counts": [
                2081, 
                1712
            ], 
            "category_possible_values": [
                "No", 
                "Yes"
            ]
        }, 
        "MultipleLines": {
            "dropped_modality": "No phone service", 
            "stats": {
                "mostFrequentValue": "No", 
                "leastFrequentValue": "No phone service"
            }, 
            "category_possible_counts": [
                2274, 
                2056
            ], 
            "category_possible_values": [
                "No", 
                "Yes"
            ]
        }, 
        "OnlineSecurity": {
            "dropped_modality": "No internet service", 
            "stats": {
                "mostFrequentValue": "No", 
                "leastFrequentValue": "No internet service"
            }, 
            "category_possible_counts": [
                2390, 
                1403
            ], 
            "category_possible_values": [
                "No", 
                "Yes"
            ]
        }, 
        "StreamingTV": {
            "dropped_modality": "No internet service", 
            "stats": {
                "mostFrequentValue": "No", 
                "leastFrequentValue": "No internet service"
            }, 
            "category_possible_counts": [
                1925, 
                1868
            ], 
            "category_possible_values": [
                "No", 
                "Yes"
            ]
        }, 
        "PaperlessBilling": {
            "dropped_modality": "No", 
            "stats": {
                "mostFrequentValue": "Yes", 
                "leastFrequentValue": "No"
            }, 
            "category_possible_counts": [
                2850
            ], 
            "category_possible_values": [
                "Yes"
            ]
        }, 
        "StreamingMovies": {
            "dropped_modality": "No internet service", 
            "stats": {
                "mostFrequentValue": "No", 
                "leastFrequentValue": "No internet service"
            }, 
            "category_possible_counts": [
                1909, 
                1884
            ], 
            "category_possible_values": [
                "No", 
                "Yes"
            ]
        }, 
        "Partner": {
            "dropped_modality": "Yes", 
            "stats": {
                "mostFrequentValue": "No", 
                "leastFrequentValue": "Yes"
            }, 
            "category_possible_counts": [
                2467
            ], 
            "category_possible_values": [
                "No"
            ]
        }, 
        "Churn": {
            "stats": {}
        }, 
        "Contract": {
            "dropped_modality": "One year", 
            "stats": {
                "mostFrequentValue": "Month-to-month", 
                "leastFrequentValue": "One year"
            }, 
            "category_possible_counts": [
                2658, 
                1143
            ], 
            "category_possible_values": [
                "Month-to-month", 
                "Two year"
            ]
        }, 
        "TechSupport": {
            "dropped_modality": "No internet service", 
            "stats": {
                "mostFrequentValue": "No", 
                "leastFrequentValue": "No internet service"
            }, 
            "category_possible_counts": [
                2416, 
                1377
            ], 
            "category_possible_values": [
                "No", 
                "Yes"
            ]
        }, 
        "gender": {
            "dropped_modality": "Female", 
            "stats": {
                "mostFrequentValue": "Male", 
                "leastFrequentValue": "Female"
            }, 
            "category_possible_counts": [
                2402
            ], 
            "category_possible_values": [
                "Male"
            ]
        }, 
        "PhoneService": {
            "dropped_modality": "No", 
            "stats": {
                "mostFrequentValue": "Yes", 
                "leastFrequentValue": "No"
            }, 
            "category_possible_counts": [
                4330
            ], 
            "category_possible_values": [
                "Yes"
            ]
        }, 
        "Dependents": {
            "dropped_modality": "Yes", 
            "stats": {
                "mostFrequentValue": "No", 
                "leastFrequentValue": "Yes"
            }, 
            "category_possible_counts": [
                3351
            ], 
            "category_possible_values": [
                "No"
            ]
        }, 
        "InternetService": {
            "dropped_modality": "No", 
            "stats": {
                "mostFrequentValue": "Fiber optic", 
                "leastFrequentValue": "No"
            }, 
            "category_possible_counts": [
                2114, 
                1679
            ], 
            "category_possible_values": [
                "Fiber optic", 
                "DSL"
            ]
        }, 
        "PaymentMethod": {
            "dropped_modality": "Credit card (automatic)", 
            "stats": {
                "mostFrequentValue": "Electronic check", 
                "leastFrequentValue": "Credit card (automatic)"
            }, 
            "category_possible_counts": [
                1592, 
                1093, 
                1071
            ], 
            "category_possible_values": [
                "Electronic check", 
                "Mailed check", 
                "Bank transfer (automatic)"
            ]
        }, 
        "customerID": {
            "stats": {}
        }, 
        "TotalCharges": {
            "stats": {
                "std": 2289.425741784234, 
                "p99": 8061.4205, 
                "min": 19.0, 
                "max": 8684.8, 
                "average": 2310.1469920899244, 
                "median": 1421.825
            }, 
            "missing_impute_with_value": 2310.1469920899244
        }
    }, 
    "feature_order": [
        "tenure", 
        "SeniorCitizen", 
        "Partner", 
        "Churn", 
        "MonthlyCharges", 
        "OnlineBackup", 
        "MultipleLines", 
        "gender", 
        "StreamingTV", 
        "PaperlessBilling", 
        "StreamingMovies", 
        "Contract", 
        "DeviceProtection", 
        "TotalCharges", 
        "TechSupport", 
        "OnlineSecurity", 
        "PhoneService", 
        "Dependents", 
        "InternetService", 
        "PaymentMethod", 
        "customerID"
    ]
}