[
    {
        "fit_time": 16, 
        "best_iteration": null, 
        "test_score": 0.6282245827010622, 
        "time": 19, 
        "split_id": 0, 
        "parameters": {
            "penalty": "l2", 
            "C": 1.0
        }, 
        "num_samples": 961, 
        "score_time": 3, 
        "train_score": 0.6275862068965518, 
        "done_at": 1625070752193, 
        "test_score_gib": 0.6282245827010622
    }, 
    {
        "fit_time": 17, 
        "best_iteration": null, 
        "test_score": 0.6377708978328173, 
        "time": 20, 
        "split_id": 1, 
        "parameters": {
            "penalty": "l2", 
            "C": 1.0
        }, 
        "num_samples": 961, 
        "score_time": 3, 
        "train_score": 0.6270145817344588, 
        "done_at": 1625070752216, 
        "test_score_gib": 0.6377708978328173
    }, 
    {
        "fit_time": 18, 
        "best_iteration": null, 
        "test_score": 0.6198473282442747, 
        "time": 20, 
        "split_id": 2, 
        "parameters": {
            "penalty": "l2", 
            "C": 1.0
        }, 
        "num_samples": 961, 
        "score_time": 2, 
        "train_score": 0.6307339449541284, 
        "done_at": 1625070752238, 
        "test_score_gib": 0.6198473282442747
    }, 
    {
        "fit_time": 19, 
        "best_iteration": null, 
        "test_score": 0.6471494607087828, 
        "time": 22, 
        "split_id": 3, 
        "parameters": {
            "penalty": "l2", 
            "C": 1.0
        }, 
        "num_samples": 961, 
        "score_time": 3, 
        "train_score": 0.63, 
        "done_at": 1625070752262, 
        "test_score_gib": 0.6471494607087828
    }, 
    {
        "fit_time": 18, 
        "best_iteration": null, 
        "test_score": 0.603658536585366, 
        "time": 20, 
        "split_id": 4, 
        "parameters": {
            "penalty": "l2", 
            "C": 1.0
        }, 
        "num_samples": 960, 
        "score_time": 2, 
        "train_score": 0.6374133949191686, 
        "done_at": 1625070752285, 
        "test_score_gib": 0.603658536585366
    }, 
    {
        "fit_time": 13, 
        "best_iteration": null, 
        "test_score": 0.6253776435045317, 
        "time": 15, 
        "split_id": 0, 
        "parameters": {
            "penalty": "l2", 
            "C": 0.01
        }, 
        "num_samples": 961, 
        "score_time": 2, 
        "train_score": 0.6321083172147002, 
        "done_at": 1625070752303, 
        "test_score_gib": 0.6253776435045317
    }, 
    {
        "fit_time": 12, 
        "best_iteration": null, 
        "test_score": 0.6468750000000001, 
        "time": 14, 
        "split_id": 1, 
        "parameters": {
            "penalty": "l2", 
            "C": 0.01
        }, 
        "num_samples": 961, 
        "score_time": 2, 
        "train_score": 0.6295585412667947, 
        "done_at": 1625070752320, 
        "test_score_gib": 0.6468750000000001
    }, 
    {
        "fit_time": 9, 
        "best_iteration": null, 
        "test_score": 0.6201550387596899, 
        "time": 11, 
        "split_id": 2, 
        "parameters": {
            "penalty": "l2", 
            "C": 0.01
        }, 
        "num_samples": 961, 
        "score_time": 2, 
        "train_score": 0.6323867996930161, 
        "done_at": 1625070752335, 
        "test_score_gib": 0.6201550387596899
    }, 
    {
        "fit_time": 10, 
        "best_iteration": null, 
        "test_score": 0.647887323943662, 
        "time": 13, 
        "split_id": 3, 
        "parameters": {
            "penalty": "l2", 
            "C": 0.01
        }, 
        "num_samples": 961, 
        "score_time": 3, 
        "train_score": 0.6294728741823777, 
        "done_at": 1625070752350, 
        "test_score_gib": 0.647887323943662
    }, 
    {
        "fit_time": 12, 
        "best_iteration": null, 
        "test_score": 0.610271903323263, 
        "time": 15, 
        "split_id": 4, 
        "parameters": {
            "penalty": "l2", 
            "C": 0.01
        }, 
        "num_samples": 960, 
        "score_time": 3, 
        "train_score": 0.6367851622874807, 
        "done_at": 1625070752368, 
        "test_score_gib": 0.610271903323263
    }, 
    {
        "fit_time": 575, 
        "best_iteration": null, 
        "test_score": 0.6282245827010622, 
        "time": 577, 
        "split_id": 0, 
        "parameters": {
            "penalty": "l1", 
            "C": 1.0
        }, 
        "num_samples": 961, 
        "score_time": 2, 
        "train_score": 0.6273006134969326, 
        "done_at": 1625070752949, 
        "test_score_gib": 0.6282245827010622
    }, 
    {
        "fit_time": 271, 
        "best_iteration": null, 
        "test_score": 0.6377708978328173, 
        "time": 273, 
        "split_id": 1, 
        "parameters": {
            "penalty": "l1", 
            "C": 1.0
        }, 
        "num_samples": 961, 
        "score_time": 2, 
        "train_score": 0.6260069044879171, 
        "done_at": 1625070752956, 
        "test_score_gib": 0.6377708978328173
    }, 
    {
        "fit_time": 187, 
        "best_iteration": null, 
        "test_score": 0.6217457886676875, 
        "time": 190, 
        "split_id": 2, 
        "parameters": {
            "penalty": "l1", 
            "C": 1.0
        }, 
        "num_samples": 961, 
        "score_time": 3, 
        "train_score": 0.6279158699808794, 
        "done_at": 1625070753141, 
        "test_score_gib": 0.6217457886676875
    }, 
    {
        "fit_time": 212, 
        "best_iteration": null, 
        "test_score": 0.6461538461538461, 
        "time": 214, 
        "split_id": 3, 
        "parameters": {
            "penalty": "l1", 
            "C": 1.0
        }, 
        "num_samples": 961, 
        "score_time": 2, 
        "train_score": 0.6292739147137919, 
        "done_at": 1625070753172, 
        "test_score_gib": 0.6461538461538461
    }, 
    {
        "fit_time": 67, 
        "best_iteration": null, 
        "test_score": 0.6045801526717557, 
        "time": 70, 
        "split_id": 4, 
        "parameters": {
            "penalty": "l1", 
            "C": 1.0
        }, 
        "num_samples": 960, 
        "score_time": 3, 
        "train_score": 0.6356648731744812, 
        "done_at": 1625070753213, 
        "test_score_gib": 0.6045801526717557
    }, 
    {
        "fit_time": 11, 
        "best_iteration": null, 
        "test_score": 0.6320610687022901, 
        "time": 13, 
        "split_id": 0, 
        "parameters": {
            "penalty": "l2", 
            "C": 0.1
        }, 
        "num_samples": 961, 
        "score_time": 2, 
        "train_score": 0.630686198920586, 
        "done_at": 1625070753187, 
        "test_score_gib": 0.6320610687022901
    }, 
    {
        "fit_time": 11, 
        "best_iteration": null, 
        "test_score": 0.6356589147286822, 
        "time": 13, 
        "split_id": 1, 
        "parameters": {
            "penalty": "l2", 
            "C": 0.1
        }, 
        "num_samples": 961, 
        "score_time": 2, 
        "train_score": 0.6279338207002693, 
        "done_at": 1625070753202, 
        "test_score_gib": 0.6356589147286822
    }, 
    {
        "fit_time": 10, 
        "best_iteration": null, 
        "test_score": 0.6175115207373272, 
        "time": 19, 
        "split_id": 2, 
        "parameters": {
            "penalty": "l2", 
            "C": 0.1
        }, 
        "num_samples": 961, 
        "score_time": 9, 
        "train_score": 0.6316193399846508, 
        "done_at": 1625070753224, 
        "test_score_gib": 0.6175115207373272
    }, 
    {
        "fit_time": 15, 
        "best_iteration": null, 
        "test_score": 0.6459627329192545, 
        "time": 17, 
        "split_id": 3, 
        "parameters": {
            "penalty": "l2", 
            "C": 0.1
        }, 
        "num_samples": 961, 
        "score_time": 2, 
        "train_score": 0.6282199154171473, 
        "done_at": 1625070753233, 
        "test_score_gib": 0.6459627329192545
    }, 
    {
        "fit_time": 12, 
        "best_iteration": null, 
        "test_score": 0.60882800608828, 
        "time": 14, 
        "split_id": 4, 
        "parameters": {
            "penalty": "l2", 
            "C": 0.1
        }, 
        "num_samples": 960, 
        "score_time": 2, 
        "train_score": 0.6340523882896765, 
        "done_at": 1625070753242, 
        "test_score_gib": 0.60882800608828
    }, 
    {
        "fit_time": 1190, 
        "best_iteration": null, 
        "test_score": 0.6291793313069909, 
        "time": 1193, 
        "split_id": 0, 
        "parameters": {
            "penalty": "l1", 
            "C": 100.0
        }, 
        "num_samples": 961, 
        "score_time": 3, 
        "train_score": 0.6261467889908258, 
        "done_at": 1625070752172, 
        "test_score_gib": 0.6291793313069909
    }, 
    {
        "fit_time": 1106, 
        "best_iteration": null, 
        "test_score": 0.641860465116279, 
        "time": 1110, 
        "split_id": 1, 
        "parameters": {
            "penalty": "l1", 
            "C": 100.0
        }, 
        "num_samples": 961, 
        "score_time": 4, 
        "train_score": 0.6270601763127636, 
        "done_at": 1625070752090, 
        "test_score_gib": 0.641860465116279
    }, 
    {
        "fit_time": 1695, 
        "best_iteration": null, 
        "test_score": 0.617737003058104, 
        "time": 1698, 
        "split_id": 2, 
        "parameters": {
            "penalty": "l1", 
            "C": 100.0
        }, 
        "num_samples": 961, 
        "score_time": 3, 
        "train_score": 0.6327077747989277, 
        "done_at": 1625070752681, 
        "test_score_gib": 0.617737003058104
    }, 
    {
        "fit_time": 2277, 
        "best_iteration": null, 
        "test_score": 0.6408668730650154, 
        "time": 2279, 
        "split_id": 3, 
        "parameters": {
            "penalty": "l1", 
            "C": 100.0
        }, 
        "num_samples": 961, 
        "score_time": 2, 
        "train_score": 0.6276310753922695, 
        "done_at": 1625070753264, 
        "test_score_gib": 0.6408668730650154
    }, 
    {
        "fit_time": 1587, 
        "best_iteration": null, 
        "test_score": 0.5966514459665145, 
        "time": 1590, 
        "split_id": 4, 
        "parameters": {
            "penalty": "l1", 
            "C": 100.0
        }, 
        "num_samples": 960, 
        "score_time": 3, 
        "train_score": 0.6359092656670511, 
        "done_at": 1625070753683, 
        "test_score_gib": 0.5966514459665145
    }, 
    {
        "fit_time": 9, 
        "best_iteration": null, 
        "test_score": 0.5763688760806917, 
        "time": 11, 
        "split_id": 0, 
        "parameters": {
            "penalty": "l1", 
            "C": 0.01
        }, 
        "num_samples": 961, 
        "score_time": 2, 
        "train_score": 0.5929139551699204, 
        "done_at": 1625070754419, 
        "test_score_gib": 0.5763688760806917
    }, 
    {
        "fit_time": 10, 
        "best_iteration": null, 
        "test_score": 0.6082949308755761, 
        "time": 13, 
        "split_id": 1, 
        "parameters": {
            "penalty": "l1", 
            "C": 0.01
        }, 
        "num_samples": 961, 
        "score_time": 3, 
        "train_score": 0.5953350610884858, 
        "done_at": 1625070754435, 
        "test_score_gib": 0.6082949308755761
    }, 
    {
        "fit_time": 9, 
        "best_iteration": null, 
        "test_score": 0.5905044510385756, 
        "time": 11, 
        "split_id": 2, 
        "parameters": {
            "penalty": "l1", 
            "C": 0.01
        }, 
        "num_samples": 961, 
        "score_time": 2, 
        "train_score": 0.5939709713435058, 
        "done_at": 1625070754449, 
        "test_score_gib": 0.5905044510385756
    }, 
    {
        "fit_time": 8, 
        "best_iteration": null, 
        "test_score": 0.5974025974025974, 
        "time": 10, 
        "split_id": 3, 
        "parameters": {
            "penalty": "l1", 
            "C": 0.01
        }, 
        "num_samples": 961, 
        "score_time": 2, 
        "train_score": 0.595264116575592, 
        "done_at": 1625070754461, 
        "test_score_gib": 0.5974025974025974
    }, 
    {
        "fit_time": 8, 
        "best_iteration": null, 
        "test_score": 0.5953079178885632, 
        "time": 10, 
        "split_id": 4, 
        "parameters": {
            "penalty": "l1", 
            "C": 0.01
        }, 
        "num_samples": 960, 
        "score_time": 2, 
        "train_score": 0.6047372316802369, 
        "done_at": 1625070754474, 
        "test_score_gib": 0.5953079178885632
    }, 
    {
        "fit_time": 26, 
        "best_iteration": null, 
        "test_score": 0.6210045662100457, 
        "time": 29, 
        "split_id": 0, 
        "parameters": {
            "penalty": "l1", 
            "C": 0.1
        }, 
        "num_samples": 961, 
        "score_time": 3, 
        "train_score": 0.6270601763127636, 
        "done_at": 1625070754507, 
        "test_score_gib": 0.6210045662100457
    }, 
    {
        "fit_time": 33, 
        "best_iteration": null, 
        "test_score": 0.6408668730650154, 
        "time": 36, 
        "split_id": 1, 
        "parameters": {
            "penalty": "l1", 
            "C": 0.1
        }, 
        "num_samples": 961, 
        "score_time": 3, 
        "train_score": 0.6261538461538463, 
        "done_at": 1625070754547, 
        "test_score_gib": 0.6408668730650154
    }, 
    {
        "fit_time": 30, 
        "best_iteration": null, 
        "test_score": 0.6267281105990783, 
        "time": 33, 
        "split_id": 2, 
        "parameters": {
            "penalty": "l1", 
            "C": 0.1
        }, 
        "num_samples": 961, 
        "score_time": 3, 
        "train_score": 0.6311349693251533, 
        "done_at": 1625070754582, 
        "test_score_gib": 0.6267281105990783
    }, 
    {
        "fit_time": 23, 
        "best_iteration": null, 
        "test_score": 0.6459627329192545, 
        "time": 26, 
        "split_id": 3, 
        "parameters": {
            "penalty": "l1", 
            "C": 0.1
        }, 
        "num_samples": 961, 
        "score_time": 3, 
        "train_score": 0.6257197696737045, 
        "done_at": 1625070754610, 
        "test_score_gib": 0.6459627329192545
    }, 
    {
        "fit_time": 19, 
        "best_iteration": null, 
        "test_score": 0.6048632218844985, 
        "time": 21, 
        "split_id": 4, 
        "parameters": {
            "penalty": "l1", 
            "C": 0.1
        }, 
        "num_samples": 960, 
        "score_time": 2, 
        "train_score": 0.6332433474739684, 
        "done_at": 1625070754634, 
        "test_score_gib": 0.6048632218844985
    }, 
    {
        "fit_time": 25, 
        "best_iteration": null, 
        "test_score": 0.6291793313069909, 
        "time": 27, 
        "split_id": 0, 
        "parameters": {
            "penalty": "l2", 
            "C": 10.0
        }, 
        "num_samples": 961, 
        "score_time": 2, 
        "train_score": 0.6269113149847096, 
        "done_at": 1625070754666, 
        "test_score_gib": 0.6291793313069909
    }, 
    {
        "fit_time": 23, 
        "best_iteration": null, 
        "test_score": 0.6408668730650154, 
        "time": 25, 
        "split_id": 1, 
        "parameters": {
            "penalty": "l2", 
            "C": 10.0
        }, 
        "num_samples": 961, 
        "score_time": 2, 
        "train_score": 0.6265337423312883, 
        "done_at": 1625070754695, 
        "test_score_gib": 0.6408668730650154
    }, 
    {
        "fit_time": 23, 
        "best_iteration": null, 
        "test_score": 0.6186830015313936, 
        "time": 26, 
        "split_id": 2, 
        "parameters": {
            "penalty": "l2", 
            "C": 10.0
        }, 
        "num_samples": 961, 
        "score_time": 3, 
        "train_score": 0.6321839080459769, 
        "done_at": 1625070754722, 
        "test_score_gib": 0.6186830015313936
    }, 
    {
        "fit_time": 18, 
        "best_iteration": null, 
        "test_score": 0.6420890937019968, 
        "time": 20, 
        "split_id": 3, 
        "parameters": {
            "penalty": "l2", 
            "C": 10.0
        }, 
        "num_samples": 961, 
        "score_time": 2, 
        "train_score": 0.6280674846625767, 
        "done_at": 1625070754745, 
        "test_score_gib": 0.6420890937019968
    }, 
    {
        "fit_time": 21, 
        "best_iteration": null, 
        "test_score": 0.5957446808510638, 
        "time": 24, 
        "split_id": 4, 
        "parameters": {
            "penalty": "l2", 
            "C": 10.0
        }, 
        "num_samples": 960, 
        "score_time": 3, 
        "train_score": 0.6364335126825518, 
        "done_at": 1625070754762, 
        "test_score_gib": 0.5957446808510638
    }, 
    {
        "fit_time": 28, 
        "best_iteration": null, 
        "test_score": 0.6312594840667678, 
        "time": 31, 
        "split_id": 0, 
        "parameters": {
            "penalty": "l2", 
            "C": 100.0
        }, 
        "num_samples": 961, 
        "score_time": 3, 
        "train_score": 0.6250956388676358, 
        "done_at": 1625070754778, 
        "test_score_gib": 0.6312594840667678
    }, 
    {
        "fit_time": 33, 
        "best_iteration": null, 
        "test_score": 0.6438569206842923, 
        "time": 36, 
        "split_id": 1, 
        "parameters": {
            "penalty": "l2", 
            "C": 100.0
        }, 
        "num_samples": 961, 
        "score_time": 3, 
        "train_score": 0.6273006134969326, 
        "done_at": 1625070754800, 
        "test_score_gib": 0.6438569206842923
    }, 
    {
        "fit_time": 31, 
        "best_iteration": null, 
        "test_score": 0.617737003058104, 
        "time": 42, 
        "split_id": 2, 
        "parameters": {
            "penalty": "l2", 
            "C": 100.0
        }, 
        "num_samples": 961, 
        "score_time": 11, 
        "train_score": 0.631981637337414, 
        "done_at": 1625070754822, 
        "test_score_gib": 0.617737003058104
    }, 
    {
        "fit_time": 37, 
        "best_iteration": null, 
        "test_score": 0.6398763523956723, 
        "time": 40, 
        "split_id": 3, 
        "parameters": {
            "penalty": "l2", 
            "C": 100.0
        }, 
        "num_samples": 961, 
        "score_time": 3, 
        "train_score": 0.6273909716908952, 
        "done_at": 1625070754844, 
        "test_score_gib": 0.6398763523956723
    }, 
    {
        "fit_time": 31, 
        "best_iteration": null, 
        "test_score": 0.5987841945288754, 
        "time": 34, 
        "split_id": 4, 
        "parameters": {
            "penalty": "l2", 
            "C": 100.0
        }, 
        "num_samples": 960, 
        "score_time": 3, 
        "train_score": 0.6361538461538463, 
        "done_at": 1625070754850, 
        "test_score_gib": 0.5987841945288754
    }, 
    {
        "fit_time": 818, 
        "best_iteration": null, 
        "test_score": 0.6272727272727272, 
        "time": 820, 
        "split_id": 0, 
        "parameters": {
            "penalty": "l1", 
            "C": 10.0
        }, 
        "num_samples": 961, 
        "score_time": 2, 
        "train_score": 0.6273909716908952, 
        "done_at": 1625070754056, 
        "test_score_gib": 0.6272727272727272
    }, 
    {
        "fit_time": 1157, 
        "best_iteration": null, 
        "test_score": 0.6408668730650154, 
        "time": 1159, 
        "split_id": 1, 
        "parameters": {
            "penalty": "l1", 
            "C": 10.0
        }, 
        "num_samples": 961, 
        "score_time": 2, 
        "train_score": 0.6265337423312883, 
        "done_at": 1625070754406, 
        "test_score_gib": 0.6408668730650154
    }, 
    {
        "fit_time": 1537, 
        "best_iteration": null, 
        "test_score": 0.617737003058104, 
        "time": 1545, 
        "split_id": 2, 
        "parameters": {
            "penalty": "l1", 
            "C": 10.0
        }, 
        "num_samples": 961, 
        "score_time": 8, 
        "train_score": 0.6329501915708812, 
        "done_at": 1625070754812, 
        "test_score_gib": 0.617737003058104
    }, 
    {
        "fit_time": 1390, 
        "best_iteration": null, 
        "test_score": 0.6430769230769232, 
        "time": 1393, 
        "split_id": 3, 
        "parameters": {
            "penalty": "l1", 
            "C": 10.0
        }, 
        "num_samples": 961, 
        "score_time": 3, 
        "train_score": 0.6281118345461508, 
        "done_at": 1625070755081, 
        "test_score_gib": 0.6430769230769232
    }, 
    {
        "fit_time": 674, 
        "best_iteration": null, 
        "test_score": 0.5957446808510638, 
        "time": 676, 
        "split_id": 4, 
        "parameters": {
            "penalty": "l1", 
            "C": 10.0
        }, 
        "num_samples": 960, 
        "score_time": 2, 
        "train_score": 0.6364335126825518, 
        "done_at": 1625070754735, 
        "test_score_gib": 0.5957446808510638
    }
]