{
    "gridSize": 10, 
    "nThreads": 4, 
    "metric": "F1", 
    "gridPoints": [
        {
            "scoreTimeMean": 2.6, 
            "best_iteration": null, 
            "time": 101, 
            "trainScoreMean": 0.6305481969395754, 
            "finishedAt": 1625070752285, 
            "fitTimeStd": 1.019803902718557, 
            "testScoreStd": 0.01495728449424407, 
            "scoreTimeStd": 0.4898979485566356, 
            "parameters": {
                "penalty": "l2", 
                "C": 1.0
            }, 
            "testScoreMean": 0.6273350886966897, 
            "score": 0.6273350886966897, 
            "trainScoreStd": 0.003706508843576283, 
            "testScoreGibMean": 0.6273350886966897, 
            "fitTimeMean": 17.6
        }, 
        {
            "scoreTimeMean": 2.4, 
            "best_iteration": null, 
            "time": 68, 
            "trainScoreMean": 0.6320613558265927, 
            "finishedAt": 1625070752368, 
            "fitTimeStd": 1.4696938456699067, 
            "testScoreStd": 0.01491285765898545, 
            "scoreTimeStd": 0.4898979485566356, 
            "parameters": {
                "penalty": "l2", 
                "C": 0.01
            }, 
            "testScoreMean": 0.6301175121057679, 
            "score": 0.6301175121057679, 
            "trainScoreStd": 0.002659734041426807, 
            "testScoreGibMean": 0.6301175121057679, 
            "fitTimeMean": 11.2
        }, 
        {
            "scoreTimeMean": 2.4, 
            "best_iteration": null, 
            "time": 1324, 
            "trainScoreMean": 0.6292310961953625, 
            "finishedAt": 1625070753213, 
            "fitTimeStd": 169.82296664467972, 
            "testScoreStd": 0.014225870443928142, 
            "scoreTimeStd": 0.4898979485566356, 
            "parameters": {
                "penalty": "l1", 
                "C": 1.0
            }, 
            "testScoreMean": 0.6276998652001325, 
            "score": 0.6276998652001325, 
            "trainScoreStd": 0.003382784342335555, 
            "testScoreGibMean": 0.6276998652001325, 
            "fitTimeMean": 262.4
        }, 
        {
            "scoreTimeMean": 3.4, 
            "best_iteration": null, 
            "time": 76, 
            "trainScoreMean": 0.6305015936833597, 
            "finishedAt": 1625070753242, 
            "fitTimeStd": 1.7204650534085253, 
            "testScoreStd": 0.013230146465642295, 
            "scoreTimeStd": 2.8, 
            "parameters": {
                "penalty": "l2", 
                "C": 0.1
            }, 
            "testScoreMean": 0.6280084404008927, 
            "score": 0.6280084404008927, 
            "trainScoreStd": 0.002266420849500528, 
            "testScoreGibMean": 0.6280084404008927, 
            "fitTimeMean": 11.8
        }, 
        {
            "scoreTimeMean": 3.0, 
            "best_iteration": null, 
            "time": 7870, 
            "trainScoreMean": 0.629889763474367, 
            "finishedAt": 1625070753683, 
            "fitTimeStd": 418.4385259509454, 
            "testScoreStd": 0.016786884053931098, 
            "scoreTimeStd": 0.6324555320336759, 
            "parameters": {
                "penalty": "l1", 
                "C": 100.0
            }, 
            "testScoreMean": 0.6252649786521511, 
            "score": 0.6252649786521511, 
            "trainScoreStd": 0.0037754685948395024, 
            "testScoreGibMean": 0.6252649786521511, 
            "fitTimeMean": 1571.0
        }, 
        {
            "scoreTimeMean": 2.2, 
            "best_iteration": null, 
            "time": 55, 
            "trainScoreMean": 0.5964425409091608, 
            "finishedAt": 1625070754474, 
            "fitTimeStd": 0.7483314773547883, 
            "testScoreStd": 0.010391516566439466, 
            "scoreTimeStd": 0.39999999999999997, 
            "parameters": {
                "penalty": "l1", 
                "C": 0.01
            }, 
            "testScoreMean": 0.5935753940903333, 
            "score": 0.5935753940903333, 
            "trainScoreStd": 0.004240843888941463, 
            "testScoreGibMean": 0.5935753940903333, 
            "fitTimeMean": 8.8
        }, 
        {
            "scoreTimeMean": 2.8, 
            "best_iteration": null, 
            "time": 145, 
            "trainScoreMean": 0.6286614682230067, 
            "finishedAt": 1625070754634, 
            "fitTimeStd": 4.955804677345546, 
            "testScoreStd": 0.014653916245080155, 
            "scoreTimeStd": 0.39999999999999997, 
            "parameters": {
                "penalty": "l1", 
                "C": 0.1
            }, 
            "testScoreMean": 0.6278898931668547, 
            "score": 0.6278898931668547, 
            "trainScoreStd": 0.002986809576345683, 
            "testScoreGibMean": 0.6278898931668547, 
            "fitTimeMean": 26.2
        }, 
        {
            "scoreTimeMean": 2.4, 
            "best_iteration": null, 
            "time": 122, 
            "trainScoreMean": 0.6300246587528817, 
            "finishedAt": 1625070754762, 
            "fitTimeStd": 2.3664319132398464, 
            "testScoreStd": 0.017064256540226107, 
            "scoreTimeStd": 0.4898979485566356, 
            "parameters": {
                "penalty": "l2", 
                "C": 10.0
            }, 
            "testScoreMean": 0.6253187509445893, 
            "score": 0.6253187509445893, 
            "trainScoreStd": 0.003779360434105828, 
            "testScoreGibMean": 0.6253187509445893, 
            "fitTimeMean": 22.0
        }, 
        {
            "scoreTimeMean": 4.6, 
            "best_iteration": null, 
            "time": 183, 
            "trainScoreMean": 0.6295831740437652, 
            "finishedAt": 1625070754850, 
            "fitTimeStd": 2.9664793948382653, 
            "testScoreStd": 0.016413993435211383, 
            "scoreTimeStd": 3.2, 
            "parameters": {
                "penalty": "l2", 
                "C": 100.0
            }, 
            "testScoreMean": 0.6263085192141067, 
            "score": 0.6263085192141067, 
            "trainScoreStd": 0.003976221574232584, 
            "testScoreGibMean": 0.6263085192141067, 
            "fitTimeMean": 32.0
        }, 
        {
            "scoreTimeMean": 3.4, 
            "best_iteration": null, 
            "time": 5593, 
            "trainScoreMean": 0.6302827704931381, 
            "finishedAt": 1625070755081, 
            "fitTimeStd": 328.07401603906396, 
            "testScoreStd": 0.01727268385508962, 
            "scoreTimeStd": 2.33238075793812, 
            "parameters": {
                "penalty": "l1", 
                "C": 10.0
            }, 
            "testScoreMean": 0.6249457186838786, 
            "score": 0.6249457186838786, 
            "trainScoreStd": 0.0037961314134021427, 
            "testScoreGibMean": 0.6249457186838786, 
            "fitTimeMean": 1115.2
        }
    ], 
    "timeout": null, 
    "startedAt": 1625070750975, 
    "nSplits": 5
}