{
    "usedGridSearch": true, 
    "probaAware": true, 
    "gridSize": 10, 
    "modelInputNRows": 4804, 
    "modelInputNCols": 45, 
    "modelInputMemory": 1729440, 
    "gridCells": [
        {
            "scoreTimeStd": 0.0006324555320336759, 
            "scoreTime": 0.003, 
            "fitTime": 1.571, 
            "score": 0.6252649786521511, 
            "params": {
                "penalty": "l1", 
                "C": 100.0
            }, 
            "fitTimeStd": 0.4184385259509454, 
            "scoreStd": 0.016786884053931098
        }, 
        {
            "scoreTimeStd": 0.0004898979485566356, 
            "scoreTime": 0.0026, 
            "fitTime": 0.0176, 
            "score": 0.6273350886966897, 
            "params": {
                "penalty": "l2", 
                "C": 1.0
            }, 
            "fitTimeStd": 0.0010198039027185571, 
            "scoreStd": 0.01495728449424407
        }, 
        {
            "scoreTimeStd": 0.0004898979485566356, 
            "scoreTime": 0.0024, 
            "fitTime": 0.0112, 
            "score": 0.6301175121057679, 
            "params": {
                "penalty": "l2", 
                "C": 0.01
            }, 
            "fitTimeStd": 0.0014696938456699067, 
            "scoreStd": 0.01491285765898545
        }, 
        {
            "scoreTimeStd": 0.0004898979485566356, 
            "scoreTime": 0.0024, 
            "fitTime": 0.26239999999999997, 
            "score": 0.6276998652001325, 
            "params": {
                "penalty": "l1", 
                "C": 1.0
            }, 
            "fitTimeStd": 0.16982296664467972, 
            "scoreStd": 0.014225870443928142
        }, 
        {
            "scoreTimeStd": 0.0028, 
            "scoreTime": 0.0034, 
            "fitTime": 0.011800000000000001, 
            "score": 0.6280084404008927, 
            "params": {
                "penalty": "l2", 
                "C": 0.1
            }, 
            "fitTimeStd": 0.0017204650534085252, 
            "scoreStd": 0.013230146465642295
        }, 
        {
            "scoreTimeStd": 0.00233238075793812, 
            "scoreTime": 0.0034, 
            "fitTime": 1.1152, 
            "score": 0.6249457186838786, 
            "params": {
                "penalty": "l1", 
                "C": 10.0
            }, 
            "fitTimeStd": 0.32807401603906394, 
            "scoreStd": 0.01727268385508962
        }, 
        {
            "scoreTimeStd": 0.00039999999999999996, 
            "scoreTime": 0.0022, 
            "fitTime": 0.0088, 
            "score": 0.5935753940903333, 
            "params": {
                "penalty": "l1", 
                "C": 0.01
            }, 
            "fitTimeStd": 0.0007483314773547884, 
            "scoreStd": 0.010391516566439466
        }, 
        {
            "scoreTimeStd": 0.00039999999999999996, 
            "scoreTime": 0.0028, 
            "fitTime": 0.026199999999999998, 
            "score": 0.6278898931668547, 
            "params": {
                "penalty": "l1", 
                "C": 0.1
            }, 
            "fitTimeStd": 0.004955804677345546, 
            "scoreStd": 0.014653916245080155
        }, 
        {
            "scoreTimeStd": 0.0004898979485566356, 
            "scoreTime": 0.0024, 
            "fitTime": 0.022, 
            "score": 0.6253187509445893, 
            "params": {
                "penalty": "l2", 
                "C": 10.0
            }, 
            "fitTimeStd": 0.002366431913239846, 
            "scoreStd": 0.017064256540226107
        }, 
        {
            "scoreTimeStd": 0.0032, 
            "scoreTime": 0.0046, 
            "fitTime": 0.032, 
            "score": 0.6263085192141067, 
            "params": {
                "penalty": "l2", 
                "C": 100.0
            }, 
            "fitTimeStd": 0.002966479394838265, 
            "scoreStd": 0.016413993435211383
        }
    ], 
    "lmCoefficients": {
        "interceptStderr": null, 
        "interceptTstat": null, 
        "rescaledInterceptCoef": -0.5193561904283875, 
        "rescaledCoefs": [
            0.017094809586136073, 
            0.2883252674164104, 
            -4.589388395081557e-05, 
            -0.026168978324134694, 
            0.0306208197498533, 
            0.08418036809096802, 
            -0.08160367361524488, 
            -0.2603307669416606, 
            -0.10256031685809644, 
            -0.050840436410219646, 
            -0.049052762663698506, 
            0.051629457139422776, 
            0.1580613696418728, 
            -0.012146842983876237, 
            0.014723537459598715, 
            0.4412746470494052, 
            -0.3881283142685178, 
            0.073965745976517, 
            -0.07138905150080167, 
            0.19408769643122625, 
            -0.19151100195550586, 
            0.2083791687826306, 
            -0.2058024743069104, 
            -0.36289108379974827, 
            0.022378362171780193, 
            0.20265862761610454, 
            -0.2000819331403847, 
            0.2582649764522493, 
            -0.13466345272594835, 
            -0.09405095335729903
        ], 
        "variables": [
            "MonthlyCharges", 
            "SeniorCitizen", 
            "TotalCharges", 
            "tenure", 
            "dummy:Partner:No", 
            "dummy:OnlineBackup:No", 
            "dummy:OnlineBackup:Yes", 
            "dummy:MultipleLines:No", 
            "dummy:MultipleLines:Yes", 
            "dummy:gender:Male", 
            "dummy:StreamingTV:No", 
            "dummy:StreamingTV:Yes", 
            "dummy:PaperlessBilling:Yes", 
            "dummy:StreamingMovies:No", 
            "dummy:StreamingMovies:Yes", 
            "dummy:Contract:Month-to-month", 
            "dummy:Contract:Two year", 
            "dummy:DeviceProtection:No", 
            "dummy:DeviceProtection:Yes", 
            "dummy:TechSupport:No", 
            "dummy:TechSupport:Yes", 
            "dummy:OnlineSecurity:No", 
            "dummy:OnlineSecurity:Yes", 
            "dummy:PhoneService:Yes", 
            "dummy:Dependents:No", 
            "dummy:InternetService:Fiber optic", 
            "dummy:InternetService:DSL", 
            "dummy:PaymentMethod:Electronic check", 
            "dummy:PaymentMethod:Mailed check", 
            "dummy:PaymentMethod:Bank transfer (automatic)"
        ], 
        "interceptCoef": -0.31673753287707096, 
        "interceptPvalue": null, 
        "coefs": [
            0.5127090619755958, 
            0.10539781436773818, 
            -0.10507063930745549, 
            -0.6434229105095539, 
            0.0306208197498533, 
            0.08418036809096802, 
            -0.08160367361524488, 
            -0.2603307669416606, 
            -0.10256031685809644, 
            -0.050840436410219646, 
            -0.049052762663698506, 
            0.051629457139422776, 
            0.1580613696418728, 
            -0.012146842983876237, 
            0.014723537459598715, 
            0.4412746470494052, 
            -0.3881283142685178, 
            0.073965745976517, 
            -0.07138905150080167, 
            0.19408769643122625, 
            -0.19151100195550586, 
            0.2083791687826306, 
            -0.2058024743069104, 
            -0.36289108379974827, 
            0.022378362171780193, 
            0.20265862761610454, 
            -0.2000819331403847, 
            0.2582649764522493, 
            -0.13466345272594835, 
            -0.09405095335729903
        ]
    }, 
    "gridBestScore": 0.6301175121057679, 
    "modelInputIsSparse": false
}