{
  "state": "DONE",
  "preSearchDescription": {
    "gridLength": 10,
    "searchStrategy": "GRID",
    "importantParams": [
      {
        "name": "penalty",
        "vals": [
          "l1",
          "l2"
        ]
      },
      {
        "name": "C",
        "vals": [
          "0.01",
          "0.1",
          "1.0",
          "10.0",
          "100.0"
        ]
      }
    ]
  },
  "postSearchDescription": {
    "importantParams": [
      {
        "name": "C",
        "val": "0.01"
      },
      {
        "name": "penalty",
        "val": "l2"
      }
    ]
  },
  "resumed": false,
  "timeOrderingEnabled": false,
  "sampleWeightsEnabled": false,
  "modelId": "m1",
  "progress": {
    "top_level_todo": [],
    "stack": [],
    "top_level_done": [
      {
        "name": "Loading train set",
        "time": 24
      },
      {
        "name": "Loading test set",
        "time": 10
      },
      {
        "name": "Collecting statistics",
        "time": 33
      },
      {
        "name": "Preprocessing train set",
        "time": 146
      },
      {
        "name": "Preprocessing test set",
        "time": 38
      },
      {
        "name": "Hyperparameter searching",
        "time": 5045
      },
      {
        "name": "Fitting model",
        "time": 13
      },
      {
        "name": "Saving model",
        "time": 4
      },
      {
        "name": "Scoring model",
        "time": 465
      }
    ]
  },
  "startTime": 1625070750698,
  "endTime": 1625070756816,
  "preprocessingTime": 253,
  "trainingTime": 5865,
  "hyperparamsSearchTime": 5045
}