{
  "columns": [
    {"name":"customerID","type":"string"},
    {"name":"gender","type":"string"},
    {"name":"SeniorCitizen","type":"bigint"},
    {"name":"Partner","type":"boolean"},
    {"name":"Dependents","type":"boolean"},
    {"name":"tenure","type":"bigint"},
    {"name":"PhoneService","type":"boolean"},
    {"name":"MultipleLines","type":"string","meaning":"Text"},
    {"name":"InternetService","type":"string","meaning":"Text"},
    {"name":"OnlineSecurity","type":"string","meaning":"Text"},
    {"name":"OnlineBackup","type":"string","meaning":"Text"},
    {"name":"DeviceProtection","type":"string","meaning":"Text"},
    {"name":"TechSupport","type":"string","meaning":"Text"},
    {"name":"StreamingTV","type":"string","meaning":"Text"},
    {"name":"StreamingMovies","type":"string","meaning":"Text"},
    {"name":"Contract","type":"string"},
    {"name":"PaperlessBilling","type":"boolean"},
    {"name":"PaymentMethod","type":"string"},
    {"name":"MonthlyCharges","type":"double"},
    {"name":"TotalCharges","type":"double"},
    {"name":"Churn","type":"boolean"}
  ],
  "userModified": true
}