[
    {
        "fit_time": 1341, 
        "best_iteration": null, 
        "test_score": 0.6359300476947536, 
        "time": 1386, 
        "split_id": 0, 
        "parameters": {
            "max_features": "auto", 
            "n_estimators": 100, 
            "min_samples_split": 3, 
            "max_depth": 6, 
            "min_samples_leaf": 1
        }, 
        "num_samples": 961, 
        "score_time": 45, 
        "train_score": 0.6782679077296642, 
        "done_at": 1625071393710, 
        "test_score_gib": 0.6359300476947536
    }, 
    {
        "fit_time": 1373, 
        "best_iteration": null, 
        "test_score": 0.6291390728476822, 
        "time": 1690, 
        "split_id": 1, 
        "parameters": {
            "max_features": "auto", 
            "n_estimators": 100, 
            "min_samples_split": 3, 
            "max_depth": 6, 
            "min_samples_leaf": 1
        }, 
        "num_samples": 961, 
        "score_time": 317, 
        "train_score": 0.676747037188394, 
        "done_at": 1625071394021, 
        "test_score_gib": 0.6291390728476822
    }, 
    {
        "fit_time": 1423, 
        "best_iteration": null, 
        "test_score": 0.6140939597315436, 
        "time": 1783, 
        "split_id": 2, 
        "parameters": {
            "max_features": "auto", 
            "n_estimators": 100, 
            "min_samples_split": 3, 
            "max_depth": 6, 
            "min_samples_leaf": 1
        }, 
        "num_samples": 961, 
        "score_time": 360, 
        "train_score": 0.6832504145936982, 
        "done_at": 1625071394123, 
        "test_score_gib": 0.6140939597315436
    }, 
    {
        "fit_time": 1423, 
        "best_iteration": null, 
        "test_score": 0.6226734348561761, 
        "time": 1759, 
        "split_id": 3, 
        "parameters": {
            "max_features": "auto", 
            "n_estimators": 100, 
            "min_samples_split": 3, 
            "max_depth": 6, 
            "min_samples_leaf": 1
        }, 
        "num_samples": 961, 
        "score_time": 336, 
        "train_score": 0.6847960444993819, 
        "done_at": 1625071394095, 
        "test_score_gib": 0.6226734348561761
    }, 
    {
        "fit_time": 1034, 
        "best_iteration": null, 
        "test_score": 0.6035313001605136, 
        "time": 1281, 
        "split_id": 4, 
        "parameters": {
            "max_features": "auto", 
            "n_estimators": 100, 
            "min_samples_split": 3, 
            "max_depth": 6, 
            "min_samples_leaf": 1
        }, 
        "num_samples": 960, 
        "score_time": 247, 
        "train_score": 0.6878350515463918, 
        "done_at": 1625071394995, 
        "test_score_gib": 0.6035313001605136
    }, 
    {
        "fit_time": 1179, 
        "best_iteration": null, 
        "test_score": 0.6263910969793323, 
        "time": 1377, 
        "split_id": 0, 
        "parameters": {
            "max_features": "auto", 
            "n_estimators": 100, 
            "min_samples_split": 6, 
            "max_depth": 6, 
            "min_samples_leaf": 2
        }, 
        "num_samples": 961, 
        "score_time": 198, 
        "train_score": 0.6761363636363635, 
        "done_at": 1625071395402, 
        "test_score_gib": 0.6263910969793323
    }, 
    {
        "fit_time": 1220, 
        "best_iteration": null, 
        "test_score": 0.6338259441707718, 
        "time": 1707, 
        "split_id": 1, 
        "parameters": {
            "max_features": "auto", 
            "n_estimators": 100, 
            "min_samples_split": 6, 
            "max_depth": 6, 
            "min_samples_leaf": 2
        }, 
        "num_samples": 961, 
        "score_time": 487, 
        "train_score": 0.678921568627451, 
        "done_at": 1625071395820, 
        "test_score_gib": 0.6338259441707718
    }, 
    {
        "fit_time": 1183, 
        "best_iteration": null, 
        "test_score": 0.6053511705685619, 
        "time": 1566, 
        "split_id": 2, 
        "parameters": {
            "max_features": "auto", 
            "n_estimators": 100, 
            "min_samples_split": 6, 
            "max_depth": 6, 
            "min_samples_leaf": 2
        }, 
        "num_samples": 961, 
        "score_time": 383, 
        "train_score": 0.677432712215321, 
        "done_at": 1625071395711, 
        "test_score_gib": 0.6053511705685619
    }, 
    {
        "fit_time": 793, 
        "best_iteration": null, 
        "test_score": 0.6198630136986302, 
        "time": 1353, 
        "split_id": 3, 
        "parameters": {
            "max_features": "auto", 
            "n_estimators": 100, 
            "min_samples_split": 6, 
            "max_depth": 6, 
            "min_samples_leaf": 2
        }, 
        "num_samples": 961, 
        "score_time": 560, 
        "train_score": 0.6874743326488706, 
        "done_at": 1625071396354, 
        "test_score_gib": 0.6198630136986302
    }, 
    {
        "fit_time": 981, 
        "best_iteration": null, 
        "test_score": 0.5967741935483871, 
        "time": 1503, 
        "split_id": 4, 
        "parameters": {
            "max_features": "auto", 
            "n_estimators": 100, 
            "min_samples_split": 6, 
            "max_depth": 6, 
            "min_samples_leaf": 2
        }, 
        "num_samples": 960, 
        "score_time": 522, 
        "train_score": 0.6908790755262071, 
        "done_at": 1625071396908, 
        "test_score_gib": 0.5967741935483871
    }, 
    {
        "fit_time": 1260, 
        "best_iteration": null, 
        "test_score": 0.6192170818505338, 
        "time": 1748, 
        "split_id": 0, 
        "parameters": {
            "max_features": "auto", 
            "n_estimators": 100, 
            "min_samples_split": 12, 
            "max_depth": 14, 
            "min_samples_leaf": 4
        }, 
        "num_samples": 961, 
        "score_time": 488, 
        "train_score": 0.8309352517985612, 
        "done_at": 1625071397462, 
        "test_score_gib": 0.6192170818505338
    }, 
    {
        "fit_time": 1328, 
        "best_iteration": null, 
        "test_score": 0.6153846153846153, 
        "time": 1695, 
        "split_id": 1, 
        "parameters": {
            "max_features": "auto", 
            "n_estimators": 100, 
            "min_samples_split": 12, 
            "max_depth": 14, 
            "min_samples_leaf": 4
        }, 
        "num_samples": 961, 
        "score_time": 367, 
        "train_score": 0.8247978436657681, 
        "done_at": 1625071397524, 
        "test_score_gib": 0.6153846153846153
    }, 
    {
        "fit_time": 1198, 
        "best_iteration": null, 
        "test_score": 0.5938069216757741, 
        "time": 1723, 
        "split_id": 2, 
        "parameters": {
            "max_features": "auto", 
            "n_estimators": 100, 
            "min_samples_split": 12, 
            "max_depth": 14, 
            "min_samples_leaf": 4
        }, 
        "num_samples": 961, 
        "score_time": 525, 
        "train_score": 0.8283281039892425, 
        "done_at": 1625071398085, 
        "test_score_gib": 0.5938069216757741
    }, 
    {
        "fit_time": 1214, 
        "best_iteration": null, 
        "test_score": 0.5886939571150097, 
        "time": 1592, 
        "split_id": 3, 
        "parameters": {
            "max_features": "auto", 
            "n_estimators": 100, 
            "min_samples_split": 12, 
            "max_depth": 14, 
            "min_samples_leaf": 4
        }, 
        "num_samples": 961, 
        "score_time": 378, 
        "train_score": 0.8288288288288288, 
        "done_at": 1625071398505, 
        "test_score_gib": 0.5886939571150097
    }, 
    {
        "fit_time": 1266, 
        "best_iteration": null, 
        "test_score": 0.6118067978533095, 
        "time": 1665, 
        "split_id": 4, 
        "parameters": {
            "max_features": "auto", 
            "n_estimators": 100, 
            "min_samples_split": 12, 
            "max_depth": 14, 
            "min_samples_leaf": 4
        }, 
        "num_samples": 960, 
        "score_time": 399, 
        "train_score": 0.8245931283905968, 
        "done_at": 1625071399132, 
        "test_score_gib": 0.6118067978533095
    }, 
    {
        "fit_time": 758, 
        "best_iteration": null, 
        "test_score": 0.61101243339254, 
        "time": 868, 
        "split_id": 0, 
        "parameters": {
            "max_features": "auto", 
            "n_estimators": 50, 
            "min_samples_split": 12, 
            "max_depth": 14, 
            "min_samples_leaf": 4
        }, 
        "num_samples": 961, 
        "score_time": 110, 
        "train_score": 0.8262617239839214, 
        "done_at": 1625071398399, 
        "test_score_gib": 0.61101243339254
    }, 
    {
        "fit_time": 638, 
        "best_iteration": null, 
        "test_score": 0.6193078324225865, 
        "time": 816, 
        "split_id": 1, 
        "parameters": {
            "max_features": "auto", 
            "n_estimators": 50, 
            "min_samples_split": 12, 
            "max_depth": 14, 
            "min_samples_leaf": 4
        }, 
        "num_samples": 961, 
        "score_time": 178, 
        "train_score": 0.8233707865168539, 
        "done_at": 1625071398905, 
        "test_score_gib": 0.6193078324225865
    }, 
    {
        "fit_time": 783, 
        "best_iteration": null, 
        "test_score": 0.5981651376146789, 
        "time": 1080, 
        "split_id": 2, 
        "parameters": {
            "max_features": "auto", 
            "n_estimators": 50, 
            "min_samples_split": 12, 
            "max_depth": 14, 
            "min_samples_leaf": 4
        }, 
        "num_samples": 961, 
        "score_time": 297, 
        "train_score": 0.8207207207207207, 
        "done_at": 1625071399490, 
        "test_score_gib": 0.5981651376146789
    }, 
    {
        "fit_time": 716, 
        "best_iteration": null, 
        "test_score": 0.5719844357976653, 
        "time": 989, 
        "split_id": 3, 
        "parameters": {
            "max_features": "auto", 
            "n_estimators": 50, 
            "min_samples_split": 12, 
            "max_depth": 14, 
            "min_samples_leaf": 4
        }, 
        "num_samples": 961, 
        "score_time": 273, 
        "train_score": 0.8282097649186256, 
        "done_at": 1625071399507, 
        "test_score_gib": 0.5719844357976653
    }, 
    {
        "fit_time": 638, 
        "best_iteration": null, 
        "test_score": 0.6018018018018018, 
        "time": 1139, 
        "split_id": 4, 
        "parameters": {
            "max_features": "auto", 
            "n_estimators": 50, 
            "min_samples_split": 12, 
            "max_depth": 14, 
            "min_samples_leaf": 4
        }, 
        "num_samples": 960, 
        "score_time": 501, 
        "train_score": 0.8271493212669683, 
        "done_at": 1625071400051, 
        "test_score_gib": 0.6018018018018018
    }, 
    {
        "fit_time": 1322, 
        "best_iteration": null, 
        "test_score": 0.6216640502354789, 
        "time": 1586, 
        "split_id": 0, 
        "parameters": {
            "max_features": "auto", 
            "n_estimators": 100, 
            "min_samples_split": 12, 
            "max_depth": 6, 
            "min_samples_leaf": 4
        }, 
        "num_samples": 961, 
        "score_time": 264, 
        "train_score": 0.6739130434782609, 
        "done_at": 1625071400721, 
        "test_score_gib": 0.6216640502354789
    }, 
    {
        "fit_time": 1271, 
        "best_iteration": null, 
        "test_score": 0.6272577996715928, 
        "time": 1661, 
        "split_id": 1, 
        "parameters": {
            "max_features": "auto", 
            "n_estimators": 100, 
            "min_samples_split": 12, 
            "max_depth": 6, 
            "min_samples_leaf": 4
        }, 
        "num_samples": 961, 
        "score_time": 390, 
        "train_score": 0.6764346764346766, 
        "done_at": 1625071401157, 
        "test_score_gib": 0.6272577996715928
    }, 
    {
        "fit_time": 1259, 
        "best_iteration": null, 
        "test_score": 0.6169154228855721, 
        "time": 1651, 
        "split_id": 2, 
        "parameters": {
            "max_features": "auto", 
            "n_estimators": 100, 
            "min_samples_split": 12, 
            "max_depth": 6, 
            "min_samples_leaf": 4
        }, 
        "num_samples": 961, 
        "score_time": 392, 
        "train_score": 0.6759868421052632, 
        "done_at": 1625071401167, 
        "test_score_gib": 0.6169154228855721
    }, 
    {
        "fit_time": 1057, 
        "best_iteration": null, 
        "test_score": 0.6205733558178752, 
        "time": 1656, 
        "split_id": 3, 
        "parameters": {
            "max_features": "auto", 
            "n_estimators": 100, 
            "min_samples_split": 12, 
            "max_depth": 6, 
            "min_samples_leaf": 4
        }, 
        "num_samples": 961, 
        "score_time": 599, 
        "train_score": 0.6797225622195022, 
        "done_at": 1625071401713, 
        "test_score_gib": 0.6205733558178752
    }, 
    {
        "fit_time": 1112, 
        "best_iteration": null, 
        "test_score": 0.6028708133971291, 
        "time": 1916, 
        "split_id": 4, 
        "parameters": {
            "max_features": "auto", 
            "n_estimators": 100, 
            "min_samples_split": 12, 
            "max_depth": 6, 
            "min_samples_leaf": 4
        }, 
        "num_samples": 960, 
        "score_time": 804, 
        "train_score": 0.6844480919162905, 
        "done_at": 1625071402641, 
        "test_score_gib": 0.6028708133971291
    }, 
    {
        "fit_time": 2263, 
        "best_iteration": null, 
        "test_score": 0.6327503974562798, 
        "time": 2636, 
        "split_id": 0, 
        "parameters": {
            "max_features": "auto", 
            "n_estimators": 150, 
            "min_samples_split": 3, 
            "max_depth": 6, 
            "min_samples_leaf": 1
        }, 
        "num_samples": 961, 
        "score_time": 373, 
        "train_score": 0.6820762368207623, 
        "done_at": 1625071403800, 
        "test_score_gib": 0.6327503974562798
    }, 
    {
        "fit_time": 2270, 
        "best_iteration": null, 
        "test_score": 0.6258278145695365, 
        "time": 2636, 
        "split_id": 1, 
        "parameters": {
            "max_features": "auto", 
            "n_estimators": 150, 
            "min_samples_split": 3, 
            "max_depth": 6, 
            "min_samples_leaf": 1
        }, 
        "num_samples": 961, 
        "score_time": 366, 
        "train_score": 0.6803446860894542, 
        "done_at": 1625071403807, 
        "test_score_gib": 0.6258278145695365
    }, 
    {
        "fit_time": 1871, 
        "best_iteration": null, 
        "test_score": 0.6123128119800332, 
        "time": 2680, 
        "split_id": 2, 
        "parameters": {
            "max_features": "auto", 
            "n_estimators": 150, 
            "min_samples_split": 3, 
            "max_depth": 6, 
            "min_samples_leaf": 1
        }, 
        "num_samples": 961, 
        "score_time": 809, 
        "train_score": 0.6846473029045643, 
        "done_at": 1625071404409, 
        "test_score_gib": 0.6123128119800332
    }, 
    {
        "fit_time": 1646, 
        "best_iteration": null, 
        "test_score": 0.6169491525423728, 
        "time": 2232, 
        "split_id": 3, 
        "parameters": {
            "max_features": "auto", 
            "n_estimators": 150, 
            "min_samples_split": 3, 
            "max_depth": 6, 
            "min_samples_leaf": 1
        }, 
        "num_samples": 961, 
        "score_time": 586, 
        "train_score": 0.6822276822276822, 
        "done_at": 1625071404881, 
        "test_score_gib": 0.6169491525423728
    }, 
    {
        "fit_time": 1658, 
        "best_iteration": null, 
        "test_score": 0.6019417475728155, 
        "time": 2070, 
        "split_id": 4, 
        "parameters": {
            "max_features": "auto", 
            "n_estimators": 150, 
            "min_samples_split": 3, 
            "max_depth": 6, 
            "min_samples_leaf": 1
        }, 
        "num_samples": 960, 
        "score_time": 412, 
        "train_score": 0.6926910299003322, 
        "done_at": 1625071405875, 
        "test_score_gib": 0.6019417475728155
    }, 
    {
        "fit_time": 949, 
        "best_iteration": null, 
        "test_score": 0.5714285714285715, 
        "time": 1093, 
        "split_id": 0, 
        "parameters": {
            "max_features": "auto", 
            "n_estimators": 50, 
            "min_samples_split": 3, 
            "max_depth": 20, 
            "min_samples_leaf": 1
        }, 
        "num_samples": 961, 
        "score_time": 144, 
        "train_score": 0.9902152641878669, 
        "done_at": 1625071404918, 
        "test_score_gib": 0.5714285714285715
    }, 
    {
        "fit_time": 557, 
        "best_iteration": null, 
        "test_score": 0.5582417582417583, 
        "time": 872, 
        "split_id": 1, 
        "parameters": {
            "max_features": "auto", 
            "n_estimators": 50, 
            "min_samples_split": 3, 
            "max_depth": 20, 
            "min_samples_leaf": 1
        }, 
        "num_samples": 961, 
        "score_time": 315, 
        "train_score": 0.9902152641878669, 
        "done_at": 1625071405297, 
        "test_score_gib": 0.5582417582417583
    }, 
    {
        "fit_time": 726, 
        "best_iteration": null, 
        "test_score": 0.5299145299145298, 
        "time": 828, 
        "split_id": 2, 
        "parameters": {
            "max_features": "auto", 
            "n_estimators": 50, 
            "min_samples_split": 3, 
            "max_depth": 20, 
            "min_samples_leaf": 1
        }, 
        "num_samples": 961, 
        "score_time": 102, 
        "train_score": 0.9912023460410557, 
        "done_at": 1625071405717, 
        "test_score_gib": 0.5299145299145298
    }, 
    {
        "fit_time": 722, 
        "best_iteration": null, 
        "test_score": 0.5267857142857142, 
        "time": 879, 
        "split_id": 3, 
        "parameters": {
            "max_features": "auto", 
            "n_estimators": 50, 
            "min_samples_split": 3, 
            "max_depth": 20, 
            "min_samples_leaf": 1
        }, 
        "num_samples": 961, 
        "score_time": 157, 
        "train_score": 0.9917194349732098, 
        "done_at": 1625071405803, 
        "test_score_gib": 0.5267857142857142
    }, 
    {
        "fit_time": 556, 
        "best_iteration": null, 
        "test_score": 0.5588235294117647, 
        "time": 936, 
        "split_id": 4, 
        "parameters": {
            "max_features": "auto", 
            "n_estimators": 50, 
            "min_samples_split": 3, 
            "max_depth": 20, 
            "min_samples_leaf": 1
        }, 
        "num_samples": 960, 
        "score_time": 380, 
        "train_score": 0.9902534113060429, 
        "done_at": 1625071406239, 
        "test_score_gib": 0.5588235294117647
    }, 
    {
        "fit_time": 651, 
        "best_iteration": null, 
        "test_score": 0.624405705229794, 
        "time": 788, 
        "split_id": 0, 
        "parameters": {
            "max_features": "auto", 
            "n_estimators": 50, 
            "min_samples_split": 9, 
            "max_depth": 6, 
            "min_samples_leaf": 3
        }, 
        "num_samples": 961, 
        "score_time": 137, 
        "train_score": 0.6761019005256773, 
        "done_at": 1625071406511, 
        "test_score_gib": 0.624405705229794
    }, 
    {
        "fit_time": 681, 
        "best_iteration": null, 
        "test_score": 0.6296900489396412, 
        "time": 894, 
        "split_id": 1, 
        "parameters": {
            "max_features": "auto", 
            "n_estimators": 50, 
            "min_samples_split": 9, 
            "max_depth": 6, 
            "min_samples_leaf": 3
        }, 
        "num_samples": 961, 
        "score_time": 213, 
        "train_score": 0.6737443854634544, 
        "done_at": 1625071406708, 
        "test_score_gib": 0.6296900489396412
    }, 
    {
        "fit_time": 692, 
        "best_iteration": null, 
        "test_score": 0.609271523178808, 
        "time": 939, 
        "split_id": 2, 
        "parameters": {
            "max_features": "auto", 
            "n_estimators": 50, 
            "min_samples_split": 9, 
            "max_depth": 6, 
            "min_samples_leaf": 3
        }, 
        "num_samples": 961, 
        "score_time": 247, 
        "train_score": 0.6782035434693036, 
        "done_at": 1625071406827, 
        "test_score_gib": 0.609271523178808
    }, 
    {
        "fit_time": 567, 
        "best_iteration": null, 
        "test_score": 0.6061643835616439, 
        "time": 1120, 
        "split_id": 3, 
        "parameters": {
            "max_features": "auto", 
            "n_estimators": 50, 
            "min_samples_split": 9, 
            "max_depth": 6, 
            "min_samples_leaf": 3
        }, 
        "num_samples": 961, 
        "score_time": 553, 
        "train_score": 0.6840816326530612, 
        "done_at": 1625071407371, 
        "test_score_gib": 0.6061643835616439
    }, 
    {
        "fit_time": 595, 
        "best_iteration": null, 
        "test_score": 0.5954692556634303, 
        "time": 1103, 
        "split_id": 4, 
        "parameters": {
            "max_features": "auto", 
            "n_estimators": 50, 
            "min_samples_split": 9, 
            "max_depth": 6, 
            "min_samples_leaf": 3
        }, 
        "num_samples": 960, 
        "score_time": 508, 
        "train_score": 0.6864686468646864, 
        "done_at": 1625071407618, 
        "test_score_gib": 0.5954692556634303
    }, 
    {
        "fit_time": 2052, 
        "best_iteration": null, 
        "test_score": 0.6226415094339623, 
        "time": 2293, 
        "split_id": 0, 
        "parameters": {
            "max_features": "auto", 
            "n_estimators": 150, 
            "min_samples_split": 12, 
            "max_depth": 6, 
            "min_samples_leaf": 4
        }, 
        "num_samples": 961, 
        "score_time": 241, 
        "train_score": 0.6760224538893345, 
        "done_at": 1625071409005, 
        "test_score_gib": 0.6226415094339623
    }, 
    {
        "fit_time": 2040, 
        "best_iteration": null, 
        "test_score": 0.6327868852459015, 
        "time": 2611, 
        "split_id": 1, 
        "parameters": {
            "max_features": "auto", 
            "n_estimators": 150, 
            "min_samples_split": 12, 
            "max_depth": 6, 
            "min_samples_leaf": 4
        }, 
        "num_samples": 961, 
        "score_time": 571, 
        "train_score": 0.6770110249081257, 
        "done_at": 1625071409454, 
        "test_score_gib": 0.6327868852459015
    }, 
    {
        "fit_time": 1582, 
        "best_iteration": null, 
        "test_score": 0.6086956521739131, 
        "time": 2258, 
        "split_id": 2, 
        "parameters": {
            "max_features": "auto", 
            "n_estimators": 150, 
            "min_samples_split": 12, 
            "max_depth": 6, 
            "min_samples_leaf": 4
        }, 
        "num_samples": 961, 
        "score_time": 676, 
        "train_score": 0.676555418211784, 
        "done_at": 1625071409650, 
        "test_score_gib": 0.6086956521739131
    }, 
    {
        "fit_time": 1499, 
        "best_iteration": null, 
        "test_score": 0.6159052453468696, 
        "time": 2207, 
        "split_id": 3, 
        "parameters": {
            "max_features": "auto", 
            "n_estimators": 150, 
            "min_samples_split": 12, 
            "max_depth": 6, 
            "min_samples_leaf": 4
        }, 
        "num_samples": 961, 
        "score_time": 708, 
        "train_score": 0.6810766721044045, 
        "done_at": 1625071409834, 
        "test_score_gib": 0.6159052453468696
    }, 
    {
        "fit_time": 1200, 
        "best_iteration": null, 
        "test_score": 0.6025641025641025, 
        "time": 1796, 
        "split_id": 4, 
        "parameters": {
            "max_features": "auto", 
            "n_estimators": 150, 
            "min_samples_split": 12, 
            "max_depth": 6, 
            "min_samples_leaf": 4
        }, 
        "num_samples": 960, 
        "score_time": 596, 
        "train_score": 0.6853377265238879, 
        "done_at": 1625071410804, 
        "test_score_gib": 0.6025641025641025
    }, 
    {
        "fit_time": 660, 
        "best_iteration": null, 
        "test_score": 0.6044776119402984, 
        "time": 730, 
        "split_id": 0, 
        "parameters": {
            "max_features": "auto", 
            "n_estimators": 50, 
            "min_samples_split": 9, 
            "max_depth": 20, 
            "min_samples_leaf": 3
        }, 
        "num_samples": 961, 
        "score_time": 70, 
        "train_score": 0.8858746492048644, 
        "done_at": 1625071410188, 
        "test_score_gib": 0.6044776119402984
    }, 
    {
        "fit_time": 585, 
        "best_iteration": null, 
        "test_score": 0.605009633911368, 
        "time": 774, 
        "split_id": 1, 
        "parameters": {
            "max_features": "auto", 
            "n_estimators": 50, 
            "min_samples_split": 9, 
            "max_depth": 20, 
            "min_samples_leaf": 3
        }, 
        "num_samples": 961, 
        "score_time": 189, 
        "train_score": 0.8835266821345708, 
        "done_at": 1625071410431, 
        "test_score_gib": 0.605009633911368
    }, 
    {
        "fit_time": 514, 
        "best_iteration": null, 
        "test_score": 0.5714285714285715, 
        "time": 675, 
        "split_id": 2, 
        "parameters": {
            "max_features": "auto", 
            "n_estimators": 50, 
            "min_samples_split": 9, 
            "max_depth": 20, 
            "min_samples_leaf": 3
        }, 
        "num_samples": 961, 
        "score_time": 161, 
        "train_score": 0.8805901337021668, 
        "done_at": 1625071410525, 
        "test_score_gib": 0.5714285714285715
    }, 
    {
        "fit_time": 578, 
        "best_iteration": null, 
        "test_score": 0.5697211155378485, 
        "time": 844, 
        "split_id": 3, 
        "parameters": {
            "max_features": "auto", 
            "n_estimators": 50, 
            "min_samples_split": 9, 
            "max_depth": 20, 
            "min_samples_leaf": 3
        }, 
        "num_samples": 961, 
        "score_time": 266, 
        "train_score": 0.8734883720930233, 
        "done_at": 1625071411034, 
        "test_score_gib": 0.5697211155378485
    }, 
    {
        "fit_time": 656, 
        "best_iteration": null, 
        "test_score": 0.6101694915254237, 
        "time": 945, 
        "split_id": 4, 
        "parameters": {
            "max_features": "auto", 
            "n_estimators": 50, 
            "min_samples_split": 9, 
            "max_depth": 20, 
            "min_samples_leaf": 3
        }, 
        "num_samples": 960, 
        "score_time": 289, 
        "train_score": 0.8800370541917554, 
        "done_at": 1625071411382, 
        "test_score_gib": 0.6101694915254237
    }, 
    {
        "fit_time": 536, 
        "best_iteration": null, 
        "test_score": 0.6263910969793323, 
        "time": 780, 
        "split_id": 0, 
        "parameters": {
            "max_features": "auto", 
            "n_estimators": 50, 
            "min_samples_split": 3, 
            "max_depth": 6, 
            "min_samples_leaf": 1
        }, 
        "num_samples": 961, 
        "score_time": 244, 
        "train_score": 0.6825525040387721, 
        "done_at": 1625071411313, 
        "test_score_gib": 0.6263910969793323
    }, 
    {
        "fit_time": 527, 
        "best_iteration": null, 
        "test_score": 0.627906976744186, 
        "time": 882, 
        "split_id": 1, 
        "parameters": {
            "max_features": "auto", 
            "n_estimators": 50, 
            "min_samples_split": 3, 
            "max_depth": 6, 
            "min_samples_leaf": 1
        }, 
        "num_samples": 961, 
        "score_time": 355, 
        "train_score": 0.6812191103789127, 
        "done_at": 1625071411694, 
        "test_score_gib": 0.627906976744186
    }, 
    {
        "fit_time": 660, 
        "best_iteration": null, 
        "test_score": 0.6189683860232945, 
        "time": 1085, 
        "split_id": 2, 
        "parameters": {
            "max_features": "auto", 
            "n_estimators": 50, 
            "min_samples_split": 3, 
            "max_depth": 6, 
            "min_samples_leaf": 1
        }, 
        "num_samples": 961, 
        "score_time": 425, 
        "train_score": 0.6848409748038001, 
        "done_at": 1625071412123, 
        "test_score_gib": 0.6189683860232945
    }, 
    {
        "fit_time": 876, 
        "best_iteration": null, 
        "test_score": 0.616695059625213, 
        "time": 1237, 
        "split_id": 3, 
        "parameters": {
            "max_features": "auto", 
            "n_estimators": 50, 
            "min_samples_split": 3, 
            "max_depth": 6, 
            "min_samples_leaf": 1
        }, 
        "num_samples": 961, 
        "score_time": 361, 
        "train_score": 0.6825854261012763, 
        "done_at": 1625071412557, 
        "test_score_gib": 0.616695059625213
    }, 
    {
        "fit_time": 825, 
        "best_iteration": null, 
        "test_score": 0.5903225806451613, 
        "time": 1199, 
        "split_id": 4, 
        "parameters": {
            "max_features": "auto", 
            "n_estimators": 50, 
            "min_samples_split": 3, 
            "max_depth": 6, 
            "min_samples_leaf": 1
        }, 
        "num_samples": 960, 
        "score_time": 374, 
        "train_score": 0.693388429752066, 
        "done_at": 1625071412589, 
        "test_score_gib": 0.5903225806451613
    }, 
    {
        "fit_time": 2061, 
        "best_iteration": null, 
        "test_score": 0.6224677716390423, 
        "time": 2384, 
        "split_id": 0, 
        "parameters": {
            "max_features": "auto", 
            "n_estimators": 150, 
            "min_samples_split": 9, 
            "max_depth": 14, 
            "min_samples_leaf": 3
        }, 
        "num_samples": 961, 
        "score_time": 323, 
        "train_score": 0.8713958810068649, 
        "done_at": 1625071414085, 
        "test_score_gib": 0.6224677716390423
    }, 
    {
        "fit_time": 1895, 
        "best_iteration": null, 
        "test_score": 0.6026365348399247, 
        "time": 2633, 
        "split_id": 1, 
        "parameters": {
            "max_features": "auto", 
            "n_estimators": 150, 
            "min_samples_split": 9, 
            "max_depth": 14, 
            "min_samples_leaf": 3
        }, 
        "num_samples": 961, 
        "score_time": 738, 
        "train_score": 0.8613406795224977, 
        "done_at": 1625071414760, 
        "test_score_gib": 0.6026365348399247
    }, 
    {
        "fit_time": 2177, 
        "best_iteration": null, 
        "test_score": 0.5805243445692885, 
        "time": 2553, 
        "split_id": 2, 
        "parameters": {
            "max_features": "auto", 
            "n_estimators": 150, 
            "min_samples_split": 9, 
            "max_depth": 14, 
            "min_samples_leaf": 3
        }, 
        "num_samples": 961, 
        "score_time": 376, 
        "train_score": 0.8649386084583901, 
        "done_at": 1625071415117, 
        "test_score_gib": 0.5805243445692885
    }, 
    {
        "fit_time": 2269, 
        "best_iteration": null, 
        "test_score": 0.5854616895874263, 
        "time": 2672, 
        "split_id": 3, 
        "parameters": {
            "max_features": "auto", 
            "n_estimators": 150, 
            "min_samples_split": 9, 
            "max_depth": 14, 
            "min_samples_leaf": 3
        }, 
        "num_samples": 961, 
        "score_time": 403, 
        "train_score": 0.8621323529411766, 
        "done_at": 1625071415271, 
        "test_score_gib": 0.5854616895874263
    }, 
    {
        "fit_time": 1651, 
        "best_iteration": null, 
        "test_score": 0.611111111111111, 
        "time": 2007, 
        "split_id": 4, 
        "parameters": {
            "max_features": "auto", 
            "n_estimators": 150, 
            "min_samples_split": 9, 
            "max_depth": 14, 
            "min_samples_leaf": 3
        }, 
        "num_samples": 960, 
        "score_time": 356, 
        "train_score": 0.8613272311212814, 
        "done_at": 1625071416098, 
        "test_score_gib": 0.611111111111111
    }, 
    {
        "fit_time": 466, 
        "best_iteration": null, 
        "test_score": 0.6035502958579881, 
        "time": 740, 
        "split_id": 0, 
        "parameters": {
            "max_features": "auto", 
            "n_estimators": 50, 
            "min_samples_split": 6, 
            "max_depth": 20, 
            "min_samples_leaf": 2
        }, 
        "num_samples": 961, 
        "score_time": 274, 
        "train_score": 0.9446564885496184, 
        "done_at": 1625071415506, 
        "test_score_gib": 0.6035502958579881
    }, 
    {
        "fit_time": 700, 
        "best_iteration": null, 
        "test_score": 0.5901639344262295, 
        "time": 781, 
        "split_id": 1, 
        "parameters": {
            "max_features": "auto", 
            "n_estimators": 50, 
            "min_samples_split": 6, 
            "max_depth": 20, 
            "min_samples_leaf": 2
        }, 
        "num_samples": 961, 
        "score_time": 81, 
        "train_score": 0.9463182897862232, 
        "done_at": 1625071415903, 
        "test_score_gib": 0.5901639344262295
    }, 
    {
        "fit_time": 630, 
        "best_iteration": null, 
        "test_score": 0.5788423153692615, 
        "time": 912, 
        "split_id": 2, 
        "parameters": {
            "max_features": "auto", 
            "n_estimators": 50, 
            "min_samples_split": 6, 
            "max_depth": 20, 
            "min_samples_leaf": 2
        }, 
        "num_samples": 961, 
        "score_time": 282, 
        "train_score": 0.939047619047619, 
        "done_at": 1625071416192, 
        "test_score_gib": 0.5788423153692615
    }, 
    {
        "fit_time": 558, 
        "best_iteration": null, 
        "test_score": 0.5384615384615384, 
        "time": 880, 
        "split_id": 3, 
        "parameters": {
            "max_features": "auto", 
            "n_estimators": 50, 
            "min_samples_split": 6, 
            "max_depth": 20, 
            "min_samples_leaf": 2
        }, 
        "num_samples": 961, 
        "score_time": 322, 
        "train_score": 0.9358059914407989, 
        "done_at": 1625071416396, 
        "test_score_gib": 0.5384615384615384
    }, 
    {
        "fit_time": 787, 
        "best_iteration": null, 
        "test_score": 0.5803921568627451, 
        "time": 1192, 
        "split_id": 4, 
        "parameters": {
            "max_features": "auto", 
            "n_estimators": 50, 
            "min_samples_split": 6, 
            "max_depth": 20, 
            "min_samples_leaf": 2
        }, 
        "num_samples": 960, 
        "score_time": 405, 
        "train_score": 0.9350525310410697, 
        "done_at": 1625071417102, 
        "test_score_gib": 0.5803921568627451
    }, 
    {
        "fit_time": 1761, 
        "best_iteration": null, 
        "test_score": 0.5744234800838575, 
        "time": 1948, 
        "split_id": 0, 
        "parameters": {
            "max_features": "auto", 
            "n_estimators": 100, 
            "min_samples_split": 3, 
            "max_depth": 20, 
            "min_samples_leaf": 1
        }, 
        "num_samples": 961, 
        "score_time": 187, 
        "train_score": 0.9931506849315069, 
        "done_at": 1625071418050, 
        "test_score_gib": 0.5744234800838575
    }, 
    {
        "fit_time": 1665, 
        "best_iteration": null, 
        "test_score": 0.5614035087719298, 
        "time": 1900, 
        "split_id": 1, 
        "parameters": {
            "max_features": "auto", 
            "n_estimators": 100, 
            "min_samples_split": 3, 
            "max_depth": 20, 
            "min_samples_leaf": 1
        }, 
        "num_samples": 961, 
        "score_time": 235, 
        "train_score": 0.9936492427943331, 
        "done_at": 1625071418105, 
        "test_score_gib": 0.5614035087719298
    }, 
    {
        "fit_time": 1511, 
        "best_iteration": null, 
        "test_score": 0.5249457700650758, 
        "time": 2031, 
        "split_id": 2, 
        "parameters": {
            "max_features": "auto", 
            "n_estimators": 100, 
            "min_samples_split": 3, 
            "max_depth": 20, 
            "min_samples_leaf": 1
        }, 
        "num_samples": 961, 
        "score_time": 520, 
        "train_score": 0.9926722032242306, 
        "done_at": 1625071418446, 
        "test_score_gib": 0.5249457700650758
    }, 
    {
        "fit_time": 1057, 
        "best_iteration": null, 
        "test_score": 0.515695067264574, 
        "time": 1674, 
        "split_id": 3, 
        "parameters": {
            "max_features": "auto", 
            "n_estimators": 100, 
            "min_samples_split": 3, 
            "max_depth": 20, 
            "min_samples_leaf": 1
        }, 
        "num_samples": 961, 
        "score_time": 617, 
        "train_score": 0.99317738791423, 
        "done_at": 1625071418787, 
        "test_score_gib": 0.515695067264574
    }, 
    {
        "fit_time": 1263, 
        "best_iteration": null, 
        "test_score": 0.5466101694915254, 
        "time": 1639, 
        "split_id": 4, 
        "parameters": {
            "max_features": "auto", 
            "n_estimators": 100, 
            "min_samples_split": 3, 
            "max_depth": 20, 
            "min_samples_leaf": 1
        }, 
        "num_samples": 960, 
        "score_time": 376, 
        "train_score": 0.9941463414634146, 
        "done_at": 1625071419696, 
        "test_score_gib": 0.5466101694915254
    }, 
    {
        "fit_time": 721, 
        "best_iteration": null, 
        "test_score": 0.6253968253968254, 
        "time": 961, 
        "split_id": 0, 
        "parameters": {
            "max_features": "auto", 
            "n_estimators": 50, 
            "min_samples_split": 12, 
            "max_depth": 6, 
            "min_samples_leaf": 4
        }, 
        "num_samples": 961, 
        "score_time": 240, 
        "train_score": 0.6733789770438984, 
        "done_at": 1625071419071, 
        "test_score_gib": 0.6253968253968254
    }, 
    {
        "fit_time": 559, 
        "best_iteration": null, 
        "test_score": 0.6284779050736498, 
        "time": 803, 
        "split_id": 1, 
        "parameters": {
            "max_features": "auto", 
            "n_estimators": 50, 
            "min_samples_split": 12, 
            "max_depth": 6, 
            "min_samples_leaf": 4
        }, 
        "num_samples": 961, 
        "score_time": 244, 
        "train_score": 0.6742857142857143, 
        "done_at": 1625071419265, 
        "test_score_gib": 0.6284779050736498
    }, 
    {
        "fit_time": 705, 
        "best_iteration": null, 
        "test_score": 0.6184210526315789, 
        "time": 786, 
        "split_id": 2, 
        "parameters": {
            "max_features": "auto", 
            "n_estimators": 50, 
            "min_samples_split": 12, 
            "max_depth": 6, 
            "min_samples_leaf": 4
        }, 
        "num_samples": 961, 
        "score_time": 81, 
        "train_score": 0.6751331421548546, 
        "done_at": 1625071419582, 
        "test_score_gib": 0.6184210526315789
    }, 
    {
        "fit_time": 527, 
        "best_iteration": null, 
        "test_score": 0.6172006745362563, 
        "time": 831, 
        "split_id": 3, 
        "parameters": {
            "max_features": "auto", 
            "n_estimators": 50, 
            "min_samples_split": 12, 
            "max_depth": 6, 
            "min_samples_leaf": 4
        }, 
        "num_samples": 961, 
        "score_time": 304, 
        "train_score": 0.6783387622149837, 
        "done_at": 1625071419907, 
        "test_score_gib": 0.6172006745362563
    }, 
    {
        "fit_time": 379, 
        "best_iteration": null, 
        "test_score": 0.5925925925925927, 
        "time": 684, 
        "split_id": 4, 
        "parameters": {
            "max_features": "auto", 
            "n_estimators": 50, 
            "min_samples_split": 12, 
            "max_depth": 6, 
            "min_samples_leaf": 4
        }, 
        "num_samples": 960, 
        "score_time": 305, 
        "train_score": 0.6837113402061857, 
        "done_at": 1625071419966, 
        "test_score_gib": 0.5925925925925927
    }, 
    {
        "fit_time": 567, 
        "best_iteration": null, 
        "test_score": 0.622432859399684, 
        "time": 719, 
        "split_id": 0, 
        "parameters": {
            "max_features": "auto", 
            "n_estimators": 50, 
            "min_samples_split": 6, 
            "max_depth": 6, 
            "min_samples_leaf": 2
        }, 
        "num_samples": 961, 
        "score_time": 152, 
        "train_score": 0.6788025889967637, 
        "done_at": 1625071420305, 
        "test_score_gib": 0.622432859399684
    }, 
    {
        "fit_time": 589, 
        "best_iteration": null, 
        "test_score": 0.6390728476821192, 
        "time": 785, 
        "split_id": 1, 
        "parameters": {
            "max_features": "auto", 
            "n_estimators": 50, 
            "min_samples_split": 6, 
            "max_depth": 6, 
            "min_samples_leaf": 2
        }, 
        "num_samples": 961, 
        "score_time": 196, 
        "train_score": 0.6795716639209226, 
        "done_at": 1625071420499, 
        "test_score_gib": 0.6390728476821192
    }, 
    {
        "fit_time": 622, 
        "best_iteration": null, 
        "test_score": 0.6133333333333334, 
        "time": 837, 
        "split_id": 2, 
        "parameters": {
            "max_features": "auto", 
            "n_estimators": 50, 
            "min_samples_split": 6, 
            "max_depth": 6, 
            "min_samples_leaf": 2
        }, 
        "num_samples": 961, 
        "score_time": 215, 
        "train_score": 0.6741293532338308, 
        "done_at": 1625071420751, 
        "test_score_gib": 0.6133333333333334
    }, 
    {
        "fit_time": 557, 
        "best_iteration": null, 
        "test_score": 0.6190476190476191, 
        "time": 768, 
        "split_id": 3, 
        "parameters": {
            "max_features": "auto", 
            "n_estimators": 50, 
            "min_samples_split": 6, 
            "max_depth": 6, 
            "min_samples_leaf": 2
        }, 
        "num_samples": 961, 
        "score_time": 211, 
        "train_score": 0.6826883910386965, 
        "done_at": 1625071420748, 
        "test_score_gib": 0.6190476190476191
    }, 
    {
        "fit_time": 492, 
        "best_iteration": null, 
        "test_score": 0.5880452342487884, 
        "time": 775, 
        "split_id": 4, 
        "parameters": {
            "max_features": "auto", 
            "n_estimators": 50, 
            "min_samples_split": 6, 
            "max_depth": 6, 
            "min_samples_leaf": 2
        }, 
        "num_samples": 960, 
        "score_time": 283, 
        "train_score": 0.6938943894389439, 
        "done_at": 1625071421090, 
        "test_score_gib": 0.5880452342487884
    }, 
    {
        "fit_time": 764, 
        "best_iteration": null, 
        "test_score": 0.5981981981981982, 
        "time": 867, 
        "split_id": 0, 
        "parameters": {
            "max_features": "auto", 
            "n_estimators": 50, 
            "min_samples_split": 12, 
            "max_depth": 20, 
            "min_samples_leaf": 4
        }, 
        "num_samples": 961, 
        "score_time": 103, 
        "train_score": 0.838475499092559, 
        "done_at": 1625071421369, 
        "test_score_gib": 0.5981981981981982
    }, 
    {
        "fit_time": 645, 
        "best_iteration": null, 
        "test_score": 0.6093457943925233, 
        "time": 845, 
        "split_id": 1, 
        "parameters": {
            "max_features": "auto", 
            "n_estimators": 50, 
            "min_samples_split": 12, 
            "max_depth": 20, 
            "min_samples_leaf": 4
        }, 
        "num_samples": 961, 
        "score_time": 200, 
        "train_score": 0.8439201451905626, 
        "done_at": 1625071421598, 
        "test_score_gib": 0.6093457943925233
    }, 
    {
        "fit_time": 696, 
        "best_iteration": null, 
        "test_score": 0.593984962406015, 
        "time": 841, 
        "split_id": 2, 
        "parameters": {
            "max_features": "auto", 
            "n_estimators": 50, 
            "min_samples_split": 12, 
            "max_depth": 20, 
            "min_samples_leaf": 4
        }, 
        "num_samples": 961, 
        "score_time": 145, 
        "train_score": 0.8343168406718111, 
        "done_at": 1625071421596, 
        "test_score_gib": 0.593984962406015
    }, 
    {
        "fit_time": 550, 
        "best_iteration": null, 
        "test_score": 0.5877862595419847, 
        "time": 1057, 
        "split_id": 3, 
        "parameters": {
            "max_features": "auto", 
            "n_estimators": 50, 
            "min_samples_split": 12, 
            "max_depth": 20, 
            "min_samples_leaf": 4
        }, 
        "num_samples": 961, 
        "score_time": 507, 
        "train_score": 0.839269406392694, 
        "done_at": 1625071422154, 
        "test_score_gib": 0.5877862595419847
    }, 
    {
        "fit_time": 697, 
        "best_iteration": null, 
        "test_score": 0.5989110707803993, 
        "time": 1031, 
        "split_id": 4, 
        "parameters": {
            "max_features": "auto", 
            "n_estimators": 50, 
            "min_samples_split": 12, 
            "max_depth": 20, 
            "min_samples_leaf": 4
        }, 
        "num_samples": 960, 
        "score_time": 334, 
        "train_score": 0.8395061728395062, 
        "done_at": 1625071422404, 
        "test_score_gib": 0.5989110707803993
    }, 
    {
        "fit_time": 1464, 
        "best_iteration": null, 
        "test_score": 0.6195652173913043, 
        "time": 1636, 
        "split_id": 0, 
        "parameters": {
            "max_features": "auto", 
            "n_estimators": 100, 
            "min_samples_split": 12, 
            "max_depth": 20, 
            "min_samples_leaf": 4
        }, 
        "num_samples": 961, 
        "score_time": 172, 
        "train_score": 0.8471655328798187, 
        "done_at": 1625071423237, 
        "test_score_gib": 0.6195652173913043
    }, 
    {
        "fit_time": 1562, 
        "best_iteration": null, 
        "test_score": 0.6070763500931098, 
        "time": 1990, 
        "split_id": 1, 
        "parameters": {
            "max_features": "auto", 
            "n_estimators": 100, 
            "min_samples_split": 12, 
            "max_depth": 20, 
            "min_samples_leaf": 4
        }, 
        "num_samples": 961, 
        "score_time": 428, 
        "train_score": 0.8401991851516524, 
        "done_at": 1625071423598, 
        "test_score_gib": 0.6070763500931098
    }, 
    {
        "fit_time": 1198, 
        "best_iteration": null, 
        "test_score": 0.6007462686567164, 
        "time": 1668, 
        "split_id": 2, 
        "parameters": {
            "max_features": "auto", 
            "n_estimators": 100, 
            "min_samples_split": 12, 
            "max_depth": 20, 
            "min_samples_leaf": 4
        }, 
        "num_samples": 961, 
        "score_time": 470, 
        "train_score": 0.8477964561562926, 
        "done_at": 1625071423826, 
        "test_score_gib": 0.6007462686567164
    }, 
    {
        "fit_time": 1190, 
        "best_iteration": null, 
        "test_score": 0.5880077369439071, 
        "time": 1648, 
        "split_id": 3, 
        "parameters": {
            "max_features": "auto", 
            "n_estimators": 100, 
            "min_samples_split": 12, 
            "max_depth": 20, 
            "min_samples_leaf": 4
        }, 
        "num_samples": 961, 
        "score_time": 458, 
        "train_score": 0.8409090909090909, 
        "done_at": 1625071424065, 
        "test_score_gib": 0.5880077369439071
    }, 
    {
        "fit_time": 1060, 
        "best_iteration": null, 
        "test_score": 0.6195652173913044, 
        "time": 1422, 
        "split_id": 4, 
        "parameters": {
            "max_features": "auto", 
            "n_estimators": 100, 
            "min_samples_split": 12, 
            "max_depth": 20, 
            "min_samples_leaf": 4
        }, 
        "num_samples": 960, 
        "score_time": 362, 
        "train_score": 0.8371454711802379, 
        "done_at": 1625071424664, 
        "test_score_gib": 0.6195652173913044
    }, 
    {
        "fit_time": 636, 
        "best_iteration": null, 
        "test_score": 0.6114180478821363, 
        "time": 799, 
        "split_id": 0, 
        "parameters": {
            "max_features": "auto", 
            "n_estimators": 50, 
            "min_samples_split": 9, 
            "max_depth": 14, 
            "min_samples_leaf": 3
        }, 
        "num_samples": 961, 
        "score_time": 163, 
        "train_score": 0.8651376146788992, 
        "done_at": 1625071424401, 
        "test_score_gib": 0.6114180478821363
    }, 
    {
        "fit_time": 667, 
        "best_iteration": null, 
        "test_score": 0.5904761904761905, 
        "time": 993, 
        "split_id": 1, 
        "parameters": {
            "max_features": "auto", 
            "n_estimators": 50, 
            "min_samples_split": 9, 
            "max_depth": 14, 
            "min_samples_leaf": 3
        }, 
        "num_samples": 961, 
        "score_time": 326, 
        "train_score": 0.8533817521561506, 
        "done_at": 1625071424830, 
        "test_score_gib": 0.5904761904761905
    }, 
    {
        "fit_time": 681, 
        "best_iteration": null, 
        "test_score": 0.5810055865921787, 
        "time": 1101, 
        "split_id": 2, 
        "parameters": {
            "max_features": "auto", 
            "n_estimators": 50, 
            "min_samples_split": 9, 
            "max_depth": 14, 
            "min_samples_leaf": 3
        }, 
        "num_samples": 961, 
        "score_time": 420, 
        "train_score": 0.8531531531531532, 
        "done_at": 1625071425174, 
        "test_score_gib": 0.5810055865921787
    }, 
    {
        "fit_time": 804, 
        "best_iteration": null, 
        "test_score": 0.5669291338582677, 
        "time": 1209, 
        "split_id": 3, 
        "parameters": {
            "max_features": "auto", 
            "n_estimators": 50, 
            "min_samples_split": 9, 
            "max_depth": 14, 
            "min_samples_leaf": 3
        }, 
        "num_samples": 961, 
        "score_time": 405, 
        "train_score": 0.8543956043956042, 
        "done_at": 1625071425618, 
        "test_score_gib": 0.5669291338582677
    }, 
    {
        "fit_time": 1030, 
        "best_iteration": null, 
        "test_score": 0.6066176470588236, 
        "time": 1336, 
        "split_id": 4, 
        "parameters": {
            "max_features": "auto", 
            "n_estimators": 50, 
            "min_samples_split": 9, 
            "max_depth": 14, 
            "min_samples_leaf": 3
        }, 
        "num_samples": 960, 
        "score_time": 306, 
        "train_score": 0.8553113553113553, 
        "done_at": 1625071426009, 
        "test_score_gib": 0.6066176470588236
    }, 
    {
        "fit_time": 1637, 
        "best_iteration": null, 
        "test_score": 0.6187845303867403, 
        "time": 1895, 
        "split_id": 0, 
        "parameters": {
            "max_features": "auto", 
            "n_estimators": 100, 
            "min_samples_split": 9, 
            "max_depth": 14, 
            "min_samples_leaf": 3
        }, 
        "num_samples": 961, 
        "score_time": 258, 
        "train_score": 0.8647166361974407, 
        "done_at": 1625071426738, 
        "test_score_gib": 0.6187845303867403
    }, 
    {
        "fit_time": 1349, 
        "best_iteration": null, 
        "test_score": 0.605263157894737, 
        "time": 1672, 
        "split_id": 1, 
        "parameters": {
            "max_features": "auto", 
            "n_estimators": 100, 
            "min_samples_split": 9, 
            "max_depth": 14, 
            "min_samples_leaf": 3
        }, 
        "num_samples": 961, 
        "score_time": 323, 
        "train_score": 0.8604118993135011, 
        "done_at": 1625071426888, 
        "test_score_gib": 0.605263157894737
    }, 
    {
        "fit_time": 1232, 
        "best_iteration": null, 
        "test_score": 0.5805243445692885, 
        "time": 2011, 
        "split_id": 2, 
        "parameters": {
            "max_features": "auto", 
            "n_estimators": 100, 
            "min_samples_split": 9, 
            "max_depth": 14, 
            "min_samples_leaf": 3
        }, 
        "num_samples": 961, 
        "score_time": 779, 
        "train_score": 0.8619436875567666, 
        "done_at": 1625071427633, 
        "test_score_gib": 0.5805243445692885
    }, 
    {
        "fit_time": 1370, 
        "best_iteration": null, 
        "test_score": 0.581532416502947, 
        "time": 1992, 
        "split_id": 3, 
        "parameters": {
            "max_features": "auto", 
            "n_estimators": 100, 
            "min_samples_split": 9, 
            "max_depth": 14, 
            "min_samples_leaf": 3
        }, 
        "num_samples": 961, 
        "score_time": 622, 
        "train_score": 0.8589743589743589, 
        "done_at": 1625071428004, 
        "test_score_gib": 0.581532416502947
    }, 
    {
        "fit_time": 1660, 
        "best_iteration": null, 
        "test_score": 0.6199261992619927, 
        "time": 2119, 
        "split_id": 4, 
        "parameters": {
            "max_features": "auto", 
            "n_estimators": 100, 
            "min_samples_split": 9, 
            "max_depth": 14, 
            "min_samples_leaf": 3
        }, 
        "num_samples": 960, 
        "score_time": 459, 
        "train_score": 0.8541284403669726, 
        "done_at": 1625071428862, 
        "test_score_gib": 0.6199261992619927
    }, 
    {
        "fit_time": 1938, 
        "best_iteration": null, 
        "test_score": 0.6317460317460316, 
        "time": 2634, 
        "split_id": 0, 
        "parameters": {
            "max_features": "auto", 
            "n_estimators": 150, 
            "min_samples_split": 6, 
            "max_depth": 6, 
            "min_samples_leaf": 2
        }, 
        "num_samples": 961, 
        "score_time": 696, 
        "train_score": 0.677445432497979, 
        "done_at": 1625071429534, 
        "test_score_gib": 0.6317460317460316
    }, 
    {
        "fit_time": 1770, 
        "best_iteration": null, 
        "test_score": 0.6315789473684211, 
        "time": 2417, 
        "split_id": 1, 
        "parameters": {
            "max_features": "auto", 
            "n_estimators": 150, 
            "min_samples_split": 6, 
            "max_depth": 6, 
            "min_samples_leaf": 2
        }, 
        "num_samples": 961, 
        "score_time": 647, 
        "train_score": 0.6811297584936552, 
        "done_at": 1625071430058, 
        "test_score_gib": 0.6315789473684211
    }, 
    {
        "fit_time": 1801, 
        "best_iteration": null, 
        "test_score": 0.615126050420168, 
        "time": 2461, 
        "split_id": 2, 
        "parameters": {
            "max_features": "auto", 
            "n_estimators": 150, 
            "min_samples_split": 6, 
            "max_depth": 6, 
            "min_samples_leaf": 2
        }, 
        "num_samples": 961, 
        "score_time": 660, 
        "train_score": 0.6791199667911998, 
        "done_at": 1625071430477, 
        "test_score_gib": 0.615126050420168
    }, 
    {
        "fit_time": 1547, 
        "best_iteration": null, 
        "test_score": 0.616695059625213, 
        "time": 2068, 
        "split_id": 3, 
        "parameters": {
            "max_features": "auto", 
            "n_estimators": 150, 
            "min_samples_split": 6, 
            "max_depth": 6, 
            "min_samples_leaf": 2
        }, 
        "num_samples": 961, 
        "score_time": 521, 
        "train_score": 0.6849427168576103, 
        "done_at": 1625071430939, 
        "test_score_gib": 0.616695059625213
    }, 
    {
        "fit_time": 1444, 
        "best_iteration": null, 
        "test_score": 0.5922330097087379, 
        "time": 1892, 
        "split_id": 4, 
        "parameters": {
            "max_features": "auto", 
            "n_estimators": 150, 
            "min_samples_split": 6, 
            "max_depth": 6, 
            "min_samples_leaf": 2
        }, 
        "num_samples": 960, 
        "score_time": 448, 
        "train_score": 0.6922759190417183, 
        "done_at": 1625071431431, 
        "test_score_gib": 0.5922330097087379
    }, 
    {
        "fit_time": 1284, 
        "best_iteration": null, 
        "test_score": 0.5976095617529881, 
        "time": 1734, 
        "split_id": 0, 
        "parameters": {
            "max_features": "auto", 
            "n_estimators": 100, 
            "min_samples_split": 6, 
            "max_depth": 20, 
            "min_samples_leaf": 2
        }, 
        "num_samples": 961, 
        "score_time": 450, 
        "train_score": 0.9479216435738175, 
        "done_at": 1625071431800, 
        "test_score_gib": 0.5976095617529881
    }, 
    {
        "fit_time": 1070, 
        "best_iteration": null, 
        "test_score": 0.5909090909090909, 
        "time": 1662, 
        "split_id": 1, 
        "parameters": {
            "max_features": "auto", 
            "n_estimators": 100, 
            "min_samples_split": 6, 
            "max_depth": 20, 
            "min_samples_leaf": 2
        }, 
        "num_samples": 961, 
        "score_time": 592, 
        "train_score": 0.9472182596291012, 
        "done_at": 1625071432146, 
        "test_score_gib": 0.5909090909090909
    }, 
    {
        "fit_time": 1210, 
        "best_iteration": null, 
        "test_score": 0.5936254980079682, 
        "time": 1791, 
        "split_id": 2, 
        "parameters": {
            "max_features": "auto", 
            "n_estimators": 100, 
            "min_samples_split": 6, 
            "max_depth": 20, 
            "min_samples_leaf": 2
        }, 
        "num_samples": 961, 
        "score_time": 581, 
        "train_score": 0.9422985216976634, 
        "done_at": 1625071432735, 
        "test_score_gib": 0.5936254980079682
    }, 
    {
        "fit_time": 1146, 
        "best_iteration": null, 
        "test_score": 0.547008547008547, 
        "time": 1770, 
        "split_id": 3, 
        "parameters": {
            "max_features": "auto", 
            "n_estimators": 100, 
            "min_samples_split": 6, 
            "max_depth": 20, 
            "min_samples_leaf": 2
        }, 
        "num_samples": 961, 
        "score_time": 624, 
        "train_score": 0.9397247271001423, 
        "done_at": 1625071433207, 
        "test_score_gib": 0.547008547008547
    }, 
    {
        "fit_time": 1402, 
        "best_iteration": null, 
        "test_score": 0.5968379446640316, 
        "time": 1917, 
        "split_id": 4, 
        "parameters": {
            "max_features": "auto", 
            "n_estimators": 100, 
            "min_samples_split": 6, 
            "max_depth": 20, 
            "min_samples_leaf": 2
        }, 
        "num_samples": 960, 
        "score_time": 515, 
        "train_score": 0.9436286120322123, 
        "done_at": 1625071433723, 
        "test_score_gib": 0.5968379446640316
    }, 
    {
        "fit_time": 2106, 
        "best_iteration": null, 
        "test_score": 0.6259541984732824, 
        "time": 2374, 
        "split_id": 0, 
        "parameters": {
            "max_features": "auto", 
            "n_estimators": 150, 
            "min_samples_split": 6, 
            "max_depth": 14, 
            "min_samples_leaf": 2
        }, 
        "num_samples": 961, 
        "score_time": 268, 
        "train_score": 0.9116149930587691, 
        "done_at": 1625071434525, 
        "test_score_gib": 0.6259541984732824
    }, 
    {
        "fit_time": 1685, 
        "best_iteration": null, 
        "test_score": 0.5980582524271845, 
        "time": 2234, 
        "split_id": 1, 
        "parameters": {
            "max_features": "auto", 
            "n_estimators": 150, 
            "min_samples_split": 6, 
            "max_depth": 14, 
            "min_samples_leaf": 2
        }, 
        "num_samples": 961, 
        "score_time": 549, 
        "train_score": 0.9124767225325885, 
        "done_at": 1625071434974, 
        "test_score_gib": 0.5980582524271845
    }, 
    {
        "fit_time": 1685, 
        "best_iteration": null, 
        "test_score": 0.5834932821497121, 
        "time": 2094, 
        "split_id": 2, 
        "parameters": {
            "max_features": "auto", 
            "n_estimators": 150, 
            "min_samples_split": 6, 
            "max_depth": 14, 
            "min_samples_leaf": 2
        }, 
        "num_samples": 961, 
        "score_time": 409, 
        "train_score": 0.907992565055762, 
        "done_at": 1625071435313, 
        "test_score_gib": 0.5834932821497121
    }, 
    {
        "fit_time": 1507, 
        "best_iteration": null, 
        "test_score": 0.5819672131147541, 
        "time": 1949, 
        "split_id": 3, 
        "parameters": {
            "max_features": "auto", 
            "n_estimators": 150, 
            "min_samples_split": 6, 
            "max_depth": 14, 
            "min_samples_leaf": 2
        }, 
        "num_samples": 961, 
        "score_time": 442, 
        "train_score": 0.9095992544268405, 
        "done_at": 1625071435679, 
        "test_score_gib": 0.5819672131147541
    }, 
    {
        "fit_time": 1318, 
        "best_iteration": null, 
        "test_score": 0.5957446808510638, 
        "time": 1985, 
        "split_id": 4, 
        "parameters": {
            "max_features": "auto", 
            "n_estimators": 150, 
            "min_samples_split": 6, 
            "max_depth": 14, 
            "min_samples_leaf": 2
        }, 
        "num_samples": 960, 
        "score_time": 667, 
        "train_score": 0.9074930619796485, 
        "done_at": 1625071436516, 
        "test_score_gib": 0.5957446808510638
    }, 
    {
        "fit_time": 601, 
        "best_iteration": null, 
        "test_score": 0.6267716535433071, 
        "time": 938, 
        "split_id": 0, 
        "parameters": {
            "max_features": "auto", 
            "n_estimators": 100, 
            "min_samples_split": 9, 
            "max_depth": 6, 
            "min_samples_leaf": 3
        }, 
        "num_samples": 961, 
        "score_time": 337, 
        "train_score": 0.6763636363636363, 
        "done_at": 1625071435918, 
        "test_score_gib": 0.6267716535433071
    }, 
    {
        "fit_time": 761, 
        "best_iteration": null, 
        "test_score": 0.6307189542483661, 
        "time": 959, 
        "split_id": 1, 
        "parameters": {
            "max_features": "auto", 
            "n_estimators": 100, 
            "min_samples_split": 9, 
            "max_depth": 6, 
            "min_samples_leaf": 3
        }, 
        "num_samples": 961, 
        "score_time": 198, 
        "train_score": 0.6778276847692936, 
        "done_at": 1625071436276, 
        "test_score_gib": 0.6307189542483661
    }, 
    {
        "fit_time": 875, 
        "best_iteration": null, 
        "test_score": 0.6153846153846154, 
        "time": 1270, 
        "split_id": 2, 
        "parameters": {
            "max_features": "auto", 
            "n_estimators": 100, 
            "min_samples_split": 9, 
            "max_depth": 6, 
            "min_samples_leaf": 3
        }, 
        "num_samples": 961, 
        "score_time": 395, 
        "train_score": 0.6804807293825114, 
        "done_at": 1625071436955, 
        "test_score_gib": 0.6153846153846154
    }, 
    {
        "fit_time": 844, 
        "best_iteration": null, 
        "test_score": 0.6146010186757215, 
        "time": 1139, 
        "split_id": 3, 
        "parameters": {
            "max_features": "auto", 
            "n_estimators": 100, 
            "min_samples_split": 9, 
            "max_depth": 6, 
            "min_samples_leaf": 3
        }, 
        "num_samples": 961, 
        "score_time": 295, 
        "train_score": 0.6872937293729373, 
        "done_at": 1625071437061, 
        "test_score_gib": 0.6146010186757215
    }, 
    {
        "fit_time": 845, 
        "best_iteration": null, 
        "test_score": 0.5977382875605816, 
        "time": 1377, 
        "split_id": 4, 
        "parameters": {
            "max_features": "auto", 
            "n_estimators": 100, 
            "min_samples_split": 9, 
            "max_depth": 6, 
            "min_samples_leaf": 3
        }, 
        "num_samples": 960, 
        "score_time": 532, 
        "train_score": 0.6853608247422681, 
        "done_at": 1625071437655, 
        "test_score_gib": 0.5977382875605816
    }, 
    {
        "fit_time": 1653, 
        "best_iteration": null, 
        "test_score": 0.6156648451730419, 
        "time": 1875, 
        "split_id": 0, 
        "parameters": {
            "max_features": "auto", 
            "n_estimators": 150, 
            "min_samples_split": 12, 
            "max_depth": 20, 
            "min_samples_leaf": 4
        }, 
        "num_samples": 961, 
        "score_time": 222, 
        "train_score": 0.8505013673655423, 
        "done_at": 1625071438396, 
        "test_score_gib": 0.6156648451730419
    }, 
    {
        "fit_time": 1400, 
        "best_iteration": null, 
        "test_score": 0.6037037037037036, 
        "time": 1942, 
        "split_id": 1, 
        "parameters": {
            "max_features": "auto", 
            "n_estimators": 150, 
            "min_samples_split": 12, 
            "max_depth": 20, 
            "min_samples_leaf": 4
        }, 
        "num_samples": 961, 
        "score_time": 542, 
        "train_score": 0.8405270331667425, 
        "done_at": 1625071438899, 
        "test_score_gib": 0.6037037037037036
    }, 
    {
        "fit_time": 1400, 
        "best_iteration": null, 
        "test_score": 0.6037037037037036, 
        "time": 2143, 
        "split_id": 2, 
        "parameters": {
            "max_features": "auto", 
            "n_estimators": 150, 
            "min_samples_split": 12, 
            "max_depth": 20, 
            "min_samples_leaf": 4
        }, 
        "num_samples": 961, 
        "score_time": 743, 
        "train_score": 0.844726120416478, 
        "done_at": 1625071439226, 
        "test_score_gib": 0.6037037037037036
    }, 
    {
        "fit_time": 1296, 
        "best_iteration": null, 
        "test_score": 0.5852713178294573, 
        "time": 2050, 
        "split_id": 3, 
        "parameters": {
            "max_features": "auto", 
            "n_estimators": 150, 
            "min_samples_split": 12, 
            "max_depth": 20, 
            "min_samples_leaf": 4
        }, 
        "num_samples": 961, 
        "score_time": 754, 
        "train_score": 0.8381818181818183, 
        "done_at": 1625071439711, 
        "test_score_gib": 0.5852713178294573
    }, 
    {
        "fit_time": 1755, 
        "best_iteration": null, 
        "test_score": 0.6148282097649186, 
        "time": 1991, 
        "split_id": 4, 
        "parameters": {
            "max_features": "auto", 
            "n_estimators": 150, 
            "min_samples_split": 12, 
            "max_depth": 20, 
            "min_samples_leaf": 4
        }, 
        "num_samples": 960, 
        "score_time": 236, 
        "train_score": 0.8381212950296397, 
        "done_at": 1625071440390, 
        "test_score_gib": 0.6148282097649186
    }, 
    {
        "fit_time": 1565, 
        "best_iteration": null, 
        "test_score": 0.6007905138339922, 
        "time": 2097, 
        "split_id": 0, 
        "parameters": {
            "max_features": "auto", 
            "n_estimators": 150, 
            "min_samples_split": 6, 
            "max_depth": 20, 
            "min_samples_leaf": 2
        }, 
        "num_samples": 961, 
        "score_time": 532, 
        "train_score": 0.9464627151051626, 
        "done_at": 1625071440998, 
        "test_score_gib": 0.6007905138339922
    }, 
    {
        "fit_time": 1339, 
        "best_iteration": null, 
        "test_score": 0.5872689938398358, 
        "time": 2077, 
        "split_id": 1, 
        "parameters": {
            "max_features": "auto", 
            "n_estimators": 150, 
            "min_samples_split": 6, 
            "max_depth": 20, 
            "min_samples_leaf": 2
        }, 
        "num_samples": 961, 
        "score_time": 738, 
        "train_score": 0.949023344449738, 
        "done_at": 1625071441307, 
        "test_score_gib": 0.5872689938398358
    }, 
    {
        "fit_time": 1275, 
        "best_iteration": null, 
        "test_score": 0.58, 
        "time": 1984, 
        "split_id": 2, 
        "parameters": {
            "max_features": "auto", 
            "n_estimators": 150, 
            "min_samples_split": 6, 
            "max_depth": 20, 
            "min_samples_leaf": 2
        }, 
        "num_samples": 961, 
        "score_time": 709, 
        "train_score": 0.9432522651406772, 
        "done_at": 1625071441698, 
        "test_score_gib": 0.58
    }, 
    {
        "fit_time": 1858, 
        "best_iteration": null, 
        "test_score": 0.5550847457627118, 
        "time": 2288, 
        "split_id": 3, 
        "parameters": {
            "max_features": "auto", 
            "n_estimators": 150, 
            "min_samples_split": 6, 
            "max_depth": 20, 
            "min_samples_leaf": 2
        }, 
        "num_samples": 961, 
        "score_time": 430, 
        "train_score": 0.9430199430199431, 
        "done_at": 1625071442683, 
        "test_score_gib": 0.5550847457627118
    }, 
    {
        "fit_time": 1328, 
        "best_iteration": null, 
        "test_score": 0.5896414342629482, 
        "time": 1917, 
        "split_id": 4, 
        "parameters": {
            "max_features": "auto", 
            "n_estimators": 150, 
            "min_samples_split": 6, 
            "max_depth": 20, 
            "min_samples_leaf": 2
        }, 
        "num_samples": 960, 
        "score_time": 589, 
        "train_score": 0.9471680152308425, 
        "done_at": 1625071442921, 
        "test_score_gib": 0.5896414342629482
    }, 
    {
        "fit_time": 916, 
        "best_iteration": null, 
        "test_score": 0.6197718631178706, 
        "time": 1088, 
        "split_id": 0, 
        "parameters": {
            "max_features": "auto", 
            "n_estimators": 100, 
            "min_samples_split": 6, 
            "max_depth": 14, 
            "min_samples_leaf": 2
        }, 
        "num_samples": 961, 
        "score_time": 172, 
        "train_score": 0.9108635097493036, 
        "done_at": 1625071442401, 
        "test_score_gib": 0.6197718631178706
    }, 
    {
        "fit_time": 720, 
        "best_iteration": null, 
        "test_score": 0.58984375, 
        "time": 1365, 
        "split_id": 1, 
        "parameters": {
            "max_features": "auto", 
            "n_estimators": 100, 
            "min_samples_split": 6, 
            "max_depth": 14, 
            "min_samples_leaf": 2
        }, 
        "num_samples": 961, 
        "score_time": 645, 
        "train_score": 0.9120521172638435, 
        "done_at": 1625071443071, 
        "test_score_gib": 0.58984375
    }, 
    {
        "fit_time": 1158, 
        "best_iteration": null, 
        "test_score": 0.5818882466281311, 
        "time": 1280, 
        "split_id": 2, 
        "parameters": {
            "max_features": "auto", 
            "n_estimators": 100, 
            "min_samples_split": 6, 
            "max_depth": 14, 
            "min_samples_leaf": 2
        }, 
        "num_samples": 961, 
        "score_time": 122, 
        "train_score": 0.9061338289962826, 
        "done_at": 1625071443685, 
        "test_score_gib": 0.5818882466281311
    }, 
    {
        "fit_time": 1081, 
        "best_iteration": null, 
        "test_score": 0.5673469387755101, 
        "time": 1445, 
        "split_id": 3, 
        "parameters": {
            "max_features": "auto", 
            "n_estimators": 100, 
            "min_samples_split": 6, 
            "max_depth": 14, 
            "min_samples_leaf": 2
        }, 
        "num_samples": 961, 
        "score_time": 364, 
        "train_score": 0.9079069767441861, 
        "done_at": 1625071444133, 
        "test_score_gib": 0.5673469387755101
    }, 
    {
        "fit_time": 886, 
        "best_iteration": null, 
        "test_score": 0.5907335907335908, 
        "time": 1299, 
        "split_id": 4, 
        "parameters": {
            "max_features": "auto", 
            "n_estimators": 100, 
            "min_samples_split": 6, 
            "max_depth": 14, 
            "min_samples_leaf": 2
        }, 
        "num_samples": 960, 
        "score_time": 413, 
        "train_score": 0.9038196042337783, 
        "done_at": 1625071444231, 
        "test_score_gib": 0.5907335907335908
    }, 
    {
        "fit_time": 624, 
        "best_iteration": null, 
        "test_score": 0.584493041749503, 
        "time": 834, 
        "split_id": 0, 
        "parameters": {
            "max_features": "auto", 
            "n_estimators": 50, 
            "min_samples_split": 3, 
            "max_depth": 14, 
            "min_samples_leaf": 1
        }, 
        "num_samples": 961, 
        "score_time": 210, 
        "train_score": 0.9576392194193242, 
        "done_at": 1625071443925, 
        "test_score_gib": 0.584493041749503
    }, 
    {
        "fit_time": 766, 
        "best_iteration": null, 
        "test_score": 0.587991718426501, 
        "time": 853, 
        "split_id": 1, 
        "parameters": {
            "max_features": "auto", 
            "n_estimators": 50, 
            "min_samples_split": 3, 
            "max_depth": 14, 
            "min_samples_leaf": 1
        }, 
        "num_samples": 961, 
        "score_time": 87, 
        "train_score": 0.9396914446002805, 
        "done_at": 1625071444542, 
        "test_score_gib": 0.587991718426501
    }, 
    {
        "fit_time": 547, 
        "best_iteration": null, 
        "test_score": 0.5588822355289421, 
        "time": 830, 
        "split_id": 2, 
        "parameters": {
            "max_features": "auto", 
            "n_estimators": 50, 
            "min_samples_split": 3, 
            "max_depth": 14, 
            "min_samples_leaf": 1
        }, 
        "num_samples": 961, 
        "score_time": 283, 
        "train_score": 0.9407372841810545, 
        "done_at": 1625071444773, 
        "test_score_gib": 0.5588822355289421
    }, 
    {
        "fit_time": 567, 
        "best_iteration": null, 
        "test_score": 0.5525773195876288, 
        "time": 1136, 
        "split_id": 3, 
        "parameters": {
            "max_features": "auto", 
            "n_estimators": 50, 
            "min_samples_split": 3, 
            "max_depth": 14, 
            "min_samples_leaf": 1
        }, 
        "num_samples": 961, 
        "score_time": 569, 
        "train_score": 0.9447047797563262, 
        "done_at": 1625071445286, 
        "test_score_gib": 0.5525773195876288
    }, 
    {
        "fit_time": 480, 
        "best_iteration": null, 
        "test_score": 0.5943775100401606, 
        "time": 1015, 
        "split_id": 4, 
        "parameters": {
            "max_features": "auto", 
            "n_estimators": 50, 
            "min_samples_split": 3, 
            "max_depth": 14, 
            "min_samples_leaf": 1
        }, 
        "num_samples": 960, 
        "score_time": 535, 
        "train_score": 0.9490084985835694, 
        "done_at": 1625071445257, 
        "test_score_gib": 0.5943775100401606
    }, 
    {
        "fit_time": 1975, 
        "best_iteration": null, 
        "test_score": 0.6101694915254238, 
        "time": 2331, 
        "split_id": 0, 
        "parameters": {
            "max_features": "auto", 
            "n_estimators": 150, 
            "min_samples_split": 9, 
            "max_depth": 20, 
            "min_samples_leaf": 3
        }, 
        "num_samples": 961, 
        "score_time": 356, 
        "train_score": 0.8872389791183295, 
        "done_at": 1625071446882, 
        "test_score_gib": 0.6101694915254238
    }, 
    {
        "fit_time": 1709, 
        "best_iteration": null, 
        "test_score": 0.6007751937984496, 
        "time": 1897, 
        "split_id": 1, 
        "parameters": {
            "max_features": "auto", 
            "n_estimators": 150, 
            "min_samples_split": 9, 
            "max_depth": 20, 
            "min_samples_leaf": 3
        }, 
        "num_samples": 961, 
        "score_time": 188, 
        "train_score": 0.8851851851851852, 
        "done_at": 1625071446686, 
        "test_score_gib": 0.6007751937984496
    }, 
    {
        "fit_time": 1459, 
        "best_iteration": null, 
        "test_score": 0.5836575875486382, 
        "time": 2582, 
        "split_id": 2, 
        "parameters": {
            "max_features": "auto", 
            "n_estimators": 150, 
            "min_samples_split": 9, 
            "max_depth": 20, 
            "min_samples_leaf": 3
        }, 
        "num_samples": 961, 
        "score_time": 1123, 
        "train_score": 0.8898148148148148, 
        "done_at": 1625071447843, 
        "test_score_gib": 0.5836575875486382
    }, 
    {
        "fit_time": 1350, 
        "best_iteration": null, 
        "test_score": 0.5725806451612904, 
        "time": 2129, 
        "split_id": 3, 
        "parameters": {
            "max_features": "auto", 
            "n_estimators": 150, 
            "min_samples_split": 9, 
            "max_depth": 20, 
            "min_samples_leaf": 3
        }, 
        "num_samples": 961, 
        "score_time": 779, 
        "train_score": 0.8797763280521902, 
        "done_at": 1625071447422, 
        "test_score_gib": 0.5725806451612904
    }, 
    {
        "fit_time": 1783, 
        "best_iteration": null, 
        "test_score": 0.598095238095238, 
        "time": 2002, 
        "split_id": 4, 
        "parameters": {
            "max_features": "auto", 
            "n_estimators": 150, 
            "min_samples_split": 9, 
            "max_depth": 20, 
            "min_samples_leaf": 3
        }, 
        "num_samples": 960, 
        "score_time": 219, 
        "train_score": 0.8828996282527881, 
        "done_at": 1625071448691, 
        "test_score_gib": 0.598095238095238
    }, 
    {
        "fit_time": 1759, 
        "best_iteration": null, 
        "test_score": 0.6178571428571429, 
        "time": 2314, 
        "split_id": 0, 
        "parameters": {
            "max_features": "auto", 
            "n_estimators": 150, 
            "min_samples_split": 12, 
            "max_depth": 14, 
            "min_samples_leaf": 4
        }, 
        "num_samples": 961, 
        "score_time": 555, 
        "train_score": 0.8288288288288288, 
        "done_at": 1625071449207, 
        "test_score_gib": 0.6178571428571429
    }, 
    {
        "fit_time": 1436, 
        "best_iteration": null, 
        "test_score": 0.6176470588235295, 
        "time": 2108, 
        "split_id": 1, 
        "parameters": {
            "max_features": "auto", 
            "n_estimators": 150, 
            "min_samples_split": 12, 
            "max_depth": 14, 
            "min_samples_leaf": 4
        }, 
        "num_samples": 961, 
        "score_time": 672, 
        "train_score": 0.8311571364250336, 
        "done_at": 1625071449534, 
        "test_score_gib": 0.6176470588235295
    }, 
    {
        "fit_time": 1320, 
        "best_iteration": null, 
        "test_score": 0.6062846580406654, 
        "time": 2064, 
        "split_id": 2, 
        "parameters": {
            "max_features": "auto", 
            "n_estimators": 150, 
            "min_samples_split": 12, 
            "max_depth": 14, 
            "min_samples_leaf": 4
        }, 
        "num_samples": 961, 
        "score_time": 744, 
        "train_score": 0.8356596127870329, 
        "done_at": 1625071449912, 
        "test_score_gib": 0.6062846580406654
    }, 
    {
        "fit_time": 1656, 
        "best_iteration": null, 
        "test_score": 0.5902912621359223, 
        "time": 1826, 
        "split_id": 3, 
        "parameters": {
            "max_features": "auto", 
            "n_estimators": 150, 
            "min_samples_split": 12, 
            "max_depth": 14, 
            "min_samples_leaf": 4
        }, 
        "num_samples": 961, 
        "score_time": 170, 
        "train_score": 0.8278355173971983, 
        "done_at": 1625071450522, 
        "test_score_gib": 0.5902912621359223
    }, 
    {
        "fit_time": 1341, 
        "best_iteration": null, 
        "test_score": 0.6107142857142859, 
        "time": 2109, 
        "split_id": 4, 
        "parameters": {
            "max_features": "auto", 
            "n_estimators": 150, 
            "min_samples_split": 12, 
            "max_depth": 14, 
            "min_samples_leaf": 4
        }, 
        "num_samples": 960, 
        "score_time": 768, 
        "train_score": 0.8263419034731618, 
        "done_at": 1625071451321, 
        "test_score_gib": 0.6107142857142859
    }, 
    {
        "fit_time": 983, 
        "best_iteration": null, 
        "test_score": 0.594810379241517, 
        "time": 1317, 
        "split_id": 0, 
        "parameters": {
            "max_features": "auto", 
            "n_estimators": 100, 
            "min_samples_split": 3, 
            "max_depth": 14, 
            "min_samples_leaf": 1
        }, 
        "num_samples": 961, 
        "score_time": 334, 
        "train_score": 0.9606448553816974, 
        "done_at": 1625071450859, 
        "test_score_gib": 0.594810379241517
    }, 
    {
        "fit_time": 671, 
        "best_iteration": null, 
        "test_score": 0.5896907216494844, 
        "time": 942, 
        "split_id": 1, 
        "parameters": {
            "max_features": "auto", 
            "n_estimators": 100, 
            "min_samples_split": 3, 
            "max_depth": 14, 
            "min_samples_leaf": 1
        }, 
        "num_samples": 961, 
        "score_time": 271, 
        "train_score": 0.9508196721311476, 
        "done_at": 1625071450863, 
        "test_score_gib": 0.5896907216494844
    }, 
    {
        "fit_time": 1030, 
        "best_iteration": null, 
        "test_score": 0.5519999999999999, 
        "time": 1196, 
        "split_id": 2, 
        "parameters": {
            "max_features": "auto", 
            "n_estimators": 100, 
            "min_samples_split": 3, 
            "max_depth": 14, 
            "min_samples_leaf": 1
        }, 
        "num_samples": 961, 
        "score_time": 166, 
        "train_score": 0.9445221445221446, 
        "done_at": 1625071451720, 
        "test_score_gib": 0.5519999999999999
    }, 
    {
        "fit_time": 1019, 
        "best_iteration": null, 
        "test_score": 0.5511482254697286, 
        "time": 1292, 
        "split_id": 3, 
        "parameters": {
            "max_features": "auto", 
            "n_estimators": 100, 
            "min_samples_split": 3, 
            "max_depth": 14, 
            "min_samples_leaf": 1
        }, 
        "num_samples": 961, 
        "score_time": 273, 
        "train_score": 0.9485500467726847, 
        "done_at": 1625071452157, 
        "test_score_gib": 0.5511482254697286
    }, 
    {
        "fit_time": 1212, 
        "best_iteration": null, 
        "test_score": 0.572, 
        "time": 1569, 
        "split_id": 4, 
        "parameters": {
            "max_features": "auto", 
            "n_estimators": 100, 
            "min_samples_split": 3, 
            "max_depth": 14, 
            "min_samples_leaf": 1
        }, 
        "num_samples": 960, 
        "score_time": 357, 
        "train_score": 0.9502347417840377, 
        "done_at": 1625071452438, 
        "test_score_gib": 0.572
    }, 
    {
        "fit_time": 524, 
        "best_iteration": null, 
        "test_score": 0.6218809980806141, 
        "time": 631, 
        "split_id": 0, 
        "parameters": {
            "max_features": "auto", 
            "n_estimators": 50, 
            "min_samples_split": 6, 
            "max_depth": 14, 
            "min_samples_leaf": 2
        }, 
        "num_samples": 961, 
        "score_time": 107, 
        "train_score": 0.9052924791086351, 
        "done_at": 1625071451962, 
        "test_score_gib": 0.6218809980806141
    }, 
    {
        "fit_time": 420, 
        "best_iteration": null, 
        "test_score": 0.5952380952380952, 
        "time": 600, 
        "split_id": 1, 
        "parameters": {
            "max_features": "auto", 
            "n_estimators": 50, 
            "min_samples_split": 6, 
            "max_depth": 14, 
            "min_samples_leaf": 2
        }, 
        "num_samples": 961, 
        "score_time": 180, 
        "train_score": 0.907992565055762, 
        "done_at": 1625071452325, 
        "test_score_gib": 0.5952380952380952
    }, 
    {
        "fit_time": 534, 
        "best_iteration": null, 
        "test_score": 0.5791505791505792, 
        "time": 863, 
        "split_id": 2, 
        "parameters": {
            "max_features": "auto", 
            "n_estimators": 50, 
            "min_samples_split": 6, 
            "max_depth": 14, 
            "min_samples_leaf": 2
        }, 
        "num_samples": 961, 
        "score_time": 329, 
        "train_score": 0.898658028690421, 
        "done_at": 1625071452828, 
        "test_score_gib": 0.5791505791505792
    }, 
    {
        "fit_time": 736, 
        "best_iteration": null, 
        "test_score": 0.5766871165644172, 
        "time": 1048, 
        "split_id": 3, 
        "parameters": {
            "max_features": "auto", 
            "n_estimators": 50, 
            "min_samples_split": 6, 
            "max_depth": 14, 
            "min_samples_leaf": 2
        }, 
        "num_samples": 961, 
        "score_time": 312, 
        "train_score": 0.903855085926614, 
        "done_at": 1625071453209, 
        "test_score_gib": 0.5766871165644172
    }, 
    {
        "fit_time": 838, 
        "best_iteration": null, 
        "test_score": 0.6007604562737643, 
        "time": 1231, 
        "split_id": 4, 
        "parameters": {
            "max_features": "auto", 
            "n_estimators": 50, 
            "min_samples_split": 6, 
            "max_depth": 14, 
            "min_samples_leaf": 2
        }, 
        "num_samples": 960, 
        "score_time": 393, 
        "train_score": 0.9055374592833876, 
        "done_at": 1625071453561, 
        "test_score_gib": 0.6007604562737643
    }, 
    {
        "fit_time": 1725, 
        "best_iteration": null, 
        "test_score": 0.6309148264984227, 
        "time": 2009, 
        "split_id": 0, 
        "parameters": {
            "max_features": "auto", 
            "n_estimators": 150, 
            "min_samples_split": 9, 
            "max_depth": 6, 
            "min_samples_leaf": 3
        }, 
        "num_samples": 961, 
        "score_time": 284, 
        "train_score": 0.6723095525997581, 
        "done_at": 1625071454450, 
        "test_score_gib": 0.6309148264984227
    }, 
    {
        "fit_time": 1394, 
        "best_iteration": null, 
        "test_score": 0.6315789473684211, 
        "time": 1948, 
        "split_id": 1, 
        "parameters": {
            "max_features": "auto", 
            "n_estimators": 150, 
            "min_samples_split": 9, 
            "max_depth": 6, 
            "min_samples_leaf": 3
        }, 
        "num_samples": 961, 
        "score_time": 554, 
        "train_score": 0.6773006134969325, 
        "done_at": 1625071454780, 
        "test_score_gib": 0.6315789473684211
    }, 
    {
        "fit_time": 1137, 
        "best_iteration": null, 
        "test_score": 0.6156405990016638, 
        "time": 1941, 
        "split_id": 2, 
        "parameters": {
            "max_features": "auto", 
            "n_estimators": 150, 
            "min_samples_split": 9, 
            "max_depth": 6, 
            "min_samples_leaf": 3
        }, 
        "num_samples": 961, 
        "score_time": 804, 
        "train_score": 0.6777133388566694, 
        "done_at": 1625071455154, 
        "test_score_gib": 0.6156405990016638
    }, 
    {
        "fit_time": 1000, 
        "best_iteration": null, 
        "test_score": 0.6125211505922166, 
        "time": 1975, 
        "split_id": 3, 
        "parameters": {
            "max_features": "auto", 
            "n_estimators": 150, 
            "min_samples_split": 9, 
            "max_depth": 6, 
            "min_samples_leaf": 3
        }, 
        "num_samples": 961, 
        "score_time": 975, 
        "train_score": 0.6855036855036855, 
        "done_at": 1625071455545, 
        "test_score_gib": 0.6125211505922166
    }, 
    {
        "fit_time": 1541, 
        "best_iteration": null, 
        "test_score": 0.5980707395498391, 
        "time": 1730, 
        "split_id": 4, 
        "parameters": {
            "max_features": "auto", 
            "n_estimators": 150, 
            "min_samples_split": 9, 
            "max_depth": 6, 
            "min_samples_leaf": 3
        }, 
        "num_samples": 960, 
        "score_time": 189, 
        "train_score": 0.6852917009038619, 
        "done_at": 1625071456183, 
        "test_score_gib": 0.5980707395498391
    }, 
    {
        "fit_time": 1922, 
        "best_iteration": null, 
        "test_score": 0.6031746031746031, 
        "time": 2468, 
        "split_id": 0, 
        "parameters": {
            "max_features": "auto", 
            "n_estimators": 150, 
            "min_samples_split": 3, 
            "max_depth": 14, 
            "min_samples_leaf": 1
        }, 
        "num_samples": 961, 
        "score_time": 546, 
        "train_score": 0.9607193563653572, 
        "done_at": 1625071457252, 
        "test_score_gib": 0.6031746031746031
    }, 
    {
        "fit_time": 1519, 
        "best_iteration": null, 
        "test_score": 0.5831622176591376, 
        "time": 1723, 
        "split_id": 1, 
        "parameters": {
            "max_features": "auto", 
            "n_estimators": 150, 
            "min_samples_split": 3, 
            "max_depth": 14, 
            "min_samples_leaf": 1
        }, 
        "num_samples": 961, 
        "score_time": 204, 
        "train_score": 0.9521575984990619, 
        "done_at": 1625071456882, 
        "test_score_gib": 0.5831622176591376
    }, 
    {
        "fit_time": 1349, 
        "best_iteration": null, 
        "test_score": 0.5593561368209256, 
        "time": 2175, 
        "split_id": 2, 
        "parameters": {
            "max_features": "auto", 
            "n_estimators": 150, 
            "min_samples_split": 3, 
            "max_depth": 14, 
            "min_samples_leaf": 1
        }, 
        "num_samples": 961, 
        "score_time": 826, 
        "train_score": 0.9463869463869464, 
        "done_at": 1625071457723, 
        "test_score_gib": 0.5593561368209256
    }, 
    {
        "fit_time": 1517, 
        "best_iteration": null, 
        "test_score": 0.5450733752620545, 
        "time": 2122, 
        "split_id": 3, 
        "parameters": {
            "max_features": "auto", 
            "n_estimators": 150, 
            "min_samples_split": 3, 
            "max_depth": 14, 
            "min_samples_leaf": 1
        }, 
        "num_samples": 961, 
        "score_time": 605, 
        "train_score": 0.9505135387488328, 
        "done_at": 1625071458309, 
        "test_score_gib": 0.5450733752620545
    }, 
    {
        "fit_time": 1686, 
        "best_iteration": null, 
        "test_score": 0.5765407554671969, 
        "time": 2027, 
        "split_id": 4, 
        "parameters": {
            "max_features": "auto", 
            "n_estimators": 150, 
            "min_samples_split": 3, 
            "max_depth": 14, 
            "min_samples_leaf": 1
        }, 
        "num_samples": 960, 
        "score_time": 341, 
        "train_score": 0.952247191011236, 
        "done_at": 1625071458913, 
        "test_score_gib": 0.5765407554671969
    }, 
    {
        "fit_time": 1559, 
        "best_iteration": null, 
        "test_score": 0.5828092243186583, 
        "time": 2101, 
        "split_id": 0, 
        "parameters": {
            "max_features": "auto", 
            "n_estimators": 150, 
            "min_samples_split": 3, 
            "max_depth": 20, 
            "min_samples_leaf": 1
        }, 
        "num_samples": 961, 
        "score_time": 542, 
        "train_score": 0.9936492427943331, 
        "done_at": 1625071459358, 
        "test_score_gib": 0.5828092243186583
    }, 
    {
        "fit_time": 1661, 
        "best_iteration": null, 
        "test_score": 0.5626373626373626, 
        "time": 2220, 
        "split_id": 1, 
        "parameters": {
            "max_features": "auto", 
            "n_estimators": 150, 
            "min_samples_split": 3, 
            "max_depth": 20, 
            "min_samples_leaf": 1
        }, 
        "num_samples": 961, 
        "score_time": 559, 
        "train_score": 0.9936492427943331, 
        "done_at": 1625071459949, 
        "test_score_gib": 0.5626373626373626
    }, 
    {
        "fit_time": 1642, 
        "best_iteration": null, 
        "test_score": 0.5344827586206896, 
        "time": 2107, 
        "split_id": 2, 
        "parameters": {
            "max_features": "auto", 
            "n_estimators": 150, 
            "min_samples_split": 3, 
            "max_depth": 20, 
            "min_samples_leaf": 1
        }, 
        "num_samples": 961, 
        "score_time": 465, 
        "train_score": 0.9931640625, 
        "done_at": 1625071460425, 
        "test_score_gib": 0.5344827586206896
    }, 
    {
        "fit_time": 1615, 
        "best_iteration": null, 
        "test_score": 0.5011286681715575, 
        "time": 2038, 
        "split_id": 3, 
        "parameters": {
            "max_features": "auto", 
            "n_estimators": 150, 
            "min_samples_split": 3, 
            "max_depth": 20, 
            "min_samples_leaf": 1
        }, 
        "num_samples": 961, 
        "score_time": 423, 
        "train_score": 0.9922103213242454, 
        "done_at": 1625071460958, 
        "test_score_gib": 0.5011286681715575
    }, 
    {
        "fit_time": 1528, 
        "best_iteration": null, 
        "test_score": 0.5431578947368421, 
        "time": 2166, 
        "split_id": 4, 
        "parameters": {
            "max_features": "auto", 
            "n_estimators": 150, 
            "min_samples_split": 3, 
            "max_depth": 20, 
            "min_samples_leaf": 1
        }, 
        "num_samples": 960, 
        "score_time": 638, 
        "train_score": 0.9956076134699853, 
        "done_at": 1625071461530, 
        "test_score_gib": 0.5431578947368421
    }, 
    {
        "fit_time": 869, 
        "best_iteration": null, 
        "test_score": 0.6168224299065421, 
        "time": 1245, 
        "split_id": 0, 
        "parameters": {
            "max_features": "auto", 
            "n_estimators": 100, 
            "min_samples_split": 9, 
            "max_depth": 20, 
            "min_samples_leaf": 3
        }, 
        "num_samples": 961, 
        "score_time": 376, 
        "train_score": 0.8856877323420075, 
        "done_at": 1625071461204, 
        "test_score_gib": 0.6168224299065421
    }, 
    {
        "fit_time": 1122, 
        "best_iteration": null, 
        "test_score": 0.601156069364162, 
        "time": 1476, 
        "split_id": 1, 
        "parameters": {
            "max_features": "auto", 
            "n_estimators": 100, 
            "min_samples_split": 9, 
            "max_depth": 20, 
            "min_samples_leaf": 3
        }, 
        "num_samples": 961, 
        "score_time": 354, 
        "train_score": 0.8833563854310741, 
        "done_at": 1625071461906, 
        "test_score_gib": 0.601156069364162
    }, 
    {
        "fit_time": 1093, 
        "best_iteration": null, 
        "test_score": 0.5875486381322956, 
        "time": 1176, 
        "split_id": 2, 
        "parameters": {
            "max_features": "auto", 
            "n_estimators": 100, 
            "min_samples_split": 9, 
            "max_depth": 20, 
            "min_samples_leaf": 3
        }, 
        "num_samples": 961, 
        "score_time": 83, 
        "train_score": 0.8875520592318371, 
        "done_at": 1625071462138, 
        "test_score_gib": 0.5875486381322956
    }, 
    {
        "fit_time": 853, 
        "best_iteration": null, 
        "test_score": 0.5828343313373253, 
        "time": 934, 
        "split_id": 3, 
        "parameters": {
            "max_features": "auto", 
            "n_estimators": 100, 
            "min_samples_split": 9, 
            "max_depth": 20, 
            "min_samples_leaf": 3
        }, 
        "num_samples": 961, 
        "score_time": 81, 
        "train_score": 0.8746518105849582, 
        "done_at": 1625071462142, 
        "test_score_gib": 0.5828343313373253
    }, 
    {
        "fit_time": 661, 
        "best_iteration": null, 
        "test_score": 0.5924528301886793, 
        "time": 723, 
        "split_id": 4, 
        "parameters": {
            "max_features": "auto", 
            "n_estimators": 100, 
            "min_samples_split": 9, 
            "max_depth": 20, 
            "min_samples_leaf": 3
        }, 
        "num_samples": 960, 
        "score_time": 62, 
        "train_score": 0.8812615955473099, 
        "done_at": 1625071462259, 
        "test_score_gib": 0.5924528301886793
    }
]