{
    "gridSize": 36, 
    "nThreads": 4, 
    "metric": "F1", 
    "gridPoints": [
        {
            "scoreTimeMean": 261.0, 
            "best_iteration": null, 
            "time": 7899, 
            "trainScoreMean": 0.6821781138091674, 
            "finishedAt": 1625071394995, 
            "fitTimeStd": 145.77846205801458, 
            "testScoreStd": 0.01135417885052459, 
            "scoreTimeStd": 114.38006819371984, 
            "parameters": {
                "max_features": "auto", 
                "n_estimators": 100, 
                "min_samples_split": 3, 
                "max_depth": 6, 
                "min_samples_leaf": 1
            }, 
            "testScoreMean": 0.6210772146532416, 
            "score": 0.6210772146532416, 
            "trainScoreStd": 0.0041176445433144, 
            "testScoreGibMean": 0.6210772146532416, 
            "fitTimeMean": 1318.8
        }, 
        {
            "scoreTimeMean": 430.0, 
            "best_iteration": null, 
            "time": 7506, 
            "trainScoreMean": 0.6821669974032416, 
            "finishedAt": 1625071396908, 
            "fitTimeStd": 162.35319522571768, 
            "testScoreStd": 0.013583135913426605, 
            "scoreTimeStd": 130.1122592225652, 
            "parameters": {
                "max_features": "auto", 
                "n_estimators": 100, 
                "min_samples_split": 6, 
                "max_depth": 6, 
                "min_samples_leaf": 2
            }, 
            "testScoreMean": 0.6164451776503899, 
            "score": 0.6164451776503899, 
            "trainScoreStd": 0.005887954055835667, 
            "testScoreGibMean": 0.6164451776503899, 
            "fitTimeMean": 1071.2
        }, 
        {
            "scoreTimeMean": 431.4, 
            "best_iteration": null, 
            "time": 8423, 
            "trainScoreMean": 0.8274972357273856, 
            "finishedAt": 1625071399132, 
            "fitTimeStd": 45.582452764194244, 
            "testScoreStd": 0.012202710474475922, 
            "scoreTimeStd": 63.26642079334029, 
            "parameters": {
                "max_features": "auto", 
                "n_estimators": 100, 
                "min_samples_split": 12, 
                "max_depth": 14, 
                "min_samples_leaf": 4
            }, 
            "testScoreMean": 0.6057806206286634, 
            "score": 0.6057806206286634, 
            "trainScoreStd": 0.002449549402678881, 
            "testScoreGibMean": 0.6057806206286634, 
            "fitTimeMean": 1253.2
        }, 
        {
            "scoreTimeMean": 271.8, 
            "best_iteration": null, 
            "time": 4892, 
            "trainScoreMean": 0.8251420457341686, 
            "finishedAt": 1625071400051, 
            "fitTimeStd": 59.96532331272799, 
            "testScoreStd": 0.01602987556988983, 
            "scoreTimeStd": 132.77560016810318, 
            "parameters": {
                "max_features": "auto", 
                "n_estimators": 50, 
                "min_samples_split": 12, 
                "max_depth": 14, 
                "min_samples_leaf": 4
            }, 
            "testScoreMean": 0.6004540477159303, 
            "score": 0.6004540477159303, 
            "trainScoreStd": 0.0027343297840993165, 
            "testScoreGibMean": 0.6004540477159303, 
            "fitTimeMean": 706.6
        }, 
        {
            "scoreTimeMean": 489.8, 
            "best_iteration": null, 
            "time": 8470, 
            "trainScoreMean": 0.6780997220299898, 
            "finishedAt": 1625071402641, 
            "fitTimeStd": 101.49955664927803, 
            "testScoreStd": 0.008192139120788982, 
            "scoreTimeStd": 190.34537031406884, 
            "parameters": {
                "max_features": "auto", 
                "n_estimators": 100, 
                "min_samples_split": 12, 
                "max_depth": 6, 
                "min_samples_leaf": 4
            }, 
            "testScoreMean": 0.6178594077760102, 
            "score": 0.6178594077760102, 
            "trainScoreStd": 0.003678925729186297, 
            "testScoreGibMean": 0.6178594077760102, 
            "fitTimeMean": 1204.2
        }, 
        {
            "scoreTimeMean": 509.2, 
            "best_iteration": null, 
            "time": 12254, 
            "trainScoreMean": 0.6843956611850803, 
            "finishedAt": 1625071405875, 
            "fitTimeStd": 277.10546728637456, 
            "testScoreStd": 0.01067714333636807, 
            "scoreTimeStd": 169.87218724676504, 
            "parameters": {
                "max_features": "auto", 
                "n_estimators": 150, 
                "min_samples_split": 3, 
                "max_depth": 6, 
                "min_samples_leaf": 1
            }, 
            "testScoreMean": 0.6179597184289642, 
            "score": 0.6179597184289642, 
            "trainScoreStd": 0.0043661185942796615, 
            "testScoreGibMean": 0.6179597184289642, 
            "fitTimeMean": 1941.6
        }, 
        {
            "scoreTimeMean": 219.6, 
            "best_iteration": null, 
            "time": 4608, 
            "trainScoreMean": 0.9907212415024127, 
            "finishedAt": 1625071406239, 
            "fitTimeStd": 144.44791448823344, 
            "testScoreStd": 0.01756642377006713, 
            "scoreTimeStd": 107.97518233371963, 
            "parameters": {
                "max_features": "auto", 
                "n_estimators": 50, 
                "min_samples_split": 3, 
                "max_depth": 20, 
                "min_samples_leaf": 1
            }, 
            "testScoreMean": 0.5490367838727969, 
            "score": 0.5490367838727969, 
            "trainScoreStd": 0.000625926976185139, 
            "testScoreGibMean": 0.5490367838727969, 
            "fitTimeMean": 702.0
        }, 
        {
            "scoreTimeMean": 331.6, 
            "best_iteration": null, 
            "time": 4844, 
            "trainScoreMean": 0.6797186170023412, 
            "finishedAt": 1625071407618, 
            "fitTimeStd": 48.622628476872784, 
            "testScoreStd": 0.012461490698059985, 
            "scoreTimeStd": 166.86952987289203, 
            "parameters": {
                "max_features": "auto", 
                "n_estimators": 50, 
                "min_samples_split": 9, 
                "max_depth": 6, 
                "min_samples_leaf": 3
            }, 
            "testScoreMean": 0.6130038325502278, 
            "score": 0.6130038325502278, 
            "trainScoreStd": 0.0048092201514251505, 
            "testScoreGibMean": 0.6130038325502278, 
            "fitTimeMean": 637.2
        }, 
        {
            "scoreTimeMean": 558.4, 
            "best_iteration": null, 
            "time": 11165, 
            "trainScoreMean": 0.6791993816363756, 
            "finishedAt": 1625071410804, 
            "fitTimeStd": 328.8170311890794, 
            "testScoreStd": 0.010567529225384549, 
            "scoreTimeStd": 166.44831029481796, 
            "parameters": {
                "max_features": "auto", 
                "n_estimators": 150, 
                "min_samples_split": 12, 
                "max_depth": 6, 
                "min_samples_leaf": 4
            }, 
            "testScoreMean": 0.6165215837357119, 
            "score": 0.6165215837357119, 
            "trainScoreStd": 0.003551048532922339, 
            "testScoreGibMean": 0.6165215837357119, 
            "fitTimeMean": 1674.6
        }, 
        {
            "scoreTimeMean": 195.0, 
            "best_iteration": null, 
            "time": 3968, 
            "trainScoreMean": 0.8807035169672064, 
            "finishedAt": 1625071411382, 
            "fitTimeStd": 54.463198583997986, 
            "testScoreStd": 0.01774522045141941, 
            "scoreTimeStd": 78.35049457406124, 
            "parameters": {
                "max_features": "auto", 
                "n_estimators": 50, 
                "min_samples_split": 9, 
                "max_depth": 20, 
                "min_samples_leaf": 3
            }, 
            "testScoreMean": 0.5921575362828034, 
            "score": 0.5921575362828034, 
            "trainScoreStd": 0.0041771738971558975, 
            "testScoreGibMean": 0.5921575362828034, 
            "fitTimeMean": 598.6
        }, 
        {
            "scoreTimeMean": 351.8, 
            "best_iteration": null, 
            "time": 5183, 
            "trainScoreMean": 0.6849155256634382, 
            "finishedAt": 1625071412589, 
            "fitTimeStd": 144.1324390968251, 
            "testScoreStd": 0.013548881051996739, 
            "scoreTimeStd": 59.27360289369965, 
            "parameters": {
                "max_features": "auto", 
                "n_estimators": 50, 
                "min_samples_split": 3, 
                "max_depth": 6, 
                "min_samples_leaf": 1
            }, 
            "testScoreMean": 0.6160621768392739, 
            "score": 0.6160621768392739, 
            "trainScoreStd": 0.004391303798096287, 
            "testScoreGibMean": 0.6160621768392739, 
            "fitTimeMean": 684.8
        }, 
        {
            "scoreTimeMean": 439.2, 
            "best_iteration": null, 
            "time": 12249, 
            "trainScoreMean": 0.8642275542152645, 
            "finishedAt": 1625071416098, 
            "fitTimeStd": 218.94072257120192, 
            "testScoreStd": 0.01565272917794263, 
            "scoreTimeStd": 151.6646300229556, 
            "parameters": {
                "max_features": "auto", 
                "n_estimators": 150, 
                "min_samples_split": 9, 
                "max_depth": 14, 
                "min_samples_leaf": 3
            }, 
            "testScoreMean": 0.6004380691127303, 
            "score": 0.6004380691127303, 
            "trainScoreStd": 0.003821851413096878, 
            "testScoreGibMean": 0.6004380691127303, 
            "fitTimeMean": 2010.6
        }, 
        {
            "scoreTimeMean": 272.8, 
            "best_iteration": null, 
            "time": 4505, 
            "trainScoreMean": 0.9401772505119774, 
            "finishedAt": 1625071417102, 
            "fitTimeStd": 111.00702680461269, 
            "testScoreStd": 0.02177425883396196, 
            "scoreTimeStd": 106.55590082205677, 
            "parameters": {
                "max_features": "auto", 
                "n_estimators": 50, 
                "min_samples_split": 6, 
                "max_depth": 20, 
                "min_samples_leaf": 2
            }, 
            "testScoreMean": 0.5782816089556134, 
            "score": 0.5782816089556134, 
            "trainScoreStd": 0.004569837237547059, 
            "testScoreGibMean": 0.5782816089556134, 
            "fitTimeMean": 628.2
        }, 
        {
            "scoreTimeMean": 387.0, 
            "best_iteration": null, 
            "time": 9192, 
            "trainScoreMean": 0.9933590082084659, 
            "finishedAt": 1625071419696, 
            "fitTimeStd": 259.2586353431646, 
            "testScoreStd": 0.021900302618480857, 
            "scoreTimeStd": 163.5933983998132, 
            "parameters": {
                "max_features": "auto", 
                "n_estimators": 100, 
                "min_samples_split": 3, 
                "max_depth": 20, 
                "min_samples_leaf": 1
            }, 
            "testScoreMean": 0.5446151839458928, 
            "score": 0.5446151839458928, 
            "trainScoreStd": 0.0005003660361448265, 
            "testScoreGibMean": 0.5446151839458928, 
            "fitTimeMean": 1451.4
        }, 
        {
            "scoreTimeMean": 234.8, 
            "best_iteration": null, 
            "time": 4065, 
            "trainScoreMean": 0.6769681838187157, 
            "finishedAt": 1625071419966, 
            "fitTimeStd": 125.81001549956187, 
            "testScoreStd": 0.012632582563949545, 
            "scoreTimeStd": 81.832511876393, 
            "parameters": {
                "max_features": "auto", 
                "n_estimators": 50, 
                "min_samples_split": 12, 
                "max_depth": 6, 
                "min_samples_leaf": 4
            }, 
            "testScoreMean": 0.6164227695002717, 
            "score": 0.6164227695002717, 
            "trainScoreStd": 0.0037619537571841246, 
            "testScoreGibMean": 0.6164227695002717, 
            "fitTimeMean": 578.2
        }, 
        {
            "scoreTimeMean": 211.4, 
            "best_iteration": null, 
            "time": 3884, 
            "trainScoreMean": 0.681814763355783, 
            "finishedAt": 1625071421090, 
            "fitTimeStd": 42.94461549484406, 
            "testScoreStd": 0.016554810487126394, 
            "scoreTimeStd": 42.20236960171787, 
            "parameters": {
                "max_features": "auto", 
                "n_estimators": 50, 
                "min_samples_split": 6, 
                "max_depth": 6, 
                "min_samples_leaf": 2
            }, 
            "testScoreMean": 0.6163922782311709, 
            "score": 0.6163922782311709, 
            "trainScoreStd": 0.0066293997200556455, 
            "testScoreGibMean": 0.6163922782311709, 
            "fitTimeMean": 565.4
        }, 
        {
            "scoreTimeMean": 257.8, 
            "best_iteration": null, 
            "time": 4641, 
            "trainScoreMean": 0.839097527791631, 
            "finishedAt": 1625071422404, 
            "fitTimeStd": 71.0847381650942, 
            "testScoreStd": 0.007063404843745897, 
            "scoreTimeStd": 146.92501488854782, 
            "parameters": {
                "max_features": "auto", 
                "n_estimators": 50, 
                "min_samples_split": 12, 
                "max_depth": 20, 
                "min_samples_leaf": 4
            }, 
            "testScoreMean": 0.5976449935722095, 
            "score": 0.5976449935722095, 
            "trainScoreStd": 0.0030563248219745965, 
            "testScoreGibMean": 0.5976449935722095, 
            "fitTimeMean": 670.4
        }, 
        {
            "scoreTimeMean": 378.0, 
            "best_iteration": null, 
            "time": 8364, 
            "trainScoreMean": 0.8426442916509379, 
            "finishedAt": 1625071424664, 
            "fitTimeStd": 187.35463698558408, 
            "testScoreStd": 0.011963063998714473, 
            "scoreTimeStd": 109.59562035045013, 
            "parameters": {
                "max_features": "auto", 
                "n_estimators": 100, 
                "min_samples_split": 12, 
                "max_depth": 20, 
                "min_samples_leaf": 4
            }, 
            "testScoreMean": 0.6069895408889203, 
            "score": 0.6069895408889203, 
            "trainScoreStd": 0.004152093224101976, 
            "testScoreGibMean": 0.6069895408889203, 
            "fitTimeMean": 1294.8
        }, 
        {
            "scoreTimeMean": 324.0, 
            "best_iteration": null, 
            "time": 5438, 
            "trainScoreMean": 0.856276096717681, 
            "finishedAt": 1625071426009, 
            "fitTimeStd": 144.93943562743718, 
            "testScoreStd": 0.016370660639171527, 
            "scoreTimeStd": 91.67987783586975, 
            "parameters": {
                "max_features": "auto", 
                "n_estimators": 50, 
                "min_samples_split": 9, 
                "max_depth": 14, 
                "min_samples_leaf": 3
            }, 
            "testScoreMean": 0.5912861304312452, 
            "score": 0.5912861304312452, 
            "trainScoreStd": 0.004497634178803483, 
            "testScoreGibMean": 0.5912861304312452, 
            "fitTimeMean": 763.6
        }, 
        {
            "scoreTimeMean": 488.2, 
            "best_iteration": null, 
            "time": 9689, 
            "trainScoreMean": 0.8600362339914072, 
            "finishedAt": 1625071428862, 
            "fitTimeStd": 169.22954824734362, 
            "testScoreStd": 0.017266368278079078, 
            "scoreTimeStd": 191.6260942564973, 
            "parameters": {
                "max_features": "auto", 
                "n_estimators": 100, 
                "min_samples_split": 9, 
                "max_depth": 14, 
                "min_samples_leaf": 3
            }, 
            "testScoreMean": 0.6012022329559599, 
            "score": 0.6012022329559599, 
            "trainScoreStd": 0.003512599978568384, 
            "testScoreGibMean": 0.6012022329559599, 
            "fitTimeMean": 1449.6
        }, 
        {
            "scoreTimeMean": 594.4, 
            "best_iteration": null, 
            "time": 11472, 
            "trainScoreMean": 0.6829808242734214, 
            "finishedAt": 1625071431431, 
            "fitTimeStd": 179.27074496414633, 
            "testScoreStd": 0.014459750986294958, 
            "scoreTimeStd": 94.03531251609684, 
            "parameters": {
                "max_features": "auto", 
                "n_estimators": 150, 
                "min_samples_split": 6, 
                "max_depth": 6, 
                "min_samples_leaf": 2
            }, 
            "testScoreMean": 0.6174810743136946, 
            "score": 0.6174810743136946, 
            "trainScoreStd": 0.005275605990270441, 
            "testScoreGibMean": 0.6174810743136946, 
            "fitTimeMean": 1700.0
        }, 
        {
            "scoreTimeMean": 552.4, 
            "best_iteration": null, 
            "time": 8874, 
            "trainScoreMean": 0.9441584630773565, 
            "finishedAt": 1625071433723, 
            "fitTimeStd": 114.25165206683008, 
            "testScoreStd": 0.019245015806340967, 
            "scoreTimeStd": 62.28515071828919, 
            "parameters": {
                "max_features": "auto", 
                "n_estimators": 100, 
                "min_samples_split": 6, 
                "max_depth": 20, 
                "min_samples_leaf": 2
            }, 
            "testScoreMean": 0.5851957055259366, 
            "score": 0.5851957055259366, 
            "trainScoreStd": 0.0030637067827729595, 
            "testScoreGibMean": 0.5851957055259366, 
            "fitTimeMean": 1222.4
        }, 
        {
            "scoreTimeMean": 467.0, 
            "best_iteration": null, 
            "time": 10636, 
            "trainScoreMean": 0.9098358069747166, 
            "finishedAt": 1625071436516, 
            "fitTimeStd": 260.97463478276967, 
            "testScoreStd": 0.015809530661271286, 
            "scoreTimeStd": 134.39791665051953, 
            "parameters": {
                "max_features": "auto", 
                "n_estimators": 150, 
                "min_samples_split": 6, 
                "max_depth": 14, 
                "min_samples_leaf": 2
            }, 
            "testScoreMean": 0.5970437957705083, 
            "score": 0.5970437957705083, 
            "trainScoreStd": 0.0019534661400406944, 
            "testScoreGibMean": 0.5970437957705083, 
            "fitTimeMean": 1660.2
        }, 
        {
            "scoreTimeMean": 351.4, 
            "best_iteration": null, 
            "time": 5683, 
            "trainScoreMean": 0.6814645100385738, 
            "finishedAt": 1625071437655, 
            "fitTimeStd": 99.61204746414964, 
            "testScoreStd": 0.011513591348077416, 
            "scoreTimeStd": 110.84872574820155, 
            "parameters": {
                "max_features": "auto", 
                "n_estimators": 100, 
                "min_samples_split": 9, 
                "max_depth": 6, 
                "min_samples_leaf": 3
            }, 
            "testScoreMean": 0.6170469243292964, 
            "score": 0.6170469243292964, 
            "trainScoreStd": 0.004227933407072858, 
            "testScoreGibMean": 0.6170469243292964, 
            "fitTimeMean": 785.2
        }, 
        {
            "scoreTimeMean": 499.4, 
            "best_iteration": null, 
            "time": 10001, 
            "trainScoreMean": 0.8424124198861246, 
            "finishedAt": 1625071440390, 
            "fitTimeStd": 173.2320986422551, 
            "testScoreStd": 0.010975090042073461, 
            "scoreTimeStd": 233.3697495392237, 
            "parameters": {
                "max_features": "auto", 
                "n_estimators": 150, 
                "min_samples_split": 12, 
                "max_depth": 20, 
                "min_samples_leaf": 4
            }, 
            "testScoreMean": 0.6046322340837306, 
            "score": 0.6046322340837306, 
            "trainScoreStd": 0.004704350664655346, 
            "testScoreGibMean": 0.6046322340837306, 
            "fitTimeMean": 1500.8
        }, 
        {
            "scoreTimeMean": 599.6, 
            "best_iteration": null, 
            "time": 10363, 
            "trainScoreMean": 0.9457849687544181, 
            "finishedAt": 1625071442921, 
            "fitTimeStd": 216.73670662811134, 
            "testScoreStd": 0.015272895050562677, 
            "scoreTimeStd": 113.63907778576875, 
            "parameters": {
                "max_features": "auto", 
                "n_estimators": 150, 
                "min_samples_split": 6, 
                "max_depth": 20, 
                "min_samples_leaf": 2
            }, 
            "testScoreMean": 0.5825556628736355, 
            "score": 0.5825556628736355, 
            "trainScoreStd": 0.0023204655722078743, 
            "testScoreGibMean": 0.5825556628736355, 
            "fitTimeMean": 1473.0
        }, 
        {
            "scoreTimeMean": 343.2, 
            "best_iteration": null, 
            "time": 6477, 
            "trainScoreMean": 0.9081561098960558, 
            "finishedAt": 1625071444231, 
            "fitTimeStd": 153.98233664937027, 
            "testScoreStd": 0.01712400665494113, 
            "scoreTimeStd": 186.88327908082093, 
            "parameters": {
                "max_features": "auto", 
                "n_estimators": 100, 
                "min_samples_split": 6, 
                "max_depth": 14, 
                "min_samples_leaf": 2
            }, 
            "testScoreMean": 0.5899167078441758, 
            "score": 0.5899167078441758, 
            "trainScoreStd": 0.003015153320856905, 
            "testScoreGibMean": 0.5899167078441758, 
            "fitTimeMean": 952.2
        }, 
        {
            "scoreTimeMean": 336.8, 
            "best_iteration": null, 
            "time": 4668, 
            "trainScoreMean": 0.9463556932154225, 
            "finishedAt": 1625071445286, 
            "fitTimeStd": 96.31074706386613, 
            "testScoreStd": 0.016701307092365916, 
            "scoreTimeStd": 186.85438180572592, 
            "parameters": {
                "max_features": "auto", 
                "n_estimators": 50, 
                "min_samples_split": 3, 
                "max_depth": 14, 
                "min_samples_leaf": 1
            }, 
            "testScoreMean": 0.5756604697407823, 
            "score": 0.5756604697407823, 
            "trainScoreStd": 0.006528347582733772, 
            "testScoreGibMean": 0.5756604697407823, 
            "fitTimeMean": 596.8
        }, 
        {
            "scoreTimeMean": 533.0, 
            "best_iteration": null, 
            "time": 10941, 
            "trainScoreMean": 0.8849834207563585, 
            "finishedAt": 1625071448691, 
            "fitTimeStd": 225.0070221126443, 
            "testScoreStd": 0.013308490878374971, 
            "scoreTimeStd": 362.6474872379512, 
            "parameters": {
                "max_features": "auto", 
                "n_estimators": 150, 
                "min_samples_split": 9, 
                "max_depth": 20, 
                "min_samples_leaf": 3
            }, 
            "testScoreMean": 0.5930545821819134, 
            "score": 0.5930545821819134, 
            "trainScoreStd": 0.0034622126322259032, 
            "testScoreGibMean": 0.5930545821819134, 
            "fitTimeMean": 1655.2
        }, 
        {
            "scoreTimeMean": 581.8, 
            "best_iteration": null, 
            "time": 10421, 
            "trainScoreMean": 0.8299653538822321, 
            "finishedAt": 1625071451321, 
            "fitTimeStd": 175.0229699210935, 
            "testScoreStd": 0.010125989035637814, 
            "scoreTimeStd": 218.82083995817217, 
            "parameters": {
                "max_features": "auto", 
                "n_estimators": 150, 
                "min_samples_split": 12, 
                "max_depth": 14, 
                "min_samples_leaf": 4
            }, 
            "testScoreMean": 0.608558432845658, 
            "score": 0.608558432845658, 
            "trainScoreStd": 0.0032496012635409616, 
            "testScoreGibMean": 0.608558432845658, 
            "fitTimeMean": 1502.4
        }, 
        {
            "scoreTimeMean": 280.2, 
            "best_iteration": null, 
            "time": 6316, 
            "trainScoreMean": 0.950954441899844, 
            "finishedAt": 1625071452438, 
            "fitTimeStd": 175.09426032854418, 
            "testScoreStd": 0.018266877979505002, 
            "scoreTimeStd": 66.28846053424382, 
            "parameters": {
                "max_features": "auto", 
                "n_estimators": 100, 
                "min_samples_split": 3, 
                "max_depth": 14, 
                "min_samples_leaf": 1
            }, 
            "testScoreMean": 0.5719298506729104, 
            "score": 0.5719298506729104, 
            "trainScoreStd": 0.005322118855176851, 
            "testScoreGibMean": 0.5719298506729104, 
            "fitTimeMean": 983.0
        }, 
        {
            "scoreTimeMean": 264.2, 
            "best_iteration": null, 
            "time": 4373, 
            "trainScoreMean": 0.90426685918006, 
            "finishedAt": 1625071453561, 
            "fitTimeStd": 153.05632949995893, 
            "testScoreStd": 0.016384785792339637, 
            "scoreTimeStd": 104.76144328902691, 
            "parameters": {
                "max_features": "auto", 
                "n_estimators": 50, 
                "min_samples_split": 6, 
                "max_depth": 14, 
                "min_samples_leaf": 2
            }, 
            "testScoreMean": 0.5947421965620742, 
            "score": 0.5947421965620742, 
            "trainScoreStd": 0.003104322462966399, 
            "testScoreGibMean": 0.5947421965620742, 
            "fitTimeMean": 610.4
        }, 
        {
            "scoreTimeMean": 561.2, 
            "best_iteration": null, 
            "time": 9603, 
            "trainScoreMean": 0.6796225984381615, 
            "finishedAt": 1625071456183, 
            "fitTimeStd": 263.23723140923664, 
            "testScoreStd": 0.01251699815568517, 
            "scoreTimeStd": 298.53200833411483, 
            "parameters": {
                "max_features": "auto", 
                "n_estimators": 150, 
                "min_samples_split": 9, 
                "max_depth": 6, 
                "min_samples_leaf": 3
            }, 
            "testScoreMean": 0.6177493480461285, 
            "score": 0.6177493480461285, 
            "trainScoreStd": 0.005084031605427654, 
            "testScoreGibMean": 0.6177493480461285, 
            "fitTimeMean": 1359.4
        }, 
        {
            "scoreTimeMean": 504.4, 
            "best_iteration": null, 
            "time": 10515, 
            "trainScoreMean": 0.9524049590364233, 
            "finishedAt": 1625071458913, 
            "fitTimeStd": 193.66011463386053, 
            "testScoreStd": 0.01995848577345907, 
            "scoreTimeStd": 215.50740126501458, 
            "parameters": {
                "max_features": "auto", 
                "n_estimators": 150, 
                "min_samples_split": 3, 
                "max_depth": 14, 
                "min_samples_leaf": 1
            }, 
            "testScoreMean": 0.5734607766822392, 
            "score": 0.5734607766822392, 
            "trainScoreStd": 0.0046697300419242405, 
            "testScoreGibMean": 0.5734607766822392, 
            "fitTimeMean": 1598.6
        }, 
        {
            "scoreTimeMean": 525.4, 
            "best_iteration": null, 
            "time": 10632, 
            "trainScoreMean": 0.9936556903490829, 
            "finishedAt": 1625071461530, 
            "fitTimeStd": 50.1398045468867, 
            "testScoreStd": 0.027495360474166477, 
            "scoreTimeStd": 75.12283274744104, 
            "parameters": {
                "max_features": "auto", 
                "n_estimators": 150, 
                "min_samples_split": 3, 
                "max_depth": 20, 
                "min_samples_leaf": 1
            }, 
            "testScoreMean": 0.5448435325061312, 
            "score": 0.5448435325061312, 
            "trainScoreStd": 0.0011079882135068622, 
            "testScoreGibMean": 0.5448435325061312, 
            "fitTimeMean": 1601.0
        }, 
        {
            "scoreTimeMean": 191.2, 
            "best_iteration": null, 
            "time": 5554, 
            "trainScoreMean": 0.8825021748125083, 
            "finishedAt": 1625071462259, 
            "fitTimeStd": 170.23701125196013, 
            "testScoreStd": 0.011979180129626127, 
            "scoreTimeStd": 142.2665104653938, 
            "parameters": {
                "max_features": "auto", 
                "n_estimators": 100, 
                "min_samples_split": 9, 
                "max_depth": 20, 
                "min_samples_leaf": 3
            }, 
            "testScoreMean": 0.5961636320650676, 
            "score": 0.5961636320650676, 
            "trainScoreStd": 0.004462402050098074, 
            "testScoreGibMean": 0.5961636320650676, 
            "fitTimeMean": 919.6
        }
    ], 
    "timeout": null, 
    "startedAt": 1625071392319, 
    "nSplits": 5
}