{
    "usedGridSearch": true, 
    "probaAware": true, 
    "gridSize": 36, 
    "rawImportance": {
        "variables": [
            "principal_component:0", 
            "principal_component:1", 
            "principal_component:2", 
            "principal_component:3", 
            "principal_component:4", 
            "principal_component:5", 
            "principal_component:6", 
            "principal_component:7", 
            "principal_component:8", 
            "principal_component:9"
        ], 
        "importances": [
            0.23850475508313457, 
            0.07592925998447357, 
            0.388068952010155, 
            0.0595019350020017, 
            0.08215470375904281, 
            0.041404126741486386, 
            0.023378088485009645, 
            0.031072818085492275, 
            0.03587374653286349, 
            0.024111614316340582
        ]
    }, 
    "modelInputNRows": 4804, 
    "modelInputNCols": 10, 
    "modelInputMemory": 384320, 
    "gridCells": [
        {
            "scoreTimeStd": 0.11438006819371983, 
            "scoreTime": 0.261, 
            "fitTime": 1.3188, 
            "score": 0.6210772146532416, 
            "params": {
                "max_features": "auto", 
                "n_estimators": 100, 
                "min_samples_split": 3, 
                "max_depth": 6, 
                "min_samples_leaf": 1
            }, 
            "fitTimeStd": 0.1457784620580146, 
            "scoreStd": 0.01135417885052459
        }, 
        {
            "scoreTimeStd": 0.1301122592225652, 
            "scoreTime": 0.43, 
            "fitTime": 1.0712000000000002, 
            "score": 0.6164451776503899, 
            "params": {
                "max_features": "auto", 
                "n_estimators": 100, 
                "min_samples_split": 6, 
                "max_depth": 6, 
                "min_samples_leaf": 2
            }, 
            "fitTimeStd": 0.16235319522571767, 
            "scoreStd": 0.013583135913426605
        }, 
        {
            "scoreTimeStd": 0.06326642079334029, 
            "scoreTime": 0.43139999999999995, 
            "fitTime": 1.2532, 
            "score": 0.6057806206286634, 
            "params": {
                "max_features": "auto", 
                "n_estimators": 100, 
                "min_samples_split": 12, 
                "max_depth": 14, 
                "min_samples_leaf": 4
            }, 
            "fitTimeStd": 0.045582452764194245, 
            "scoreStd": 0.012202710474475922
        }, 
        {
            "scoreTimeStd": 0.1327756001681032, 
            "scoreTime": 0.2718, 
            "fitTime": 0.7066, 
            "score": 0.6004540477159303, 
            "params": {
                "max_features": "auto", 
                "n_estimators": 50, 
                "min_samples_split": 12, 
                "max_depth": 14, 
                "min_samples_leaf": 4
            }, 
            "fitTimeStd": 0.05996532331272799, 
            "scoreStd": 0.01602987556988983
        }, 
        {
            "scoreTimeStd": 0.19034537031406884, 
            "scoreTime": 0.4898, 
            "fitTime": 1.2042, 
            "score": 0.6178594077760102, 
            "params": {
                "max_features": "auto", 
                "n_estimators": 100, 
                "min_samples_split": 12, 
                "max_depth": 6, 
                "min_samples_leaf": 4
            }, 
            "fitTimeStd": 0.10149955664927804, 
            "scoreStd": 0.008192139120788982
        }, 
        {
            "scoreTimeStd": 0.16987218724676503, 
            "scoreTime": 0.5092, 
            "fitTime": 1.9416, 
            "score": 0.6179597184289642, 
            "params": {
                "max_features": "auto", 
                "n_estimators": 150, 
                "min_samples_split": 3, 
                "max_depth": 6, 
                "min_samples_leaf": 1
            }, 
            "fitTimeStd": 0.2771054672863746, 
            "scoreStd": 0.01067714333636807
        }, 
        {
            "scoreTimeStd": 0.10797518233371962, 
            "scoreTime": 0.2196, 
            "fitTime": 0.702, 
            "score": 0.5490367838727969, 
            "params": {
                "max_features": "auto", 
                "n_estimators": 50, 
                "min_samples_split": 3, 
                "max_depth": 20, 
                "min_samples_leaf": 1
            }, 
            "fitTimeStd": 0.14444791448823344, 
            "scoreStd": 0.01756642377006713
        }, 
        {
            "scoreTimeStd": 0.16686952987289203, 
            "scoreTime": 0.3316, 
            "fitTime": 0.6372000000000001, 
            "score": 0.6130038325502278, 
            "params": {
                "max_features": "auto", 
                "n_estimators": 50, 
                "min_samples_split": 9, 
                "max_depth": 6, 
                "min_samples_leaf": 3
            }, 
            "fitTimeStd": 0.048622628476872785, 
            "scoreStd": 0.012461490698059985
        }, 
        {
            "scoreTimeStd": 0.16644831029481796, 
            "scoreTime": 0.5584, 
            "fitTime": 1.6745999999999999, 
            "score": 0.6165215837357119, 
            "params": {
                "max_features": "auto", 
                "n_estimators": 150, 
                "min_samples_split": 12, 
                "max_depth": 6, 
                "min_samples_leaf": 4
            }, 
            "fitTimeStd": 0.3288170311890794, 
            "scoreStd": 0.010567529225384549
        }, 
        {
            "scoreTimeStd": 0.07835049457406125, 
            "scoreTime": 0.195, 
            "fitTime": 0.5986, 
            "score": 0.5921575362828034, 
            "params": {
                "max_features": "auto", 
                "n_estimators": 50, 
                "min_samples_split": 9, 
                "max_depth": 20, 
                "min_samples_leaf": 3
            }, 
            "fitTimeStd": 0.054463198583997986, 
            "scoreStd": 0.01774522045141941
        }, 
        {
            "scoreTimeStd": 0.05927360289369965, 
            "scoreTime": 0.3518, 
            "fitTime": 0.6848, 
            "score": 0.6160621768392739, 
            "params": {
                "max_features": "auto", 
                "n_estimators": 50, 
                "min_samples_split": 3, 
                "max_depth": 6, 
                "min_samples_leaf": 1
            }, 
            "fitTimeStd": 0.1441324390968251, 
            "scoreStd": 0.013548881051996739
        }, 
        {
            "scoreTimeStd": 0.1516646300229556, 
            "scoreTime": 0.4392, 
            "fitTime": 2.0105999999999997, 
            "score": 0.6004380691127303, 
            "params": {
                "max_features": "auto", 
                "n_estimators": 150, 
                "min_samples_split": 9, 
                "max_depth": 14, 
                "min_samples_leaf": 3
            }, 
            "fitTimeStd": 0.21894072257120192, 
            "scoreStd": 0.01565272917794263
        }, 
        {
            "scoreTimeStd": 0.10655590082205676, 
            "scoreTime": 0.2728, 
            "fitTime": 0.6282000000000001, 
            "score": 0.5782816089556134, 
            "params": {
                "max_features": "auto", 
                "n_estimators": 50, 
                "min_samples_split": 6, 
                "max_depth": 20, 
                "min_samples_leaf": 2
            }, 
            "fitTimeStd": 0.11100702680461269, 
            "scoreStd": 0.02177425883396196
        }, 
        {
            "scoreTimeStd": 0.16359339839981318, 
            "scoreTime": 0.387, 
            "fitTime": 1.4514, 
            "score": 0.5446151839458928, 
            "params": {
                "max_features": "auto", 
                "n_estimators": 100, 
                "min_samples_split": 3, 
                "max_depth": 20, 
                "min_samples_leaf": 1
            }, 
            "fitTimeStd": 0.2592586353431646, 
            "scoreStd": 0.021900302618480857
        }, 
        {
            "scoreTimeStd": 0.081832511876393, 
            "scoreTime": 0.2348, 
            "fitTime": 0.5782, 
            "score": 0.6164227695002717, 
            "params": {
                "max_features": "auto", 
                "n_estimators": 50, 
                "min_samples_split": 12, 
                "max_depth": 6, 
                "min_samples_leaf": 4
            }, 
            "fitTimeStd": 0.12581001549956186, 
            "scoreStd": 0.012632582563949545
        }, 
        {
            "scoreTimeStd": 0.042202369601717866, 
            "scoreTime": 0.2114, 
            "fitTime": 0.5654, 
            "score": 0.6163922782311709, 
            "params": {
                "max_features": "auto", 
                "n_estimators": 50, 
                "min_samples_split": 6, 
                "max_depth": 6, 
                "min_samples_leaf": 2
            }, 
            "fitTimeStd": 0.04294461549484406, 
            "scoreStd": 0.016554810487126394
        }, 
        {
            "scoreTimeStd": 0.1469250148885478, 
            "scoreTime": 0.25780000000000003, 
            "fitTime": 0.6704, 
            "score": 0.5976449935722095, 
            "params": {
                "max_features": "auto", 
                "n_estimators": 50, 
                "min_samples_split": 12, 
                "max_depth": 20, 
                "min_samples_leaf": 4
            }, 
            "fitTimeStd": 0.0710847381650942, 
            "scoreStd": 0.007063404843745897
        }, 
        {
            "scoreTimeStd": 0.10959562035045013, 
            "scoreTime": 0.378, 
            "fitTime": 1.2948, 
            "score": 0.6069895408889203, 
            "params": {
                "max_features": "auto", 
                "n_estimators": 100, 
                "min_samples_split": 12, 
                "max_depth": 20, 
                "min_samples_leaf": 4
            }, 
            "fitTimeStd": 0.18735463698558408, 
            "scoreStd": 0.011963063998714473
        }, 
        {
            "scoreTimeStd": 0.09167987783586974, 
            "scoreTime": 0.324, 
            "fitTime": 0.7636000000000001, 
            "score": 0.5912861304312452, 
            "params": {
                "max_features": "auto", 
                "n_estimators": 50, 
                "min_samples_split": 9, 
                "max_depth": 14, 
                "min_samples_leaf": 3
            }, 
            "fitTimeStd": 0.1449394356274372, 
            "scoreStd": 0.016370660639171527
        }, 
        {
            "scoreTimeStd": 0.19162609425649732, 
            "scoreTime": 0.48819999999999997, 
            "fitTime": 1.4496, 
            "score": 0.6012022329559599, 
            "params": {
                "max_features": "auto", 
                "n_estimators": 100, 
                "min_samples_split": 9, 
                "max_depth": 14, 
                "min_samples_leaf": 3
            }, 
            "fitTimeStd": 0.16922954824734363, 
            "scoreStd": 0.017266368278079078
        }, 
        {
            "scoreTimeStd": 0.09403531251609684, 
            "scoreTime": 0.5943999999999999, 
            "fitTime": 1.7, 
            "score": 0.6174810743136946, 
            "params": {
                "max_features": "auto", 
                "n_estimators": 150, 
                "min_samples_split": 6, 
                "max_depth": 6, 
                "min_samples_leaf": 2
            }, 
            "fitTimeStd": 0.17927074496414633, 
            "scoreStd": 0.014459750986294958
        }, 
        {
            "scoreTimeStd": 0.06228515071828919, 
            "scoreTime": 0.5524, 
            "fitTime": 1.2224000000000002, 
            "score": 0.5851957055259366, 
            "params": {
                "max_features": "auto", 
                "n_estimators": 100, 
                "min_samples_split": 6, 
                "max_depth": 20, 
                "min_samples_leaf": 2
            }, 
            "fitTimeStd": 0.11425165206683008, 
            "scoreStd": 0.019245015806340967
        }, 
        {
            "scoreTimeStd": 0.13439791665051953, 
            "scoreTime": 0.467, 
            "fitTime": 1.6602000000000001, 
            "score": 0.5970437957705083, 
            "params": {
                "max_features": "auto", 
                "n_estimators": 150, 
                "min_samples_split": 6, 
                "max_depth": 14, 
                "min_samples_leaf": 2
            }, 
            "fitTimeStd": 0.26097463478276967, 
            "scoreStd": 0.015809530661271286
        }, 
        {
            "scoreTimeStd": 0.11084872574820155, 
            "scoreTime": 0.3514, 
            "fitTime": 0.7852, 
            "score": 0.6170469243292964, 
            "params": {
                "max_features": "auto", 
                "n_estimators": 100, 
                "min_samples_split": 9, 
                "max_depth": 6, 
                "min_samples_leaf": 3
            }, 
            "fitTimeStd": 0.09961204746414964, 
            "scoreStd": 0.011513591348077416
        }, 
        {
            "scoreTimeStd": 0.2333697495392237, 
            "scoreTime": 0.49939999999999996, 
            "fitTime": 1.5008, 
            "score": 0.6046322340837306, 
            "params": {
                "max_features": "auto", 
                "n_estimators": 150, 
                "min_samples_split": 12, 
                "max_depth": 20, 
                "min_samples_leaf": 4
            }, 
            "fitTimeStd": 0.17323209864225508, 
            "scoreStd": 0.010975090042073461
        }, 
        {
            "scoreTimeStd": 0.11363907778576875, 
            "scoreTime": 0.5996, 
            "fitTime": 1.473, 
            "score": 0.5825556628736355, 
            "params": {
                "max_features": "auto", 
                "n_estimators": 150, 
                "min_samples_split": 6, 
                "max_depth": 20, 
                "min_samples_leaf": 2
            }, 
            "fitTimeStd": 0.21673670662811134, 
            "scoreStd": 0.015272895050562677
        }, 
        {
            "scoreTimeStd": 0.18688327908082092, 
            "scoreTime": 0.3432, 
            "fitTime": 0.9522, 
            "score": 0.5899167078441758, 
            "params": {
                "max_features": "auto", 
                "n_estimators": 100, 
                "min_samples_split": 6, 
                "max_depth": 14, 
                "min_samples_leaf": 2
            }, 
            "fitTimeStd": 0.15398233664937028, 
            "scoreStd": 0.01712400665494113
        }, 
        {
            "scoreTimeStd": 0.18685438180572592, 
            "scoreTime": 0.3368, 
            "fitTime": 0.5968, 
            "score": 0.5756604697407823, 
            "params": {
                "max_features": "auto", 
                "n_estimators": 50, 
                "min_samples_split": 3, 
                "max_depth": 14, 
                "min_samples_leaf": 1
            }, 
            "fitTimeStd": 0.09631074706386614, 
            "scoreStd": 0.016701307092365916
        }, 
        {
            "scoreTimeStd": 0.3626474872379512, 
            "scoreTime": 0.533, 
            "fitTime": 1.6552, 
            "score": 0.5930545821819134, 
            "params": {
                "max_features": "auto", 
                "n_estimators": 150, 
                "min_samples_split": 9, 
                "max_depth": 20, 
                "min_samples_leaf": 3
            }, 
            "fitTimeStd": 0.2250070221126443, 
            "scoreStd": 0.013308490878374971
        }, 
        {
            "scoreTimeStd": 0.21882083995817217, 
            "scoreTime": 0.5818, 
            "fitTime": 1.5024000000000002, 
            "score": 0.608558432845658, 
            "params": {
                "max_features": "auto", 
                "n_estimators": 150, 
                "min_samples_split": 12, 
                "max_depth": 14, 
                "min_samples_leaf": 4
            }, 
            "fitTimeStd": 0.1750229699210935, 
            "scoreStd": 0.010125989035637814
        }, 
        {
            "scoreTimeStd": 0.06628846053424382, 
            "scoreTime": 0.2802, 
            "fitTime": 0.983, 
            "score": 0.5719298506729104, 
            "params": {
                "max_features": "auto", 
                "n_estimators": 100, 
                "min_samples_split": 3, 
                "max_depth": 14, 
                "min_samples_leaf": 1
            }, 
            "fitTimeStd": 0.1750942603285442, 
            "scoreStd": 0.018266877979505002
        }, 
        {
            "scoreTimeStd": 0.10476144328902691, 
            "scoreTime": 0.2642, 
            "fitTime": 0.6103999999999999, 
            "score": 0.5947421965620742, 
            "params": {
                "max_features": "auto", 
                "n_estimators": 50, 
                "min_samples_split": 6, 
                "max_depth": 14, 
                "min_samples_leaf": 2
            }, 
            "fitTimeStd": 0.15305632949995893, 
            "scoreStd": 0.016384785792339637
        }, 
        {
            "scoreTimeStd": 0.29853200833411486, 
            "scoreTime": 0.5612, 
            "fitTime": 1.3594000000000002, 
            "score": 0.6177493480461285, 
            "params": {
                "max_features": "auto", 
                "n_estimators": 150, 
                "min_samples_split": 9, 
                "max_depth": 6, 
                "min_samples_leaf": 3
            }, 
            "fitTimeStd": 0.26323723140923666, 
            "scoreStd": 0.01251699815568517
        }, 
        {
            "scoreTimeStd": 0.21550740126501458, 
            "scoreTime": 0.5044, 
            "fitTime": 1.5985999999999998, 
            "score": 0.5734607766822392, 
            "params": {
                "max_features": "auto", 
                "n_estimators": 150, 
                "min_samples_split": 3, 
                "max_depth": 14, 
                "min_samples_leaf": 1
            }, 
            "fitTimeStd": 0.19366011463386054, 
            "scoreStd": 0.01995848577345907
        }, 
        {
            "scoreTimeStd": 0.07512283274744104, 
            "scoreTime": 0.5254, 
            "fitTime": 1.601, 
            "score": 0.5448435325061312, 
            "params": {
                "max_features": "auto", 
                "n_estimators": 150, 
                "min_samples_split": 3, 
                "max_depth": 20, 
                "min_samples_leaf": 1
            }, 
            "fitTimeStd": 0.0501398045468867, 
            "scoreStd": 0.027495360474166477
        }, 
        {
            "scoreTimeStd": 0.1422665104653938, 
            "scoreTime": 0.19119999999999998, 
            "fitTime": 0.9196, 
            "score": 0.5961636320650676, 
            "params": {
                "max_features": "auto", 
                "n_estimators": 100, 
                "min_samples_split": 9, 
                "max_depth": 20, 
                "min_samples_leaf": 3
            }, 
            "fitTimeStd": 0.1702370112519601, 
            "scoreStd": 0.011979180129626127
        }
    ], 
    "gridBestScore": 0.6210772146532416, 
    "modelInputIsSparse": false
}