{
  "state": "DONE",
  "preSearchDescription": {
    "gridLength": 36,
    "searchStrategy": "GRID",
    "importantParams": [
      {
        "name": "trees",
        "vals": [
          "100",
          "50",
          "150"
        ]
      },
      {
        "name": "depth",
        "vals": [
          "6",
          "14",
          "20"
        ]
      },
      {
        "name": "min_samples",
        "vals": [
          "1",
          "2",
          "3",
          "4"
        ]
      }
    ]
  },
  "postSearchDescription": {
    "importantParams": [
      {
        "name": "trees",
        "val": "100"
      },
      {
        "name": "depth",
        "val": "6"
      },
      {
        "name": "min_samples",
        "val": "1"
      }
    ]
  },
  "resumed": false,
  "timeOrderingEnabled": false,
  "sampleWeightsEnabled": false,
  "modelId": "m1",
  "progress": {
    "top_level_todo": [],
    "stack": [],
    "top_level_done": [
      {
        "name": "Loading train set",
        "time": 23
      },
      {
        "name": "Loading test set",
        "time": 10
      },
      {
        "name": "Collecting statistics",
        "time": 34
      },
      {
        "name": "Preprocessing train set",
        "time": 189
      },
      {
        "name": "Preprocessing test set",
        "time": 71
      },
      {
        "name": "Hyperparameter searching",
        "time": 70283
      },
      {
        "name": "Fitting model",
        "time": 633
      },
      {
        "name": "Saving model",
        "time": 30
      },
      {
        "name": "Scoring model",
        "time": 1248
      }
    ]
  },
  "startTime": 1625071391970,
  "endTime": 1625071464535,
  "preprocessingTime": 330,
  "trainingTime": 72235,
  "hyperparamsSearchTime": 70283
}