{
  "description": "",
  "name": "Random forest",
  "starred": false,
  "clusterMetas": {},
  "customMeta": {
    "kv": {}
  },
  "tags": [],
  "activeClassifierThreshold": 0.47500000000000014,
  "labels": [
    {
      "key": "trainDataset:dataset-name",
      "value": "Telco_Customer_Churn_train"
    },
    {
      "key": "testDataset:dataset-name",
      "value": "Telco_Customer_Churn_train"
    },
    {
      "key": "model:date",
      "value": "2021-06-30 18:43:09"
    },
    {
      "key": "model:algorithm",
      "value": "RANDOM_FOREST_CLASSIFICATION"
    }
  ]
}