{
  "state": "DONE",
  "preSearchDescription": {
    "gridLength": 1,
    "searchStrategy": "GRID",
    "importantParams": []
  },
  "postSearchDescription": {
    "importantParams": [
      {
        "name": "layer_sizes",
        "val": "[10]"
      },
      {
        "name": "activation",
        "val": "relu"
      },
      {
        "name": "alpha",
        "val": "0.001"
      },
      {
        "name": "solver",
        "val": "adam"
      }
    ]
  },
  "resumed": false,
  "timeOrderingEnabled": false,
  "sampleWeightsEnabled": false,
  "modelId": "m1",
  "progress": {
    "top_level_todo": [],
    "stack": [],
    "top_level_done": [
      {
        "name": "Loading train set",
        "time": 27
      },
      {
        "name": "Loading test set",
        "time": 16
      },
      {
        "name": "Collecting statistics",
        "time": 38
      },
      {
        "name": "Preprocessing train set",
        "time": 73
      },
      {
        "name": "Preprocessing test set",
        "time": 51
      },
      {
        "name": "Fitting model",
        "time": 1502
      },
      {
        "name": "Saving model",
        "time": 6
      },
      {
        "name": "Scoring model",
        "time": 524
      }
    ]
  },
  "startTime": 1624701651012,
  "endTime": 1624701653651,
  "preprocessingTime": 207,
  "trainingTime": 2432,
  "hyperparamsSearchTime": 0
}