{
  "state": "DONE",
  "preSearchDescription": {
    "gridLength": 1,
    "searchStrategy": "GRID",
    "importantParams": [
      {
        "name": "kernel",
        "vals": [
          "rbf"
        ]
      },
      {
        "name": "C",
        "vals": [
          "1.0"
        ]
      },
      {
        "name": "Gamma",
        "vals": [
          "scale"
        ]
      }
    ]
  },
  "postSearchDescription": {
    "importantParams": [
      {
        "name": "kernel",
        "val": "rbf"
      },
      {
        "name": "C",
        "val": "1.0"
      },
      {
        "name": "gamma",
        "val": "scale"
      }
    ]
  },
  "resumed": false,
  "timeOrderingEnabled": false,
  "sampleWeightsEnabled": false,
  "modelId": "m1",
  "progress": {
    "top_level_todo": [],
    "stack": [],
    "top_level_done": [
      {
        "name": "Loading train set",
        "time": 19
      },
      {
        "name": "Loading test set",
        "time": 12
      },
      {
        "name": "Collecting statistics",
        "time": 32
      },
      {
        "name": "Preprocessing train set",
        "time": 92
      },
      {
        "name": "Preprocessing test set",
        "time": 51
      },
      {
        "name": "Fitting model",
        "time": 3020
      },
      {
        "name": "Saving model",
        "time": 4
      },
      {
        "name": "Scoring model",
        "time": 784
      }
    ]
  },
  "startTime": 1624702720088,
  "endTime": 1624702724384,
  "preprocessingTime": 208,
  "trainingTime": 4088,
  "hyperparamsSearchTime": 0
}