[
    {
        "fit_time": 4458, 
        "best_iteration": null, 
        "test_score": 0.6167023554603853, 
        "time": 4485, 
        "split_id": 0, 
        "parameters": {
            "hidden_layer_sizes": 5
        }, 
        "num_samples": 961, 
        "score_time": 27, 
        "train_score": 0.597079502433748, 
        "done_at": 1625070831040, 
        "test_score_gib": 0.6167023554603853
    }, 
    {
        "fit_time": 4885, 
        "best_iteration": null, 
        "test_score": 0.6038543897216273, 
        "time": 4912, 
        "split_id": 1, 
        "parameters": {
            "hidden_layer_sizes": 5
        }, 
        "num_samples": 961, 
        "score_time": 27, 
        "train_score": 0.5936319481921208, 
        "done_at": 1625070831471, 
        "test_score_gib": 0.6038543897216273
    }, 
    {
        "fit_time": 5597, 
        "best_iteration": null, 
        "test_score": 0.5645514223194747, 
        "time": 5616, 
        "split_id": 2, 
        "parameters": {
            "hidden_layer_sizes": 5
        }, 
        "num_samples": 961, 
        "score_time": 19, 
        "train_score": 0.6143011917659805, 
        "done_at": 1625070832177, 
        "test_score_gib": 0.5645514223194747
    }, 
    {
        "fit_time": 3633, 
        "best_iteration": null, 
        "test_score": 0.5580357142857143, 
        "time": 3660, 
        "split_id": 3, 
        "parameters": {
            "hidden_layer_sizes": 5
        }, 
        "num_samples": 961, 
        "score_time": 27, 
        "train_score": 0.6041214750542299, 
        "done_at": 1625070830225, 
        "test_score_gib": 0.5580357142857143
    }, 
    {
        "fit_time": 3935, 
        "best_iteration": null, 
        "test_score": 0.5695931477516061, 
        "time": 3963, 
        "split_id": 4, 
        "parameters": {
            "hidden_layer_sizes": 5
        }, 
        "num_samples": 960, 
        "score_time": 28, 
        "train_score": 0.6059620596205963, 
        "done_at": 1625070834195, 
        "test_score_gib": 0.5695931477516061
    }, 
    {
        "fit_time": 7329, 
        "best_iteration": null, 
        "test_score": 0.5974025974025974, 
        "time": 7353, 
        "split_id": 0, 
        "parameters": {
            "hidden_layer_sizes": 10
        }, 
        "num_samples": 961, 
        "score_time": 24, 
        "train_score": 0.6087900162778079, 
        "done_at": 1625070838402, 
        "test_score_gib": 0.5974025974025974
    }, 
    {
        "fit_time": 7270, 
        "best_iteration": null, 
        "test_score": 0.5630630630630631, 
        "time": 7299, 
        "split_id": 1, 
        "parameters": {
            "hidden_layer_sizes": 10
        }, 
        "num_samples": 961, 
        "score_time": 29, 
        "train_score": 0.6056644880174292, 
        "done_at": 1625070838780, 
        "test_score_gib": 0.5630630630630631
    }, 
    {
        "fit_time": 7228, 
        "best_iteration": null, 
        "test_score": 0.5614035087719298, 
        "time": 7251, 
        "split_id": 2, 
        "parameters": {
            "hidden_layer_sizes": 10
        }, 
        "num_samples": 961, 
        "score_time": 23, 
        "train_score": 0.6089813800657174, 
        "done_at": 1625070839436, 
        "test_score_gib": 0.5614035087719298
    }, 
    {
        "fit_time": 7078, 
        "best_iteration": null, 
        "test_score": 0.5482456140350876, 
        "time": 7104, 
        "split_id": 3, 
        "parameters": {
            "hidden_layer_sizes": 10
        }, 
        "num_samples": 961, 
        "score_time": 26, 
        "train_score": 0.6236323851203501, 
        "done_at": 1625070841308, 
        "test_score_gib": 0.5482456140350876
    }, 
    {
        "fit_time": 7925, 
        "best_iteration": null, 
        "test_score": 0.5892116182572614, 
        "time": 7956, 
        "split_id": 4, 
        "parameters": {
            "hidden_layer_sizes": 10
        }, 
        "num_samples": 960, 
        "score_time": 31, 
        "train_score": 0.6297872340425532, 
        "done_at": 1625070846367, 
        "test_score_gib": 0.5892116182572614
    }, 
    {
        "fit_time": 7674, 
        "best_iteration": null, 
        "test_score": 0.6004228329809724, 
        "time": 7704, 
        "split_id": 0, 
        "parameters": {
            "hidden_layer_sizes": 15
        }, 
        "num_samples": 961, 
        "score_time": 30, 
        "train_score": 0.6162221012520414, 
        "done_at": 1625070846492, 
        "test_score_gib": 0.6004228329809724
    }, 
    {
        "fit_time": 7873, 
        "best_iteration": null, 
        "test_score": 0.592274678111588, 
        "time": 7899, 
        "split_id": 1, 
        "parameters": {
            "hidden_layer_sizes": 15
        }, 
        "num_samples": 961, 
        "score_time": 26, 
        "train_score": 0.6276824034334764, 
        "done_at": 1625070847343, 
        "test_score_gib": 0.592274678111588
    }, 
    {
        "fit_time": 8281, 
        "best_iteration": null, 
        "test_score": 0.5446808510638298, 
        "time": 8309, 
        "split_id": 2, 
        "parameters": {
            "hidden_layer_sizes": 15
        }, 
        "num_samples": 961, 
        "score_time": 28, 
        "train_score": 0.613289760348584, 
        "done_at": 1625070849625, 
        "test_score_gib": 0.5446808510638298
    }, 
    {
        "fit_time": 13015, 
        "best_iteration": null, 
        "test_score": 0.5406593406593406, 
        "time": 13051, 
        "split_id": 3, 
        "parameters": {
            "hidden_layer_sizes": 15
        }, 
        "num_samples": 961, 
        "score_time": 36, 
        "train_score": 0.6277450455275844, 
        "done_at": 1625070859432, 
        "test_score_gib": 0.5406593406593406
    }, 
    {
        "fit_time": 13098, 
        "best_iteration": null, 
        "test_score": 0.575107296137339, 
        "time": 13131, 
        "split_id": 4, 
        "parameters": {
            "hidden_layer_sizes": 15
        }, 
        "num_samples": 960, 
        "score_time": 33, 
        "train_score": 0.6148867313915858, 
        "done_at": 1625070859635, 
        "test_score_gib": 0.575107296137339
    }, 
    {
        "fit_time": 14756, 
        "best_iteration": null, 
        "test_score": 0.6108786610878661, 
        "time": 14789, 
        "split_id": 0, 
        "parameters": {
            "hidden_layer_sizes": 20
        }, 
        "num_samples": 961, 
        "score_time": 33, 
        "train_score": 0.6250661025912215, 
        "done_at": 1625070862143, 
        "test_score_gib": 0.6108786610878661
    }, 
    {
        "fit_time": 14891, 
        "best_iteration": null, 
        "test_score": 0.6016597510373444, 
        "time": 14924, 
        "split_id": 1, 
        "parameters": {
            "hidden_layer_sizes": 20
        }, 
        "num_samples": 961, 
        "score_time": 33, 
        "train_score": 0.636601992658626, 
        "done_at": 1625070864558, 
        "test_score_gib": 0.6016597510373444
    }, 
    {
        "fit_time": 12912, 
        "best_iteration": null, 
        "test_score": 0.5530973451327433, 
        "time": 12935, 
        "split_id": 2, 
        "parameters": {
            "hidden_layer_sizes": 20
        }, 
        "num_samples": 961, 
        "score_time": 23, 
        "train_score": 0.6131549609810479, 
        "done_at": 1625070872379, 
        "test_score_gib": 0.5530973451327433
    }, 
    {
        "fit_time": 12886, 
        "best_iteration": null, 
        "test_score": 0.5384615384615385, 
        "time": 12898, 
        "split_id": 3, 
        "parameters": {
            "hidden_layer_sizes": 20
        }, 
        "num_samples": 961, 
        "score_time": 12, 
        "train_score": 0.6294085729788388, 
        "done_at": 1625070872548, 
        "test_score_gib": 0.5384615384615385
    }, 
    {
        "fit_time": 10952, 
        "best_iteration": null, 
        "test_score": 0.5591397849462366, 
        "time": 10959, 
        "split_id": 4, 
        "parameters": {
            "hidden_layer_sizes": 20
        }, 
        "num_samples": 960, 
        "score_time": 7, 
        "train_score": 0.6254701773240194, 
        "done_at": 1625070873114, 
        "test_score_gib": 0.5591397849462366
    }
]