{
    "gridSize": 4, 
    "nThreads": 4, 
    "metric": "F1", 
    "gridPoints": [
        {
            "scoreTimeMean": 25.6, 
            "best_iteration": null, 
            "time": 22636, 
            "trainScoreMean": 0.6030186228354402, 
            "finishedAt": 1625070834195, 
            "fitTimeStd": 696.3187775724564, 
            "testScoreStd": 0.023295619520218334, 
            "scoreTimeStd": 3.3226495451672298, 
            "parameters": {
                "hidden_layer_sizes": 5
            }, 
            "testScoreMean": 0.5825501024644134, 
            "score": 0.5825501024644134, 
            "trainScoreStd": 0.007219480555948252, 
            "testScoreGibMean": 0.5825501024644134, 
            "fitTimeMean": 4501.6
        }, 
        {
            "scoreTimeMean": 26.6, 
            "best_iteration": null, 
            "time": 36963, 
            "trainScoreMean": 0.6153680998443766, 
            "finishedAt": 1625070846367, 
            "fitTimeStd": 291.5661160011568, 
            "testScoreStd": 0.018427731939929498, 
            "scoreTimeStd": 3.006659275674582, 
            "parameters": {
                "hidden_layer_sizes": 10
            }, 
            "testScoreMean": 0.5718616694945909, 
            "score": 0.5718616694945909, 
            "trainScoreStd": 0.00953215083656457, 
            "testScoreGibMean": 0.5718616694945909, 
            "fitTimeMean": 7366.0
        }, 
        {
            "scoreTimeMean": 30.6, 
            "best_iteration": null, 
            "time": 50094, 
            "trainScoreMean": 0.61996626552575, 
            "finishedAt": 1625070859635, 
            "fitTimeStd": 2513.02601657842, 
            "testScoreStd": 0.02428309140377841, 
            "scoreTimeStd": 3.5552777669262356, 
            "parameters": {
                "hidden_layer_sizes": 15
            }, 
            "testScoreMean": 0.570628067589043, 
            "score": 0.570628067589043, 
            "trainScoreStd": 0.006394686228262451, 
            "testScoreGibMean": 0.570628067589043, 
            "fitTimeMean": 9988.2
        }, 
        {
            "scoreTimeMean": 21.6, 
            "best_iteration": null, 
            "time": 66505, 
            "trainScoreMean": 0.6259404591801859, 
            "finishedAt": 1625070873114, 
            "fitTimeStd": 1448.0427617995263, 
            "testScoreStd": 0.02841594485800082, 
            "scoreTimeStd": 10.650821564555478, 
            "parameters": {
                "hidden_layer_sizes": 20
            }, 
            "testScoreMean": 0.5726502278798542, 
            "score": 0.5726502278798542, 
            "trainScoreStd": 0.0076185419294239, 
            "testScoreGibMean": 0.5726502278798542, 
            "fitTimeMean": 13279.4
        }
    ], 
    "timeout": null, 
    "startedAt": 1625070826551, 
    "nSplits": 5
}