{
    "usedGridSearch": true, 
    "probaAware": true, 
    "gridSize": 4, 
    "modelInputNRows": 4804, 
    "modelInputNCols": 75, 
    "modelInputMemory": 2882400, 
    "gridCells": [
        {
            "scoreTimeStd": 0.00332264954516723, 
            "scoreTime": 0.0256, 
            "fitTime": 4.501600000000001, 
            "score": 0.5825501024644134, 
            "params": {
                "hidden_layer_sizes": 5
            }, 
            "fitTimeStd": 0.6963187775724564, 
            "scoreStd": 0.023295619520218334
        }, 
        {
            "scoreTimeStd": 0.0030066592756745818, 
            "scoreTime": 0.026600000000000002, 
            "fitTime": 7.366, 
            "score": 0.5718616694945909, 
            "params": {
                "hidden_layer_sizes": 10
            }, 
            "fitTimeStd": 0.2915661160011568, 
            "scoreStd": 0.018427731939929498
        }, 
        {
            "scoreTimeStd": 0.0035552777669262355, 
            "scoreTime": 0.030600000000000002, 
            "fitTime": 9.9882, 
            "score": 0.570628067589043, 
            "params": {
                "hidden_layer_sizes": 15
            }, 
            "fitTimeStd": 2.51302601657842, 
            "scoreStd": 0.02428309140377841
        }, 
        {
            "scoreTimeStd": 0.010650821564555478, 
            "scoreTime": 0.0216, 
            "fitTime": 13.279399999999999, 
            "score": 0.5726502278798542, 
            "params": {
                "hidden_layer_sizes": 20
            }, 
            "fitTimeStd": 1.4480427617995262, 
            "scoreStd": 0.02841594485800082
        }
    ], 
    "gridBestScore": 0.5825501024644134, 
    "modelInputIsSparse": false
}