{
  "state": "DONE",
  "preSearchDescription": {
    "gridLength": 1,
    "searchStrategy": "GRID",
    "importantParams": []
  },
  "postSearchDescription": {
    "importantParams": [
      {
        "name": "layer_sizes",
        "val": "[10, 5, 15, 20]"
      },
      {
        "name": "activation",
        "val": "relu"
      },
      {
        "name": "alpha",
        "val": "0.001"
      },
      {
        "name": "solver",
        "val": "adam"
      }
    ]
  },
  "resumed": false,
  "timeOrderingEnabled": false,
  "sampleWeightsEnabled": false,
  "modelId": "m1",
  "progress": {
    "top_level_todo": [],
    "stack": [],
    "top_level_done": [
      {
        "name": "Loading train set",
        "time": 36
      },
      {
        "name": "Loading test set",
        "time": 15
      },
      {
        "name": "Collecting statistics",
        "time": 47
      },
      {
        "name": "Preprocessing train set",
        "time": 85
      },
      {
        "name": "Preprocessing test set",
        "time": 53
      },
      {
        "name": "Fitting model",
        "time": 49117
      },
      {
        "name": "Saving model",
        "time": 9
      },
      {
        "name": "Scoring model",
        "time": 657
      }
    ]
  },
  "startTime": 1625070826286,
  "endTime": 1625070876895,
  "preprocessingTime": 241,
  "trainingTime": 50368,
  "hyperparamsSearchTime": 0
}