{
    "gridSize": 16, 
    "nThreads": 4, 
    "metric": "F1", 
    "gridPoints": [
        {
            "scoreTimeMean": 107.0, 
            "best_iteration": null, 
            "time": 9012, 
            "trainScoreMean": 0.6218249531173958, 
            "finishedAt": 1625071399549, 
            "fitTimeStd": 28.47174037532655, 
            "testScoreStd": 0.01457936573902878, 
            "scoreTimeStd": 3.03315017762062, 
            "parameters": {
                "kernel": "linear", 
                "C": 1.0
            }, 
            "testScoreMean": 0.6199237561888279, 
            "score": 0.6199237561888279, 
            "trainScoreStd": 0.004265657427489301, 
            "testScoreGibMean": 0.6199237561888279, 
            "fitTimeMean": 1695.4
        }, 
        {
            "scoreTimeMean": 172.6, 
            "best_iteration": null, 
            "time": 10974, 
            "trainScoreMean": 0.5191167064750281, 
            "finishedAt": 1625071402076, 
            "fitTimeStd": 74.7887692103567, 
            "testScoreStd": 0.007885871130856585, 
            "scoreTimeStd": 5.71314274283428, 
            "parameters": {
                "kernel": "sigmoid", 
                "C": 0.5, 
                "gamma": "scale"
            }, 
            "testScoreMean": 0.5171769182103674, 
            "score": 0.5171769182103674, 
            "trainScoreStd": 0.0038205591612176944, 
            "testScoreGibMean": 0.5171769182103674, 
            "fitTimeMean": 2022.2
        }, 
        {
            "scoreTimeMean": 148.0, 
            "best_iteration": null, 
            "time": 7337, 
            "trainScoreMean": 0.6262224179984824, 
            "finishedAt": 1625071403235, 
            "fitTimeStd": 25.726251184344754, 
            "testScoreStd": 0.010565983924040625, 
            "scoreTimeStd": 6.44980619863884, 
            "parameters": {
                "kernel": "poly", 
                "C": 0.1, 
                "gamma": "scale"
            }, 
            "testScoreMean": 0.6230665826293728, 
            "score": 0.6230665826293728, 
            "trainScoreStd": 0.002347697756782411, 
            "testScoreGibMean": 0.6230665826293728, 
            "fitTimeMean": 1319.4
        }, 
        {
            "scoreTimeMean": 111.6, 
            "best_iteration": null, 
            "time": 7830, 
            "trainScoreMean": 0.6213723170635648, 
            "finishedAt": 1625071405216, 
            "fitTimeStd": 37.022155528818146, 
            "testScoreStd": 0.014351249089814356, 
            "scoreTimeStd": 9.58331884056875, 
            "parameters": {
                "kernel": "linear", 
                "C": 0.5
            }, 
            "testScoreMean": 0.6202999828216884, 
            "score": 0.6202999828216884, 
            "trainScoreStd": 0.003977885954508518, 
            "testScoreGibMean": 0.6202999828216884, 
            "fitTimeMean": 1454.4
        }, 
        {
            "scoreTimeMean": 134.6, 
            "best_iteration": null, 
            "time": 7333, 
            "trainScoreMean": 0.6301116132205627, 
            "finishedAt": 1625071407428, 
            "fitTimeStd": 42.76914775863555, 
            "testScoreStd": 0.014359043647114262, 
            "scoreTimeStd": 9.93176721434811, 
            "parameters": {
                "kernel": "poly", 
                "C": 0.5, 
                "gamma": "scale"
            }, 
            "testScoreMean": 0.6201152685017481, 
            "score": 0.6201152685017481, 
            "trainScoreStd": 0.003214338433331733, 
            "testScoreGibMean": 0.6201152685017481, 
            "fitTimeMean": 1332.0
        }, 
        {
            "scoreTimeMean": 271.2, 
            "best_iteration": null, 
            "time": 12639, 
            "trainScoreMean": 0.5759651356341918, 
            "finishedAt": 1625071411178, 
            "fitTimeStd": 32.25275182058114, 
            "testScoreStd": 0.013209028993970468, 
            "scoreTimeStd": 29.579722784366997, 
            "parameters": {
                "kernel": "sigmoid", 
                "C": 0.1, 
                "gamma": "scale"
            }, 
            "testScoreMean": 0.57331440065431, 
            "score": 0.57331440065431, 
            "trainScoreStd": 0.004254664660181957, 
            "testScoreGibMean": 0.57331440065431, 
            "fitTimeMean": 2256.6
        }, 
        {
            "scoreTimeMean": 214.6, 
            "best_iteration": null, 
            "time": 10298, 
            "trainScoreMean": 0.636100512879095, 
            "finishedAt": 1625071413207, 
            "fitTimeStd": 31.60379724020517, 
            "testScoreStd": 0.009616371086965033, 
            "scoreTimeStd": 8.593020423576334, 
            "parameters": {
                "kernel": "rbf", 
                "C": 3.0, 
                "gamma": "scale"
            }, 
            "testScoreMean": 0.6205001784399726, 
            "score": 0.6205001784399726, 
            "trainScoreStd": 0.0034884695567277513, 
            "testScoreGibMean": 0.6205001784399726, 
            "fitTimeMean": 1845.0
        }, 
        {
            "scoreTimeMean": 179.0, 
            "best_iteration": null, 
            "time": 9854, 
            "trainScoreMean": 0.5079844574345643, 
            "finishedAt": 1625071415242, 
            "fitTimeStd": 99.33257270402292, 
            "testScoreStd": 0.0131833411830129, 
            "scoreTimeStd": 9.316651759081692, 
            "parameters": {
                "kernel": "sigmoid", 
                "C": 3.0, 
                "gamma": "scale"
            }, 
            "testScoreMean": 0.5089369084900015, 
            "score": 0.5089369084900015, 
            "trainScoreStd": 0.00876793002535019, 
            "testScoreGibMean": 0.5089369084900015, 
            "fitTimeMean": 1791.8
        }, 
        {
            "scoreTimeMean": 126.0, 
            "best_iteration": null, 
            "time": 12605, 
            "trainScoreMean": 0.6213074124350826, 
            "finishedAt": 1625071419018, 
            "fitTimeStd": 32.46536616149585, 
            "testScoreStd": 0.015490344936888363, 
            "scoreTimeStd": 17.401149387324963, 
            "parameters": {
                "kernel": "linear", 
                "C": 3.0
            }, 
            "testScoreMean": 0.6207208048499, 
            "score": 0.6207208048499, 
            "trainScoreStd": 0.004085945720483496, 
            "testScoreGibMean": 0.6207208048499, 
            "fitTimeMean": 2395.0
        }, 
        {
            "scoreTimeMean": 215.8, 
            "best_iteration": null, 
            "time": 10016, 
            "trainScoreMean": 0.6275624511943367, 
            "finishedAt": 1625071421540, 
            "fitTimeStd": 82.33249662192931, 
            "testScoreStd": 0.012118338858082547, 
            "scoreTimeStd": 5.844655678480983, 
            "parameters": {
                "kernel": "rbf", 
                "C": 0.5, 
                "gamma": "scale"
            }, 
            "testScoreMean": 0.6213793547753104, 
            "score": 0.6213793547753104, 
            "trainScoreStd": 0.004240489198360251, 
            "testScoreGibMean": 0.6213793547753104, 
            "fitTimeMean": 1787.4
        }, 
        {
            "scoreTimeMean": 216.4, 
            "best_iteration": null, 
            "time": 9838, 
            "trainScoreMean": 0.6300538957550473, 
            "finishedAt": 1625071423666, 
            "fitTimeStd": 30.340731698494025, 
            "testScoreStd": 0.01230387818640943, 
            "scoreTimeStd": 3.3823069050575527, 
            "parameters": {
                "kernel": "rbf", 
                "C": 1.0, 
                "gamma": "scale"
            }, 
            "testScoreMean": 0.6242224375439903, 
            "score": 0.6242224375439903, 
            "trainScoreStd": 0.003876323267147178, 
            "testScoreGibMean": 0.6242224375439903, 
            "fitTimeMean": 1751.2
        }, 
        {
            "scoreTimeMean": 176.4, 
            "best_iteration": null, 
            "time": 10615, 
            "trainScoreMean": 0.5115172098336008, 
            "finishedAt": 1625071425982, 
            "fitTimeStd": 133.91728790563226, 
            "testScoreStd": 0.008385325626993147, 
            "scoreTimeStd": 4.963869458396342, 
            "parameters": {
                "kernel": "sigmoid", 
                "C": 1.0, 
                "gamma": "scale"
            }, 
            "testScoreMean": 0.5126552879041087, 
            "score": 0.5126552879041087, 
            "trainScoreStd": 0.006599954447628857, 
            "testScoreGibMean": 0.5126552879041087, 
            "fitTimeMean": 1946.6
        }, 
        {
            "scoreTimeMean": 116.6, 
            "best_iteration": null, 
            "time": 7011, 
            "trainScoreMean": 0.6215134378166022, 
            "finishedAt": 1625071427810, 
            "fitTimeStd": 66.49992481198757, 
            "testScoreStd": 0.015758861728329618, 
            "scoreTimeStd": 10.480458005259122, 
            "parameters": {
                "kernel": "linear", 
                "C": 0.1
            }, 
            "testScoreMean": 0.6206983113710075, 
            "score": 0.6206983113710075, 
            "trainScoreStd": 0.004552196496413859, 
            "testScoreGibMean": 0.6206983113710075, 
            "fitTimeMean": 1285.6
        }, 
        {
            "scoreTimeMean": 130.0, 
            "best_iteration": null, 
            "time": 7272, 
            "trainScoreMean": 0.6317596437269122, 
            "finishedAt": 1625071430002, 
            "fitTimeStd": 18.99052395275075, 
            "testScoreStd": 0.01450552546827563, 
            "scoreTimeStd": 5.176871642217914, 
            "parameters": {
                "kernel": "poly", 
                "C": 1.0, 
                "gamma": "scale"
            }, 
            "testScoreMean": 0.6199948982369783, 
            "score": 0.6199948982369783, 
            "trainScoreStd": 0.0032721072338456514, 
            "testScoreGibMean": 0.6199948982369783, 
            "fitTimeMean": 1324.4
        }, 
        {
            "scoreTimeMean": 127.2, 
            "best_iteration": null, 
            "time": 8186, 
            "trainScoreMean": 0.6342098522067285, 
            "finishedAt": 1625071431958, 
            "fitTimeStd": 34.187717092546556, 
            "testScoreStd": 0.013624645428134761, 
            "scoreTimeStd": 9.703607576566563, 
            "parameters": {
                "kernel": "poly", 
                "C": 3.0, 
                "gamma": "scale"
            }, 
            "testScoreMean": 0.6171944798546046, 
            "score": 0.6171944798546046, 
            "trainScoreStd": 0.003920999095008398, 
            "testScoreGibMean": 0.6171944798546046, 
            "fitTimeMean": 1510.0
        }, 
        {
            "scoreTimeMean": 237.0, 
            "best_iteration": null, 
            "time": 9869, 
            "trainScoreMean": 0.6229754062880168, 
            "finishedAt": 1625071434465, 
            "fitTimeStd": 37.7751240898028, 
            "testScoreStd": 0.011663237209220748, 
            "scoreTimeStd": 12.853015210447703, 
            "parameters": {
                "kernel": "rbf", 
                "C": 0.1, 
                "gamma": "scale"
            }, 
            "testScoreMean": 0.6162354070529774, 
            "score": 0.6162354070529774, 
            "trainScoreStd": 0.002405833545211773, 
            "testScoreGibMean": 0.6162354070529774, 
            "fitTimeMean": 1736.8
        }
    ], 
    "timeout": null, 
    "startedAt": 1625071395993, 
    "nSplits": 5
}