[
    {
        "fit_time": 1707, 
        "best_iteration": null, 
        "test_score": 0.6081694402420575, 
        "time": 1818, 
        "split_id": 0, 
        "parameters": {
            "kernel": "linear", 
            "C": 1.0
        }, 
        "num_samples": 961, 
        "score_time": 111, 
        "train_score": 0.6209553158705701, 
        "done_at": 1625071397814, 
        "test_score_gib": 0.6081694402420575
    }, 
    {
        "fit_time": 1737, 
        "best_iteration": null, 
        "test_score": 0.6355140186915889, 
        "time": 1844, 
        "split_id": 1, 
        "parameters": {
            "kernel": "linear", 
            "C": 1.0
        }, 
        "num_samples": 961, 
        "score_time": 107, 
        "train_score": 0.6165123456790124, 
        "done_at": 1625071397842, 
        "test_score_gib": 0.6355140186915889
    }, 
    {
        "fit_time": 1706, 
        "best_iteration": null, 
        "test_score": 0.6077519379844962, 
        "time": 1808, 
        "split_id": 2, 
        "parameters": {
            "kernel": "linear", 
            "C": 1.0
        }, 
        "num_samples": 961, 
        "score_time": 102, 
        "train_score": 0.6277089783281734, 
        "done_at": 1625071397809, 
        "test_score_gib": 0.6077519379844962
    }, 
    {
        "fit_time": 1659, 
        "best_iteration": null, 
        "test_score": 0.6398763523956723, 
        "time": 1765, 
        "split_id": 3, 
        "parameters": {
            "kernel": "linear", 
            "C": 1.0
        }, 
        "num_samples": 961, 
        "score_time": 106, 
        "train_score": 0.6182795698924731, 
        "done_at": 1625071397768, 
        "test_score_gib": 0.6398763523956723
    }, 
    {
        "fit_time": 1668, 
        "best_iteration": null, 
        "test_score": 0.608294930875576, 
        "time": 1777, 
        "split_id": 4, 
        "parameters": {
            "kernel": "linear", 
            "C": 1.0
        }, 
        "num_samples": 960, 
        "score_time": 109, 
        "train_score": 0.6256725595695619, 
        "done_at": 1625071399549, 
        "test_score_gib": 0.608294930875576
    }, 
    {
        "fit_time": 2112, 
        "best_iteration": null, 
        "test_score": 0.5203007518796993, 
        "time": 2278, 
        "split_id": 0, 
        "parameters": {
            "kernel": "sigmoid", 
            "C": 0.5, 
            "gamma": "scale"
        }, 
        "num_samples": 961, 
        "score_time": 166, 
        "train_score": 0.5171748359706677, 
        "done_at": 1625071400090, 
        "test_score_gib": 0.5203007518796993
    }, 
    {
        "fit_time": 2099, 
        "best_iteration": null, 
        "test_score": 0.5047318611987383, 
        "time": 2268, 
        "split_id": 1, 
        "parameters": {
            "kernel": "sigmoid", 
            "C": 0.5, 
            "gamma": "scale"
        }, 
        "num_samples": 961, 
        "score_time": 169, 
        "train_score": 0.5164792555253974, 
        "done_at": 1625071400084, 
        "test_score_gib": 0.5047318611987383
    }, 
    {
        "fit_time": 1961, 
        "best_iteration": null, 
        "test_score": 0.5254777070063695, 
        "time": 2131, 
        "split_id": 2, 
        "parameters": {
            "kernel": "sigmoid", 
            "C": 0.5, 
            "gamma": "scale"
        }, 
        "num_samples": 961, 
        "score_time": 170, 
        "train_score": 0.5153517294986397, 
        "done_at": 1625071399977, 
        "test_score_gib": 0.5254777070063695
    }, 
    {
        "fit_time": 2018, 
        "best_iteration": null, 
        "test_score": 0.5238828967642527, 
        "time": 2200, 
        "split_id": 3, 
        "parameters": {
            "kernel": "sigmoid", 
            "C": 0.5, 
            "gamma": "scale"
        }, 
        "num_samples": 961, 
        "score_time": 182, 
        "train_score": 0.5207193119624707, 
        "done_at": 1625071401751, 
        "test_score_gib": 0.5238828967642527
    }, 
    {
        "fit_time": 1921, 
        "best_iteration": null, 
        "test_score": 0.5114854517611026, 
        "time": 2097, 
        "split_id": 4, 
        "parameters": {
            "kernel": "sigmoid", 
            "C": 0.5, 
            "gamma": "scale"
        }, 
        "num_samples": 960, 
        "score_time": 176, 
        "train_score": 0.5258654220147801, 
        "done_at": 1625071402076, 
        "test_score_gib": 0.5114854517611026
    }, 
    {
        "fit_time": 1291, 
        "best_iteration": null, 
        "test_score": 0.6184012066365008, 
        "time": 1432, 
        "split_id": 0, 
        "parameters": {
            "kernel": "poly", 
            "C": 0.1, 
            "gamma": "scale"
        }, 
        "num_samples": 961, 
        "score_time": 141, 
        "train_score": 0.6250950570342205, 
        "done_at": 1625071401518, 
        "test_score_gib": 0.6184012066365008
    }, 
    {
        "fit_time": 1354, 
        "best_iteration": null, 
        "test_score": 0.6327160493827161, 
        "time": 1496, 
        "split_id": 1, 
        "parameters": {
            "kernel": "poly", 
            "C": 0.1, 
            "gamma": "scale"
        }, 
        "num_samples": 961, 
        "score_time": 142, 
        "train_score": 0.6271510516252391, 
        "done_at": 1625071401588, 
        "test_score_gib": 0.6327160493827161
    }, 
    {
        "fit_time": 1288, 
        "best_iteration": null, 
        "test_score": 0.6116207951070336, 
        "time": 1447, 
        "split_id": 2, 
        "parameters": {
            "kernel": "poly", 
            "C": 0.1, 
            "gamma": "scale"
        }, 
        "num_samples": 961, 
        "score_time": 159, 
        "train_score": 0.6296724470134875, 
        "done_at": 1625071402968, 
        "test_score_gib": 0.6116207951070336
    }, 
    {
        "fit_time": 1331, 
        "best_iteration": null, 
        "test_score": 0.6383647798742138, 
        "time": 1480, 
        "split_id": 3, 
        "parameters": {
            "kernel": "poly", 
            "C": 0.1, 
            "gamma": "scale"
        }, 
        "num_samples": 961, 
        "score_time": 149, 
        "train_score": 0.622568093385214, 
        "done_at": 1625071403071, 
        "test_score_gib": 0.6383647798742138
    }, 
    {
        "fit_time": 1333, 
        "best_iteration": null, 
        "test_score": 0.6142208774583964, 
        "time": 1482, 
        "split_id": 4, 
        "parameters": {
            "kernel": "poly", 
            "C": 0.1, 
            "gamma": "scale"
        }, 
        "num_samples": 960, 
        "score_time": 149, 
        "train_score": 0.6266258607498086, 
        "done_at": 1625071403235, 
        "test_score_gib": 0.6142208774583964
    }, 
    {
        "fit_time": 1502, 
        "best_iteration": null, 
        "test_score": 0.6081694402420575, 
        "time": 1623, 
        "split_id": 0, 
        "parameters": {
            "kernel": "linear", 
            "C": 0.5
        }, 
        "num_samples": 961, 
        "score_time": 121, 
        "train_score": 0.620663068619892, 
        "done_at": 1625071403702, 
        "test_score_gib": 0.6081694402420575
    }, 
    {
        "fit_time": 1491, 
        "best_iteration": null, 
        "test_score": 0.6345256609642301, 
        "time": 1598, 
        "split_id": 1, 
        "parameters": {
            "kernel": "linear", 
            "C": 0.5
        }, 
        "num_samples": 961, 
        "score_time": 107, 
        "train_score": 0.6160954948016942, 
        "done_at": 1625071404569, 
        "test_score_gib": 0.6345256609642301
    }, 
    {
        "fit_time": 1448, 
        "best_iteration": null, 
        "test_score": 0.6086956521739131, 
        "time": 1549, 
        "split_id": 2, 
        "parameters": {
            "kernel": "linear", 
            "C": 0.5
        }, 
        "num_samples": 961, 
        "score_time": 101, 
        "train_score": 0.6269810591418631, 
        "done_at": 1625071404622, 
        "test_score_gib": 0.6086956521739131
    }, 
    {
        "fit_time": 1425, 
        "best_iteration": null, 
        "test_score": 0.6408668730650154, 
        "time": 1550, 
        "split_id": 3, 
        "parameters": {
            "kernel": "linear", 
            "C": 0.5
        }, 
        "num_samples": 961, 
        "score_time": 125, 
        "train_score": 0.6184615384615384, 
        "done_at": 1625071404788, 
        "test_score_gib": 0.6408668730650154
    }, 
    {
        "fit_time": 1406, 
        "best_iteration": null, 
        "test_score": 0.6092307692307692, 
        "time": 1510, 
        "split_id": 4, 
        "parameters": {
            "kernel": "linear", 
            "C": 0.5
        }, 
        "num_samples": 960, 
        "score_time": 104, 
        "train_score": 0.6246638494045332, 
        "done_at": 1625071405216, 
        "test_score_gib": 0.6092307692307692
    }, 
    {
        "fit_time": 1350, 
        "best_iteration": null, 
        "test_score": 0.6144578313253012, 
        "time": 1476, 
        "split_id": 0, 
        "parameters": {
            "kernel": "poly", 
            "C": 0.5, 
            "gamma": "scale"
        }, 
        "num_samples": 961, 
        "score_time": 126, 
        "train_score": 0.6305418719211823, 
        "done_at": 1625071406047, 
        "test_score_gib": 0.6144578313253012
    }, 
    {
        "fit_time": 1364, 
        "best_iteration": null, 
        "test_score": 0.6307692307692309, 
        "time": 1492, 
        "split_id": 1, 
        "parameters": {
            "kernel": "poly", 
            "C": 0.5, 
            "gamma": "scale"
        }, 
        "num_samples": 961, 
        "score_time": 128, 
        "train_score": 0.6320610687022901, 
        "done_at": 1625071406116, 
        "test_score_gib": 0.6307692307692309
    }, 
    {
        "fit_time": 1335, 
        "best_iteration": null, 
        "test_score": 0.6128048780487805, 
        "time": 1488, 
        "split_id": 2, 
        "parameters": {
            "kernel": "poly", 
            "C": 0.5, 
            "gamma": "scale"
        }, 
        "num_samples": 961, 
        "score_time": 153, 
        "train_score": 0.6319417847567981, 
        "done_at": 1625071406278, 
        "test_score_gib": 0.6128048780487805
    }, 
    {
        "fit_time": 1362, 
        "best_iteration": null, 
        "test_score": 0.6416275430359937, 
        "time": 1499, 
        "split_id": 3, 
        "parameters": {
            "kernel": "poly", 
            "C": 0.5, 
            "gamma": "scale"
        }, 
        "num_samples": 961, 
        "score_time": 137, 
        "train_score": 0.6237966884867154, 
        "done_at": 1625071406717, 
        "test_score_gib": 0.6416275430359937
    }, 
    {
        "fit_time": 1249, 
        "best_iteration": null, 
        "test_score": 0.6008968609865472, 
        "time": 1378, 
        "split_id": 4, 
        "parameters": {
            "kernel": "poly", 
            "C": 0.5, 
            "gamma": "scale"
        }, 
        "num_samples": 960, 
        "score_time": 129, 
        "train_score": 0.6322188449848024, 
        "done_at": 1625071407428, 
        "test_score_gib": 0.6008968609865472
    }, 
    {
        "fit_time": 2231, 
        "best_iteration": null, 
        "test_score": 0.5637795275590551, 
        "time": 2521, 
        "split_id": 0, 
        "parameters": {
            "kernel": "sigmoid", 
            "C": 0.1, 
            "gamma": "scale"
        }, 
        "num_samples": 961, 
        "score_time": 290, 
        "train_score": 0.5784789644012945, 
        "done_at": 1625071408639, 
        "test_score_gib": 0.5637795275590551
    }, 
    {
        "fit_time": 2293, 
        "best_iteration": null, 
        "test_score": 0.5854483925549915, 
        "time": 2612, 
        "split_id": 1, 
        "parameters": {
            "kernel": "sigmoid", 
            "C": 0.1, 
            "gamma": "scale"
        }, 
        "num_samples": 961, 
        "score_time": 319, 
        "train_score": 0.575365344467641, 
        "done_at": 1625071408892, 
        "test_score_gib": 0.5854483925549915
    }, 
    {
        "fit_time": 2222, 
        "best_iteration": null, 
        "test_score": 0.5848142164781905, 
        "time": 2476, 
        "split_id": 2, 
        "parameters": {
            "kernel": "sigmoid", 
            "C": 0.1, 
            "gamma": "scale"
        }, 
        "num_samples": 961, 
        "score_time": 254, 
        "train_score": 0.5707434052757794, 
        "done_at": 1625071409195, 
        "test_score_gib": 0.5848142164781905
    }, 
    {
        "fit_time": 2239, 
        "best_iteration": null, 
        "test_score": 0.5804416403785488, 
        "time": 2496, 
        "split_id": 3, 
        "parameters": {
            "kernel": "sigmoid", 
            "C": 0.1, 
            "gamma": "scale"
        }, 
        "num_samples": 961, 
        "score_time": 257, 
        "train_score": 0.5725677830940988, 
        "done_at": 1625071409928, 
        "test_score_gib": 0.5804416403785488
    }, 
    {
        "fit_time": 2298, 
        "best_iteration": null, 
        "test_score": 0.5520661157024794, 
        "time": 2534, 
        "split_id": 4, 
        "parameters": {
            "kernel": "sigmoid", 
            "C": 0.1, 
            "gamma": "scale"
        }, 
        "num_samples": 960, 
        "score_time": 236, 
        "train_score": 0.5826771653543307, 
        "done_at": 1625071411178, 
        "test_score_gib": 0.5520661157024794
    }, 
    {
        "fit_time": 1861, 
        "best_iteration": null, 
        "test_score": 0.6158536585365854, 
        "time": 2084, 
        "split_id": 0, 
        "parameters": {
            "kernel": "rbf", 
            "C": 3.0, 
            "gamma": "scale"
        }, 
        "num_samples": 961, 
        "score_time": 223, 
        "train_score": 0.6337543053960963, 
        "done_at": 1625071410979, 
        "test_score_gib": 0.6158536585365854
    }, 
    {
        "fit_time": 1866, 
        "best_iteration": null, 
        "test_score": 0.6330708661417321, 
        "time": 2077, 
        "split_id": 1, 
        "parameters": {
            "kernel": "rbf", 
            "C": 3.0, 
            "gamma": "scale"
        }, 
        "num_samples": 961, 
        "score_time": 211, 
        "train_score": 0.6385636221701796, 
        "done_at": 1625071411274, 
        "test_score_gib": 0.6330708661417321
    }, 
    {
        "fit_time": 1883, 
        "best_iteration": null, 
        "test_score": 0.617283950617284, 
        "time": 2083, 
        "split_id": 2, 
        "parameters": {
            "kernel": "rbf", 
            "C": 3.0, 
            "gamma": "scale"
        }, 
        "num_samples": 961, 
        "score_time": 200, 
        "train_score": 0.6398140975987606, 
        "done_at": 1625071412014, 
        "test_score_gib": 0.617283950617284
    }, 
    {
        "fit_time": 1812, 
        "best_iteration": null, 
        "test_score": 0.629570747217806, 
        "time": 2028, 
        "split_id": 3, 
        "parameters": {
            "kernel": "rbf", 
            "C": 3.0, 
            "gamma": "scale"
        }, 
        "num_samples": 961, 
        "score_time": 216, 
        "train_score": 0.6304347826086957, 
        "done_at": 1625071413009, 
        "test_score_gib": 0.629570747217806
    }, 
    {
        "fit_time": 1803, 
        "best_iteration": null, 
        "test_score": 0.6067073170731708, 
        "time": 2026, 
        "split_id": 4, 
        "parameters": {
            "kernel": "rbf", 
            "C": 3.0, 
            "gamma": "scale"
        }, 
        "num_samples": 960, 
        "score_time": 223, 
        "train_score": 0.6379376683339746, 
        "done_at": 1625071413207, 
        "test_score_gib": 0.6067073170731708
    }, 
    {
        "fit_time": 1664, 
        "best_iteration": null, 
        "test_score": 0.4999999999999999, 
        "time": 1837, 
        "split_id": 0, 
        "parameters": {
            "kernel": "sigmoid", 
            "C": 3.0, 
            "gamma": "scale"
        }, 
        "num_samples": 961, 
        "score_time": 173, 
        "train_score": 0.5030257186081695, 
        "done_at": 1625071413113, 
        "test_score_gib": 0.4999999999999999
    }, 
    {
        "fit_time": 1767, 
        "best_iteration": null, 
        "test_score": 0.5347758887171561, 
        "time": 1961, 
        "split_id": 1, 
        "parameters": {
            "kernel": "sigmoid", 
            "C": 3.0, 
            "gamma": "scale"
        }, 
        "num_samples": 961, 
        "score_time": 194, 
        "train_score": 0.5249621785173978, 
        "done_at": 1625071413977, 
        "test_score_gib": 0.5347758887171561
    }, 
    {
        "fit_time": 1831, 
        "best_iteration": null, 
        "test_score": 0.5061728395061729, 
        "time": 2008, 
        "split_id": 2, 
        "parameters": {
            "kernel": "sigmoid", 
            "C": 3.0, 
            "gamma": "scale"
        }, 
        "num_samples": 961, 
        "score_time": 177, 
        "train_score": 0.5005662514156286, 
        "done_at": 1625071415020, 
        "test_score_gib": 0.5061728395061729
    }, 
    {
        "fit_time": 1959, 
        "best_iteration": null, 
        "test_score": 0.5044776119402985, 
        "time": 2126, 
        "split_id": 3, 
        "parameters": {
            "kernel": "sigmoid", 
            "C": 3.0, 
            "gamma": "scale"
        }, 
        "num_samples": 961, 
        "score_time": 167, 
        "train_score": 0.5039727582292849, 
        "done_at": 1625071415242, 
        "test_score_gib": 0.5044776119402985
    }, 
    {
        "fit_time": 1738, 
        "best_iteration": null, 
        "test_score": 0.4992481203007519, 
        "time": 1922, 
        "split_id": 4, 
        "parameters": {
            "kernel": "sigmoid", 
            "C": 3.0, 
            "gamma": "scale"
        }, 
        "num_samples": 960, 
        "score_time": 184, 
        "train_score": 0.5073947667804324, 
        "done_at": 1625071415136, 
        "test_score_gib": 0.4992481203007519
    }, 
    {
        "fit_time": 2364, 
        "best_iteration": null, 
        "test_score": 0.6081694402420575, 
        "time": 2478, 
        "split_id": 0, 
        "parameters": {
            "kernel": "linear", 
            "C": 3.0
        }, 
        "num_samples": 961, 
        "score_time": 114, 
        "train_score": 0.6207162110127069, 
        "done_at": 1625071416458, 
        "test_score_gib": 0.6081694402420575
    }, 
    {
        "fit_time": 2417, 
        "best_iteration": null, 
        "test_score": 0.6394984326018809, 
        "time": 2529, 
        "split_id": 1, 
        "parameters": {
            "kernel": "linear", 
            "C": 3.0
        }, 
        "num_samples": 961, 
        "score_time": 112, 
        "train_score": 0.6158583525789069, 
        "done_at": 1625071417552, 
        "test_score_gib": 0.6394984326018809
    }, 
    {
        "fit_time": 2401, 
        "best_iteration": null, 
        "test_score": 0.6077519379844962, 
        "time": 2529, 
        "split_id": 2, 
        "parameters": {
            "kernel": "linear", 
            "C": 3.0
        }, 
        "num_samples": 961, 
        "score_time": 128, 
        "train_score": 0.6269349845201239, 
        "done_at": 1625071417667, 
        "test_score_gib": 0.6077519379844962
    }, 
    {
        "fit_time": 2353, 
        "best_iteration": null, 
        "test_score": 0.6398763523956723, 
        "time": 2512, 
        "split_id": 3, 
        "parameters": {
            "kernel": "linear", 
            "C": 3.0
        }, 
        "num_samples": 961, 
        "score_time": 159, 
        "train_score": 0.6182237600922723, 
        "done_at": 1625071417758, 
        "test_score_gib": 0.6398763523956723
    }, 
    {
        "fit_time": 2440, 
        "best_iteration": null, 
        "test_score": 0.608294930875576, 
        "time": 2557, 
        "split_id": 4, 
        "parameters": {
            "kernel": "linear", 
            "C": 3.0
        }, 
        "num_samples": 960, 
        "score_time": 117, 
        "train_score": 0.6248073959938367, 
        "done_at": 1625071419018, 
        "test_score_gib": 0.608294930875576
    }, 
    {
        "fit_time": 1857, 
        "best_iteration": null, 
        "test_score": 0.6140089418777943, 
        "time": 2084, 
        "split_id": 0, 
        "parameters": {
            "kernel": "rbf", 
            "C": 0.5, 
            "gamma": "scale"
        }, 
        "num_samples": 961, 
        "score_time": 227, 
        "train_score": 0.6259887005649718, 
        "done_at": 1625071419638, 
        "test_score_gib": 0.6140089418777943
    }, 
    {
        "fit_time": 1895, 
        "best_iteration": null, 
        "test_score": 0.6346749226006193, 
        "time": 2107, 
        "split_id": 1, 
        "parameters": {
            "kernel": "rbf", 
            "C": 0.5, 
            "gamma": "scale"
        }, 
        "num_samples": 961, 
        "score_time": 212, 
        "train_score": 0.629204892966361, 
        "done_at": 1625071419780, 
        "test_score_gib": 0.6346749226006193
    }, 
    {
        "fit_time": 1795, 
        "best_iteration": null, 
        "test_score": 0.6104294478527608, 
        "time": 2008, 
        "split_id": 2, 
        "parameters": {
            "kernel": "rbf", 
            "C": 0.5, 
            "gamma": "scale"
        }, 
        "num_samples": 961, 
        "score_time": 213, 
        "train_score": 0.6336785577291906, 
        "done_at": 1625071419770, 
        "test_score_gib": 0.6104294478527608
    }, 
    {
        "fit_time": 1708, 
        "best_iteration": null, 
        "test_score": 0.6375, 
        "time": 1919, 
        "split_id": 3, 
        "parameters": {
            "kernel": "rbf", 
            "C": 0.5, 
            "gamma": "scale"
        }, 
        "num_samples": 961, 
        "score_time": 211, 
        "train_score": 0.6207162110127069, 
        "done_at": 1625071420941, 
        "test_score_gib": 0.6375
    }, 
    {
        "fit_time": 1682, 
        "best_iteration": null, 
        "test_score": 0.610271903323263, 
        "time": 1898, 
        "split_id": 4, 
        "parameters": {
            "kernel": "rbf", 
            "C": 0.5, 
            "gamma": "scale"
        }, 
        "num_samples": 960, 
        "score_time": 216, 
        "train_score": 0.6282245827010622, 
        "done_at": 1625071421540, 
        "test_score_gib": 0.610271903323263
    }, 
    {
        "fit_time": 1708, 
        "best_iteration": null, 
        "test_score": 0.6167664670658681, 
        "time": 1928, 
        "split_id": 0, 
        "parameters": {
            "kernel": "rbf", 
            "C": 1.0, 
            "gamma": "scale"
        }, 
        "num_samples": 961, 
        "score_time": 220, 
        "train_score": 0.6282245827010623, 
        "done_at": 1625071421700, 
        "test_score_gib": 0.6167664670658681
    }, 
    {
        "fit_time": 1744, 
        "best_iteration": null, 
        "test_score": 0.6352201257861635, 
        "time": 1961, 
        "split_id": 1, 
        "parameters": {
            "kernel": "rbf", 
            "C": 1.0, 
            "gamma": "scale"
        }, 
        "num_samples": 961, 
        "score_time": 217, 
        "train_score": 0.6331658291457286, 
        "done_at": 1625071421743, 
        "test_score_gib": 0.6352201257861635
    }, 
    {
        "fit_time": 1750, 
        "best_iteration": null, 
        "test_score": 0.6151468315301392, 
        "time": 1970, 
        "split_id": 2, 
        "parameters": {
            "kernel": "rbf", 
            "C": 1.0, 
            "gamma": "scale"
        }, 
        "num_samples": 961, 
        "score_time": 220, 
        "train_score": 0.6346891788181122, 
        "done_at": 1625071422912, 
        "test_score_gib": 0.6151468315301392
    }, 
    {
        "fit_time": 1803, 
        "best_iteration": null, 
        "test_score": 0.6425196850393701, 
        "time": 2016, 
        "split_id": 3, 
        "parameters": {
            "kernel": "rbf", 
            "C": 1.0, 
            "gamma": "scale"
        }, 
        "num_samples": 961, 
        "score_time": 213, 
        "train_score": 0.62369741412582, 
        "done_at": 1625071423558, 
        "test_score_gib": 0.6425196850393701
    }, 
    {
        "fit_time": 1751, 
        "best_iteration": null, 
        "test_score": 0.6114457831325302, 
        "time": 1963, 
        "split_id": 4, 
        "parameters": {
            "kernel": "rbf", 
            "C": 1.0, 
            "gamma": "scale"
        }, 
        "num_samples": 960, 
        "score_time": 212, 
        "train_score": 0.6304929308368361, 
        "done_at": 1625071423666, 
        "test_score_gib": 0.6114457831325302
    }, 
    {
        "fit_time": 1866, 
        "best_iteration": null, 
        "test_score": 0.5052316890881913, 
        "time": 2036, 
        "split_id": 0, 
        "parameters": {
            "kernel": "sigmoid", 
            "C": 1.0, 
            "gamma": "scale"
        }, 
        "num_samples": 961, 
        "score_time": 170, 
        "train_score": 0.5076335877862594, 
        "done_at": 1625071423782, 
        "test_score_gib": 0.5052316890881913
    }, 
    {
        "fit_time": 2047, 
        "best_iteration": null, 
        "test_score": 0.5038880248833593, 
        "time": 2229, 
        "split_id": 1, 
        "parameters": {
            "kernel": "sigmoid", 
            "C": 1.0, 
            "gamma": "scale"
        }, 
        "num_samples": 961, 
        "score_time": 182, 
        "train_score": 0.5093547155402824, 
        "done_at": 1625071425144, 
        "test_score_gib": 0.5038880248833593
    }, 
    {
        "fit_time": 1940, 
        "best_iteration": null, 
        "test_score": 0.5124223602484472, 
        "time": 2116, 
        "split_id": 2, 
        "parameters": {
            "kernel": "sigmoid", 
            "C": 1.0, 
            "gamma": "scale"
        }, 
        "num_samples": 961, 
        "score_time": 176, 
        "train_score": 0.5049580472921434, 
        "done_at": 1625071425677, 
        "test_score_gib": 0.5124223602484472
    }, 
    {
        "fit_time": 2131, 
        "best_iteration": null, 
        "test_score": 0.5143721633888049, 
        "time": 2313, 
        "split_id": 3, 
        "parameters": {
            "kernel": "sigmoid", 
            "C": 1.0, 
            "gamma": "scale"
        }, 
        "num_samples": 961, 
        "score_time": 182, 
        "train_score": 0.5116813481424741, 
        "done_at": 1625071425982, 
        "test_score_gib": 0.5143721633888049
    }, 
    {
        "fit_time": 1749, 
        "best_iteration": null, 
        "test_score": 0.5273775216138328, 
        "time": 1921, 
        "split_id": 4, 
        "parameters": {
            "kernel": "sigmoid", 
            "C": 1.0, 
            "gamma": "scale"
        }, 
        "num_samples": 960, 
        "score_time": 172, 
        "train_score": 0.5239713099282748, 
        "done_at": 1625071425705, 
        "test_score_gib": 0.5273775216138328
    }, 
    {
        "fit_time": 1177, 
        "best_iteration": null, 
        "test_score": 0.6060606060606061, 
        "time": 1308, 
        "split_id": 0, 
        "parameters": {
            "kernel": "linear", 
            "C": 0.1
        }, 
        "num_samples": 961, 
        "score_time": 131, 
        "train_score": 0.6210607225211375, 
        "done_at": 1625071426454, 
        "test_score_gib": 0.6060606060606061
    }, 
    {
        "fit_time": 1359, 
        "best_iteration": null, 
        "test_score": 0.6375, 
        "time": 1481, 
        "split_id": 1, 
        "parameters": {
            "kernel": "linear", 
            "C": 0.1
        }, 
        "num_samples": 961, 
        "score_time": 122, 
        "train_score": 0.6151480199923106, 
        "done_at": 1625071427161, 
        "test_score_gib": 0.6375
    }, 
    {
        "fit_time": 1299, 
        "best_iteration": null, 
        "test_score": 0.6055045871559632, 
        "time": 1420, 
        "split_id": 2, 
        "parameters": {
            "kernel": "linear", 
            "C": 0.1
        }, 
        "num_samples": 961, 
        "score_time": 121, 
        "train_score": 0.6276923076923077, 
        "done_at": 1625071427127, 
        "test_score_gib": 0.6055045871559632
    }, 
    {
        "fit_time": 1344, 
        "best_iteration": null, 
        "test_score": 0.641860465116279, 
        "time": 1449, 
        "split_id": 3, 
        "parameters": {
            "kernel": "linear", 
            "C": 0.1
        }, 
        "num_samples": 961, 
        "score_time": 105, 
        "train_score": 0.6183352512466437, 
        "done_at": 1625071427436, 
        "test_score_gib": 0.641860465116279
    }, 
    {
        "fit_time": 1249, 
        "best_iteration": null, 
        "test_score": 0.6125574272588056, 
        "time": 1353, 
        "split_id": 4, 
        "parameters": {
            "kernel": "linear", 
            "C": 0.1
        }, 
        "num_samples": 960, 
        "score_time": 104, 
        "train_score": 0.6253348641408343, 
        "done_at": 1625071427810, 
        "test_score_gib": 0.6125574272588056
    }, 
    {
        "fit_time": 1326, 
        "best_iteration": null, 
        "test_score": 0.6068759342301944, 
        "time": 1458, 
        "split_id": 0, 
        "parameters": {
            "kernel": "poly", 
            "C": 1.0, 
            "gamma": "scale"
        }, 
        "num_samples": 961, 
        "score_time": 132, 
        "train_score": 0.6299392097264438, 
        "done_at": 1625071428588, 
        "test_score_gib": 0.6068759342301944
    }, 
    {
        "fit_time": 1332, 
        "best_iteration": null, 
        "test_score": 0.6343749999999999, 
        "time": 1462, 
        "split_id": 1, 
        "parameters": {
            "kernel": "poly", 
            "C": 1.0, 
            "gamma": "scale"
        }, 
        "num_samples": 961, 
        "score_time": 130, 
        "train_score": 0.6354566385264774, 
        "done_at": 1625071428625, 
        "test_score_gib": 0.6343749999999999
    }, 
    {
        "fit_time": 1326, 
        "best_iteration": null, 
        "test_score": 0.6118721461187215, 
        "time": 1463, 
        "split_id": 2, 
        "parameters": {
            "kernel": "poly", 
            "C": 1.0, 
            "gamma": "scale"
        }, 
        "num_samples": 961, 
        "score_time": 137, 
        "train_score": 0.6339593714066692, 
        "done_at": 1625071428901, 
        "test_score_gib": 0.6118721461187215
    }, 
    {
        "fit_time": 1348, 
        "best_iteration": null, 
        "test_score": 0.640502354788069, 
        "time": 1478, 
        "split_id": 3, 
        "parameters": {
            "kernel": "poly", 
            "C": 1.0, 
            "gamma": "scale"
        }, 
        "num_samples": 961, 
        "score_time": 130, 
        "train_score": 0.6263015811801003, 
        "done_at": 1625071429294, 
        "test_score_gib": 0.640502354788069
    }, 
    {
        "fit_time": 1290, 
        "best_iteration": null, 
        "test_score": 0.6063348416289593, 
        "time": 1411, 
        "split_id": 4, 
        "parameters": {
            "kernel": "poly", 
            "C": 1.0, 
            "gamma": "scale"
        }, 
        "num_samples": 960, 
        "score_time": 121, 
        "train_score": 0.6331428571428572, 
        "done_at": 1625071430002, 
        "test_score_gib": 0.6063348416289593
    }, 
    {
        "fit_time": 1533, 
        "best_iteration": null, 
        "test_score": 0.6102719033232628, 
        "time": 1654, 
        "split_id": 0, 
        "parameters": {
            "kernel": "poly", 
            "C": 3.0, 
            "gamma": "scale"
        }, 
        "num_samples": 961, 
        "score_time": 121, 
        "train_score": 0.6282002292701567, 
        "done_at": 1625071430282, 
        "test_score_gib": 0.6102719033232628
    }, 
    {
        "fit_time": 1459, 
        "best_iteration": null, 
        "test_score": 0.6292834890965732, 
        "time": 1593, 
        "split_id": 1, 
        "parameters": {
            "kernel": "poly", 
            "C": 3.0, 
            "gamma": "scale"
        }, 
        "num_samples": 961, 
        "score_time": 134, 
        "train_score": 0.6347490347490349, 
        "done_at": 1625071430497, 
        "test_score_gib": 0.6292834890965732
    }, 
    {
        "fit_time": 1485, 
        "best_iteration": null, 
        "test_score": 0.6109422492401215, 
        "time": 1628, 
        "split_id": 2, 
        "parameters": {
            "kernel": "poly", 
            "C": 3.0, 
            "gamma": "scale"
        }, 
        "num_samples": 961, 
        "score_time": 143, 
        "train_score": 0.636537725009575, 
        "done_at": 1625071430924, 
        "test_score_gib": 0.6109422492401215
    }, 
    {
        "fit_time": 1518, 
        "best_iteration": null, 
        "test_score": 0.6363636363636364, 
        "time": 1638, 
        "split_id": 3, 
        "parameters": {
            "kernel": "poly", 
            "C": 3.0, 
            "gamma": "scale"
        }, 
        "num_samples": 961, 
        "score_time": 120, 
        "train_score": 0.6319042101197373, 
        "done_at": 1625071431647, 
        "test_score_gib": 0.6363636363636364
    }, 
    {
        "fit_time": 1555, 
        "best_iteration": null, 
        "test_score": 0.5990922844175492, 
        "time": 1673, 
        "split_id": 4, 
        "parameters": {
            "kernel": "poly", 
            "C": 3.0, 
            "gamma": "scale"
        }, 
        "num_samples": 960, 
        "score_time": 118, 
        "train_score": 0.6396637371035537, 
        "done_at": 1625071431958, 
        "test_score_gib": 0.5990922844175492
    }, 
    {
        "fit_time": 1782, 
        "best_iteration": null, 
        "test_score": 0.6110283159463488, 
        "time": 2020, 
        "split_id": 0, 
        "parameters": {
            "kernel": "rbf", 
            "C": 0.1, 
            "gamma": "scale"
        }, 
        "num_samples": 961, 
        "score_time": 238, 
        "train_score": 0.6211085801063023, 
        "done_at": 1625071432520, 
        "test_score_gib": 0.6110283159463488
    }, 
    {
        "fit_time": 1777, 
        "best_iteration": null, 
        "test_score": 0.6288343558282208, 
        "time": 2012, 
        "split_id": 1, 
        "parameters": {
            "kernel": "rbf", 
            "C": 0.1, 
            "gamma": "scale"
        }, 
        "num_samples": 961, 
        "score_time": 235, 
        "train_score": 0.620663362561952, 
        "done_at": 1625071432938, 
        "test_score_gib": 0.6288343558282208
    }, 
    {
        "fit_time": 1723, 
        "best_iteration": null, 
        "test_score": 0.6045801526717558, 
        "time": 1944, 
        "split_id": 2, 
        "parameters": {
            "kernel": "rbf", 
            "C": 0.1, 
            "gamma": "scale"
        }, 
        "num_samples": 961, 
        "score_time": 221, 
        "train_score": 0.6267632481890965, 
        "done_at": 1625071433593, 
        "test_score_gib": 0.6045801526717558
    }, 
    {
        "fit_time": 1720, 
        "best_iteration": null, 
        "test_score": 0.6315789473684211, 
        "time": 1951, 
        "split_id": 3, 
        "parameters": {
            "kernel": "rbf", 
            "C": 0.1, 
            "gamma": "scale"
        }, 
        "num_samples": 961, 
        "score_time": 231, 
        "train_score": 0.621486330381209, 
        "done_at": 1625071433914, 
        "test_score_gib": 0.6315789473684211
    }, 
    {
        "fit_time": 1682, 
        "best_iteration": null, 
        "test_score": 0.6051437216338881, 
        "time": 1942, 
        "split_id": 4, 
        "parameters": {
            "kernel": "rbf", 
            "C": 0.1, 
            "gamma": "scale"
        }, 
        "num_samples": 960, 
        "score_time": 260, 
        "train_score": 0.6248574686431015, 
        "done_at": 1625071434465, 
        "test_score_gib": 0.6051437216338881
    }
]