{
    "usedGridSearch": true, 
    "probaAware": true, 
    "gridSize": 16, 
    "modelInputNRows": 4804, 
    "modelInputNCols": 10, 
    "modelInputMemory": 384320, 
    "gridCells": [
        {
            "scoreTimeStd": 0.00303315017762062, 
            "scoreTime": 0.107, 
            "fitTime": 1.6954, 
            "score": 0.6199237561888279, 
            "params": {
                "kernel": "linear", 
                "C": 1.0
            }, 
            "fitTimeStd": 0.02847174037532655, 
            "scoreStd": 0.01457936573902878
        }, 
        {
            "scoreTimeStd": 0.005713142742834279, 
            "scoreTime": 0.1726, 
            "fitTime": 2.0222, 
            "score": 0.5171769182103674, 
            "params": {
                "kernel": "sigmoid", 
                "C": 0.5, 
                "gamma": "scale"
            }, 
            "fitTimeStd": 0.07478876921035671, 
            "scoreStd": 0.007885871130856585
        }, 
        {
            "scoreTimeStd": 0.00644980619863884, 
            "scoreTime": 0.148, 
            "fitTime": 1.3194000000000001, 
            "score": 0.6230665826293728, 
            "params": {
                "kernel": "poly", 
                "C": 0.1, 
                "gamma": "scale"
            }, 
            "fitTimeStd": 0.025726251184344753, 
            "scoreStd": 0.010565983924040625
        }, 
        {
            "scoreTimeStd": 0.00958331884056875, 
            "scoreTime": 0.11159999999999999, 
            "fitTime": 1.4544000000000001, 
            "score": 0.6202999828216884, 
            "params": {
                "kernel": "linear", 
                "C": 0.5
            }, 
            "fitTimeStd": 0.03702215552881814, 
            "scoreStd": 0.014351249089814356
        }, 
        {
            "scoreTimeStd": 0.00993176721434811, 
            "scoreTime": 0.1346, 
            "fitTime": 1.332, 
            "score": 0.6201152685017481, 
            "params": {
                "kernel": "poly", 
                "C": 0.5, 
                "gamma": "scale"
            }, 
            "fitTimeStd": 0.04276914775863555, 
            "scoreStd": 0.014359043647114262
        }, 
        {
            "scoreTimeStd": 0.029579722784366998, 
            "scoreTime": 0.2712, 
            "fitTime": 2.2565999999999997, 
            "score": 0.57331440065431, 
            "params": {
                "kernel": "sigmoid", 
                "C": 0.1, 
                "gamma": "scale"
            }, 
            "fitTimeStd": 0.03225275182058114, 
            "scoreStd": 0.013209028993970468
        }, 
        {
            "scoreTimeStd": 0.008593020423576334, 
            "scoreTime": 0.21459999999999999, 
            "fitTime": 1.845, 
            "score": 0.6205001784399726, 
            "params": {
                "kernel": "rbf", 
                "C": 3.0, 
                "gamma": "scale"
            }, 
            "fitTimeStd": 0.03160379724020517, 
            "scoreStd": 0.009616371086965033
        }, 
        {
            "scoreTimeStd": 0.009316651759081692, 
            "scoreTime": 0.179, 
            "fitTime": 1.7918, 
            "score": 0.5089369084900015, 
            "params": {
                "kernel": "sigmoid", 
                "C": 3.0, 
                "gamma": "scale"
            }, 
            "fitTimeStd": 0.09933257270402292, 
            "scoreStd": 0.0131833411830129
        }, 
        {
            "scoreTimeStd": 0.017401149387324965, 
            "scoreTime": 0.126, 
            "fitTime": 2.395, 
            "score": 0.6207208048499, 
            "params": {
                "kernel": "linear", 
                "C": 3.0
            }, 
            "fitTimeStd": 0.032465366161495854, 
            "scoreStd": 0.015490344936888363
        }, 
        {
            "scoreTimeStd": 0.005844655678480983, 
            "scoreTime": 0.21580000000000002, 
            "fitTime": 1.7874, 
            "score": 0.6213793547753104, 
            "params": {
                "kernel": "rbf", 
                "C": 0.5, 
                "gamma": "scale"
            }, 
            "fitTimeStd": 0.0823324966219293, 
            "scoreStd": 0.012118338858082547
        }, 
        {
            "scoreTimeStd": 0.0033823069050575526, 
            "scoreTime": 0.2164, 
            "fitTime": 1.7512, 
            "score": 0.6242224375439903, 
            "params": {
                "kernel": "rbf", 
                "C": 1.0, 
                "gamma": "scale"
            }, 
            "fitTimeStd": 0.030340731698494026, 
            "scoreStd": 0.01230387818640943
        }, 
        {
            "scoreTimeStd": 0.004963869458396342, 
            "scoreTime": 0.1764, 
            "fitTime": 1.9465999999999999, 
            "score": 0.5126552879041087, 
            "params": {
                "kernel": "sigmoid", 
                "C": 1.0, 
                "gamma": "scale"
            }, 
            "fitTimeStd": 0.13391728790563226, 
            "scoreStd": 0.008385325626993147
        }, 
        {
            "scoreTimeStd": 0.010480458005259121, 
            "scoreTime": 0.1166, 
            "fitTime": 1.2855999999999999, 
            "score": 0.6206983113710075, 
            "params": {
                "kernel": "linear", 
                "C": 0.1
            }, 
            "fitTimeStd": 0.06649992481198756, 
            "scoreStd": 0.015758861728329618
        }, 
        {
            "scoreTimeStd": 0.005176871642217914, 
            "scoreTime": 0.13, 
            "fitTime": 1.3244, 
            "score": 0.6199948982369783, 
            "params": {
                "kernel": "poly", 
                "C": 1.0, 
                "gamma": "scale"
            }, 
            "fitTimeStd": 0.01899052395275075, 
            "scoreStd": 0.01450552546827563
        }, 
        {
            "scoreTimeStd": 0.009703607576566563, 
            "scoreTime": 0.1272, 
            "fitTime": 1.51, 
            "score": 0.6171944798546046, 
            "params": {
                "kernel": "poly", 
                "C": 3.0, 
                "gamma": "scale"
            }, 
            "fitTimeStd": 0.03418771709254655, 
            "scoreStd": 0.013624645428134761
        }, 
        {
            "scoreTimeStd": 0.012853015210447703, 
            "scoreTime": 0.237, 
            "fitTime": 1.7368, 
            "score": 0.6162354070529774, 
            "params": {
                "kernel": "rbf", 
                "C": 0.1, 
                "gamma": "scale"
            }, 
            "fitTimeStd": 0.037775124089802804, 
            "scoreStd": 0.011663237209220748
        }
    ], 
    "gridBestScore": 0.6242224375439903, 
    "modelInputIsSparse": false
}