{
  "state": "DONE",
  "preSearchDescription": {
    "gridLength": 16,
    "searchStrategy": "GRID",
    "importantParams": [
      {
        "name": "kernel",
        "vals": [
          "linear",
          "poly",
          "rbf",
          "sigmoid"
        ]
      },
      {
        "name": "C",
        "vals": [
          "1.0",
          "0.5",
          "3.0",
          "0.1"
        ]
      },
      {
        "name": "Gamma",
        "vals": [
          "scale"
        ]
      }
    ]
  },
  "postSearchDescription": {
    "importantParams": [
      {
        "name": "kernel",
        "val": "rbf"
      },
      {
        "name": "C",
        "val": "1.0"
      },
      {
        "name": "gamma",
        "val": "scale"
      }
    ]
  },
  "resumed": false,
  "timeOrderingEnabled": false,
  "sampleWeightsEnabled": false,
  "modelId": "m1",
  "progress": {
    "top_level_todo": [],
    "stack": [],
    "top_level_done": [
      {
        "name": "Loading train set",
        "time": 27
      },
      {
        "name": "Loading test set",
        "time": 10
      },
      {
        "name": "Collecting statistics",
        "time": 37
      },
      {
        "name": "Preprocessing train set",
        "time": 169
      },
      {
        "name": "Preprocessing test set",
        "time": 74
      },
      {
        "name": "Hyperparameter searching",
        "time": 39122
      },
      {
        "name": "Fitting model",
        "time": 2468
      },
      {
        "name": "Saving model",
        "time": 4
      },
      {
        "name": "Scoring model",
        "time": 533
      }
    ]
  },
  "startTime": 1625071395653,
  "endTime": 1625071438601,
  "preprocessingTime": 320,
  "trainingTime": 42628,
  "hyperparamsSearchTime": 39122
}