{
    "gridSize": 4, 
    "nThreads": 4, 
    "metric": "F1", 
    "gridPoints": [
        {
            "scoreTimeMean": 20.8, 
            "best_iteration": null, 
            "time": 19245, 
            "trainScoreMean": 0.5861402203417906, 
            "finishedAt": 1625071451166, 
            "fitTimeStd": 453.5519374889716, 
            "testScoreStd": 0.018718007393276084, 
            "scoreTimeStd": 5.528109984434102, 
            "parameters": {
                "hidden_layer_sizes": 5
            }, 
            "testScoreMean": 0.5748371130992959, 
            "score": 0.5748371130992959, 
            "trainScoreStd": 0.005316188464576299, 
            "testScoreGibMean": 0.5748371130992959, 
            "fitTimeMean": 3828.2
        }, 
        {
            "scoreTimeMean": 23.6, 
            "best_iteration": null, 
            "time": 15615, 
            "trainScoreMean": 0.5877270745377279, 
            "finishedAt": 1625071453735, 
            "fitTimeStd": 494.07230240117684, 
            "testScoreStd": 0.02010882916619677, 
            "scoreTimeStd": 1.624807680927192, 
            "parameters": {
                "hidden_layer_sizes": 10
            }, 
            "testScoreMean": 0.577460755923161, 
            "score": 0.577460755923161, 
            "trainScoreStd": 0.0024558423452649527, 
            "testScoreGibMean": 0.577460755923161, 
            "fitTimeMean": 3099.4
        }, 
        {
            "scoreTimeMean": 24.6, 
            "best_iteration": null, 
            "time": 27630, 
            "trainScoreMean": 0.5855670642655794, 
            "finishedAt": 1625071460832, 
            "fitTimeStd": 701.7562539799699, 
            "testScoreStd": 0.02981622696481349, 
            "scoreTimeStd": 3.4985711369071804, 
            "parameters": {
                "hidden_layer_sizes": 15
            }, 
            "testScoreMean": 0.5699654708863398, 
            "score": 0.5699654708863398, 
            "trainScoreStd": 0.00785317193393809, 
            "testScoreGibMean": 0.5699654708863398, 
            "fitTimeMean": 5501.4
        }, 
        {
            "scoreTimeMean": 12.0, 
            "best_iteration": null, 
            "time": 23314, 
            "trainScoreMean": 0.596287596241321, 
            "finishedAt": 1625071465797, 
            "fitTimeStd": 1118.8181979213603, 
            "testScoreStd": 0.019992571541727417, 
            "scoreTimeStd": 6.324555320336759, 
            "parameters": {
                "hidden_layer_sizes": 20
            }, 
            "testScoreMean": 0.5759961682175068, 
            "score": 0.5759961682175068, 
            "trainScoreStd": 0.0027695316030885114, 
            "testScoreGibMean": 0.5759961682175068, 
            "fitTimeMean": 4650.8
        }
    ], 
    "timeout": null, 
    "startedAt": 1625071443891, 
    "nSplits": 5
}