[
    {
        "fit_time": 3526, 
        "best_iteration": null, 
        "test_score": 0.5978021978021978, 
        "time": 3547, 
        "split_id": 0, 
        "parameters": {
            "hidden_layer_sizes": 5
        }, 
        "num_samples": 961, 
        "score_time": 21, 
        "train_score": 0.577240241891149, 
        "done_at": 1625071447442, 
        "test_score_gib": 0.5978021978021978
    }, 
    {
        "fit_time": 4387, 
        "best_iteration": null, 
        "test_score": 0.5925925925925926, 
        "time": 4418, 
        "split_id": 1, 
        "parameters": {
            "hidden_layer_sizes": 5
        }, 
        "num_samples": 961, 
        "score_time": 31, 
        "train_score": 0.5863760217983651, 
        "done_at": 1625071448316, 
        "test_score_gib": 0.5925925925925926
    }, 
    {
        "fit_time": 4011, 
        "best_iteration": null, 
        "test_score": 0.5695364238410596, 
        "time": 4031, 
        "split_id": 2, 
        "parameters": {
            "hidden_layer_sizes": 5
        }, 
        "num_samples": 961, 
        "score_time": 20, 
        "train_score": 0.5878453038674033, 
        "done_at": 1625071447934, 
        "test_score_gib": 0.5695364238410596
    }, 
    {
        "fit_time": 3111, 
        "best_iteration": null, 
        "test_score": 0.5458715596330276, 
        "time": 3128, 
        "split_id": 3, 
        "parameters": {
            "hidden_layer_sizes": 5
        }, 
        "num_samples": 961, 
        "score_time": 17, 
        "train_score": 0.5854465270121278, 
        "done_at": 1625071447033, 
        "test_score_gib": 0.5458715596330276
    }, 
    {
        "fit_time": 4106, 
        "best_iteration": null, 
        "test_score": 0.5683760683760682, 
        "time": 4121, 
        "split_id": 4, 
        "parameters": {
            "hidden_layer_sizes": 5
        }, 
        "num_samples": 960, 
        "score_time": 15, 
        "train_score": 0.5938009787928221, 
        "done_at": 1625071451166, 
        "test_score_gib": 0.5683760683760682
    }, 
    {
        "fit_time": 2676, 
        "best_iteration": null, 
        "test_score": 0.6127659574468085, 
        "time": 2699, 
        "split_id": 0, 
        "parameters": {
            "hidden_layer_sizes": 10
        }, 
        "num_samples": 961, 
        "score_time": 23, 
        "train_score": 0.5853131749460042, 
        "done_at": 1625071450151, 
        "test_score_gib": 0.6127659574468085
    }, 
    {
        "fit_time": 3899, 
        "best_iteration": null, 
        "test_score": 0.579646017699115, 
        "time": 3925, 
        "split_id": 1, 
        "parameters": {
            "hidden_layer_sizes": 10
        }, 
        "num_samples": 961, 
        "score_time": 26, 
        "train_score": 0.5885529157667386, 
        "done_at": 1625071451870, 
        "test_score_gib": 0.579646017699115
    }, 
    {
        "fit_time": 3017, 
        "best_iteration": null, 
        "test_score": 0.5676274944567627, 
        "time": 3041, 
        "split_id": 2, 
        "parameters": {
            "hidden_layer_sizes": 10
        }, 
        "num_samples": 961, 
        "score_time": 24, 
        "train_score": 0.5921483097055616, 
        "done_at": 1625071451367, 
        "test_score_gib": 0.5676274944567627
    }, 
    {
        "fit_time": 3372, 
        "best_iteration": null, 
        "test_score": 0.5515695067264573, 
        "time": 3393, 
        "split_id": 3, 
        "parameters": {
            "hidden_layer_sizes": 10
        }, 
        "num_samples": 961, 
        "score_time": 21, 
        "train_score": 0.5861126298523782, 
        "done_at": 1625071453556, 
        "test_score_gib": 0.5515695067264573
    }, 
    {
        "fit_time": 2533, 
        "best_iteration": null, 
        "test_score": 0.5756929637526652, 
        "time": 2557, 
        "split_id": 4, 
        "parameters": {
            "hidden_layer_sizes": 10
        }, 
        "num_samples": 960, 
        "score_time": 24, 
        "train_score": 0.5865070729053319, 
        "done_at": 1625071453735, 
        "test_score_gib": 0.5756929637526652
    }, 
    {
        "fit_time": 5091, 
        "best_iteration": null, 
        "test_score": 0.6073752711496747, 
        "time": 5116, 
        "split_id": 0, 
        "parameters": {
            "hidden_layer_sizes": 15
        }, 
        "num_samples": 961, 
        "score_time": 25, 
        "train_score": 0.5858475041140976, 
        "done_at": 1625071456495, 
        "test_score_gib": 0.6073752711496747
    }, 
    {
        "fit_time": 5936, 
        "best_iteration": null, 
        "test_score": 0.5831435079726651, 
        "time": 5966, 
        "split_id": 1, 
        "parameters": {
            "hidden_layer_sizes": 15
        }, 
        "num_samples": 961, 
        "score_time": 30, 
        "train_score": 0.5803921568627451, 
        "done_at": 1625071457843, 
        "test_score_gib": 0.5831435079726651
    }, 
    {
        "fit_time": 6106, 
        "best_iteration": null, 
        "test_score": 0.5720620842572062, 
        "time": 6130, 
        "split_id": 2, 
        "parameters": {
            "hidden_layer_sizes": 15
        }, 
        "num_samples": 961, 
        "score_time": 24, 
        "train_score": 0.5905817174515235, 
        "done_at": 1625071459698, 
        "test_score_gib": 0.5720620842572062
    }, 
    {
        "fit_time": 6065, 
        "best_iteration": null, 
        "test_score": 0.5164319248826292, 
        "time": 6090, 
        "split_id": 3, 
        "parameters": {
            "hidden_layer_sizes": 15
        }, 
        "num_samples": 961, 
        "score_time": 25, 
        "train_score": 0.5741898806139851, 
        "done_at": 1625071459837, 
        "test_score_gib": 0.5164319248826292
    }, 
    {
        "fit_time": 4309, 
        "best_iteration": null, 
        "test_score": 0.5708154506437769, 
        "time": 4328, 
        "split_id": 4, 
        "parameters": {
            "hidden_layer_sizes": 15
        }, 
        "num_samples": 960, 
        "score_time": 19, 
        "train_score": 0.59683578832515, 
        "done_at": 1625071460832, 
        "test_score_gib": 0.5708154506437769
    }, 
    {
        "fit_time": 5425, 
        "best_iteration": null, 
        "test_score": 0.606060606060606, 
        "time": 5440, 
        "split_id": 0, 
        "parameters": {
            "hidden_layer_sizes": 20
        }, 
        "num_samples": 961, 
        "score_time": 15, 
        "train_score": 0.5918256130790192, 
        "done_at": 1625071463294, 
        "test_score_gib": 0.606060606060606
    }, 
    {
        "fit_time": 5505, 
        "best_iteration": null, 
        "test_score": 0.584070796460177, 
        "time": 5518, 
        "split_id": 1, 
        "parameters": {
            "hidden_layer_sizes": 20
        }, 
        "num_samples": 961, 
        "score_time": 13, 
        "train_score": 0.5960698689956332, 
        "done_at": 1625071465226, 
        "test_score_gib": 0.584070796460177
    }, 
    {
        "fit_time": 5178, 
        "best_iteration": null, 
        "test_score": 0.5550660792951543, 
        "time": 5199, 
        "split_id": 2, 
        "parameters": {
            "hidden_layer_sizes": 20
        }, 
        "num_samples": 961, 
        "score_time": 21, 
        "train_score": 0.5966850828729281, 
        "done_at": 1625071465047, 
        "test_score_gib": 0.5550660792951543
    }, 
    {
        "fit_time": 4652, 
        "best_iteration": null, 
        "test_score": 0.5525114155251142, 
        "time": 4661, 
        "split_id": 3, 
        "parameters": {
            "hidden_layer_sizes": 20
        }, 
        "num_samples": 961, 
        "score_time": 9, 
        "train_score": 0.6005571030640668, 
        "done_at": 1625071465504, 
        "test_score_gib": 0.5525114155251142
    }, 
    {
        "fit_time": 2494, 
        "best_iteration": null, 
        "test_score": 0.5822784810126582, 
        "time": 2496, 
        "split_id": 4, 
        "parameters": {
            "hidden_layer_sizes": 20
        }, 
        "num_samples": 960, 
        "score_time": 2, 
        "train_score": 0.5963003264417845, 
        "done_at": 1625071465797, 
        "test_score_gib": 0.5822784810126582
    }
]