{
    "usedGridSearch": true, 
    "probaAware": true, 
    "gridSize": 4, 
    "modelInputNRows": 4804, 
    "modelInputNCols": 10, 
    "modelInputMemory": 384320, 
    "gridCells": [
        {
            "scoreTimeStd": 0.005528109984434102, 
            "scoreTime": 0.0208, 
            "fitTime": 3.8282, 
            "score": 0.5748371130992959, 
            "params": {
                "hidden_layer_sizes": 5
            }, 
            "fitTimeStd": 0.4535519374889716, 
            "scoreStd": 0.018718007393276084
        }, 
        {
            "scoreTimeStd": 0.001624807680927192, 
            "scoreTime": 0.023600000000000003, 
            "fitTime": 3.0994, 
            "score": 0.577460755923161, 
            "params": {
                "hidden_layer_sizes": 10
            }, 
            "fitTimeStd": 0.49407230240117683, 
            "scoreStd": 0.02010882916619677
        }, 
        {
            "scoreTimeStd": 0.0034985711369071803, 
            "scoreTime": 0.0246, 
            "fitTime": 5.501399999999999, 
            "score": 0.5699654708863398, 
            "params": {
                "hidden_layer_sizes": 15
            }, 
            "fitTimeStd": 0.7017562539799699, 
            "scoreStd": 0.02981622696481349
        }, 
        {
            "scoreTimeStd": 0.006324555320336759, 
            "scoreTime": 0.012, 
            "fitTime": 4.6508, 
            "score": 0.5759961682175068, 
            "params": {
                "hidden_layer_sizes": 20
            }, 
            "fitTimeStd": 1.1188181979213603, 
            "scoreStd": 0.019992571541727417
        }
    ], 
    "gridBestScore": 0.577460755923161, 
    "modelInputIsSparse": false
}