{
  "algorithm": "NEURAL_NETWORK",
  "neural_network_grid": {
    "layer_sizes": {
      "gridMode": "EXPLICIT",
      "randomMode": "RANGE",
      "limit": {
        "min": 1
      },
      "values": [
        10,
        5,
        15,
        20
      ],
      "range": {
        "min": 8,
        "max": 16,
        "nbValues": 3,
        "scaling": "LINEAR"
      }
    },
    "activation": "relu",
    "solver": "adam",
    "alpha": 0.001,
    "batch_size": 200,
    "auto_batch": true,
    "max_iter": 200,
    "seed": 1337,
    "tol": 1.0E-4,
    "early_stopping": false,
    "validation_fraction": 0.1,
    "beta_1": 0.9,
    "beta_2": 0.999,
    "epsilon": 1.0E-8,
    "learning_rate": "constant",
    "power_t": 0.5,
    "momentum": 0.8,
    "nesterovs_momentum": true,
    "shuffle": true,
    "learning_rate_init": 0.001,
    "enabled": true
  },
  "max_ensemble_nodes_serialized": 0,
  "metrics": {
    "evaluationMetric": "F1",
    "customEvaluationMetricGIB": true,
    "customEvaluationMetricNeedsProba": false,
    "thresholdOptimizationMetric": "F1",
    "costMatrixWeights": {
      "tpGain": 1.0,
      "tnGain": 0.0,
      "fpGain": -0.3,
      "fnGain": 0.0
    },
    "liftPoint": 0.4
  },
  "autoOptimizeThreshold": true,
  "forcedClassifierThreshold": 0.0,
  "gridLength": 1,
  "grid_search_params": {
    "mode": "KFOLD",
    "splitRatio": 0.8,
    "shuffleIterations": 1,
    "nFolds": 5,
    "stratified": true,
    "strategy": "GRID",
    "bayesianOptimizer": "SCIKIT_OPTIMIZE",
    "randomized": true,
    "seed": 0,
    "nIter": 0,
    "nIterRandom": 5,
    "timeout": 0,
    "nJobs": 4,
    "distributed": false,
    "nContainers": 4
  },
  "pluginAlgoCustomGridSearch": false,
  "computeLearningCurves": false,
  "skipExpensiveReports": false
}