{
  "state": "DONE",
  "preSearchDescription": {
    "gridLength": 1,
    "searchStrategy": "GRID",
    "importantParams": []
  },
  "postSearchDescription": {
    "importantParams": [
      {
        "name": "layer_sizes",
        "val": "[10, 5, 15, 20]"
      },
      {
        "name": "activation",
        "val": "relu"
      },
      {
        "name": "alpha",
        "val": "0.001"
      },
      {
        "name": "solver",
        "val": "adam"
      }
    ]
  },
  "resumed": false,
  "timeOrderingEnabled": false,
  "sampleWeightsEnabled": false,
  "modelId": "m1",
  "progress": {
    "top_level_todo": [],
    "stack": [],
    "top_level_done": [
      {
        "name": "Loading train set",
        "time": 30
      },
      {
        "name": "Loading test set",
        "time": 13
      },
      {
        "name": "Collecting statistics",
        "time": 42
      },
      {
        "name": "Preprocessing train set",
        "time": 191
      },
      {
        "name": "Preprocessing test set",
        "time": 82
      },
      {
        "name": "Fitting model",
        "time": 22858
      },
      {
        "name": "Saving model",
        "time": 5
      },
      {
        "name": "Scoring model",
        "time": 407
      }
    ]
  },
  "startTime": 1625071443513,
  "endTime": 1625071467570,
  "preprocessingTime": 362,
  "trainingTime": 23695,
  "hyperparamsSearchTime": 0
}