{
    "rawImportance": {
        "variables": [
            "MonthlyCharges", 
            "SeniorCitizen", 
            "TotalCharges", 
            "tenure", 
            "dummy:Partner:No", 
            "dummy:OnlineBackup:No", 
            "dummy:StreamingMovies:Yes", 
            "dummy:Contract:Month-to-month", 
            "dummy:Contract:One year", 
            "dummy:TechSupport:No", 
            "dummy:OnlineSecurity:No", 
            "dummy:PhoneService:Yes", 
            "dummy:InternetService:Fiber optic", 
            "dummy:PaymentMethod:Electronic check"
        ], 
        "importances": [
            0.03386968906359481, 
            0.005086885977499007, 
            0.014605097486967686, 
            0.12288873851697125, 
            0.0012540861918406774, 
            0.012825854715499557, 
            0.031975980843653884, 
            0.6126324391132238, 
            0.02958135678052326, 
            0.021024852768019592, 
            0.0033413879571420895, 
            0.004951207034819676, 
            0.08555242129728523, 
            0.020410002252959445
        ]
    }, 
    "probaAware": true, 
    "modelInputNRows": 4925, 
    "modelInputNCols": 75, 
    "modelInputMemory": 2955000, 
    "modelInputIsSparse": false
}