{
  "state": "DONE",
  "preSearchDescription": {
    "gridLength": 1,
    "searchStrategy": "GRID",
    "importantParams": [
      {
        "name": "max_depth",
        "vals": [
          "5"
        ]
      },
      {
        "name": "min_samples",
        "vals": [
          "1"
        ]
      },
      {
        "name": "criterion",
        "vals": [
          "gini"
        ]
      }
    ]
  },
  "postSearchDescription": {
    "importantParams": [
      {
        "name": "criterion",
        "val": "gini"
      },
      {
        "name": "max_depth",
        "val": "5"
      },
      {
        "name": "min_samples",
        "val": "1"
      }
    ]
  },
  "resumed": false,
  "timeOrderingEnabled": false,
  "sampleWeightsEnabled": false,
  "modelId": "m1",
  "progress": {
    "top_level_todo": [],
    "stack": [],
    "top_level_done": [
      {
        "name": "Loading train set",
        "time": 23
      },
      {
        "name": "Loading test set",
        "time": 11
      },
      {
        "name": "Collecting statistics",
        "time": 32
      },
      {
        "name": "Preprocessing train set",
        "time": 62
      },
      {
        "name": "Preprocessing test set",
        "time": 42
      },
      {
        "name": "Fitting model",
        "time": 32
      },
      {
        "name": "Saving model",
        "time": 2
      },
      {
        "name": "Scoring model",
        "time": 533
      }
    ]
  },
  "startTime": 1624701648902,
  "endTime": 1624701649698,
  "preprocessingTime": 173,
  "trainingTime": 623,
  "hyperparamsSearchTime": 0
}