[
    {
        "fit_time": 1220, 
        "best_iteration": null, 
        "test_score": 0.6406015037593985, 
        "time": 1504, 
        "split_id": 0, 
        "parameters": {
            "max_features": "auto", 
            "n_estimators": 100, 
            "min_samples_split": 3, 
            "max_depth": 6, 
            "min_samples_leaf": 1
        }, 
        "num_samples": 986, 
        "score_time": 284, 
        "train_score": 0.6464427591188154, 
        "done_at": 1624702718334, 
        "test_score_gib": 0.6406015037593985
    }, 
    {
        "fit_time": 1204, 
        "best_iteration": null, 
        "test_score": 0.608946608946609, 
        "time": 1291, 
        "split_id": 1, 
        "parameters": {
            "max_features": "auto", 
            "n_estimators": 100, 
            "min_samples_split": 3, 
            "max_depth": 6, 
            "min_samples_leaf": 1
        }, 
        "num_samples": 986, 
        "score_time": 87, 
        "train_score": 0.652287095574563, 
        "done_at": 1624702718124, 
        "test_score_gib": 0.608946608946609
    }, 
    {
        "fit_time": 1211, 
        "best_iteration": null, 
        "test_score": 0.6129032258064516, 
        "time": 1490, 
        "split_id": 2, 
        "parameters": {
            "max_features": "auto", 
            "n_estimators": 100, 
            "min_samples_split": 3, 
            "max_depth": 6, 
            "min_samples_leaf": 1
        }, 
        "num_samples": 985, 
        "score_time": 279, 
        "train_score": 0.6542533771449435, 
        "done_at": 1624702718326, 
        "test_score_gib": 0.6129032258064516
    }, 
    {
        "fit_time": 1315, 
        "best_iteration": null, 
        "test_score": 0.6379310344827587, 
        "time": 2032, 
        "split_id": 3, 
        "parameters": {
            "max_features": "auto", 
            "n_estimators": 100, 
            "min_samples_split": 3, 
            "max_depth": 6, 
            "min_samples_leaf": 1
        }, 
        "num_samples": 984, 
        "score_time": 717, 
        "train_score": 0.6502390584773815, 
        "done_at": 1624702718871, 
        "test_score_gib": 0.6379310344827587
    }, 
    {
        "fit_time": 952, 
        "best_iteration": null, 
        "test_score": 0.6392045454545454, 
        "time": 1164, 
        "split_id": 4, 
        "parameters": {
            "max_features": "auto", 
            "n_estimators": 100, 
            "min_samples_split": 3, 
            "max_depth": 6, 
            "min_samples_leaf": 1
        }, 
        "num_samples": 984, 
        "score_time": 212, 
        "train_score": 0.6446518305814788, 
        "done_at": 1624702719290, 
        "test_score_gib": 0.6392045454545454
    }, 
    {
        "fit_time": 1061, 
        "best_iteration": null, 
        "test_score": 0.5759368836291914, 
        "time": 1402, 
        "split_id": 0, 
        "parameters": {
            "max_features": "auto", 
            "n_estimators": 100, 
            "min_samples_split": 3, 
            "max_depth": 14, 
            "min_samples_leaf": 1
        }, 
        "num_samples": 986, 
        "score_time": 341, 
        "train_score": 0.936663693131133, 
        "done_at": 1624702719732, 
        "test_score_gib": 0.5759368836291914
    }, 
    {
        "fit_time": 952, 
        "best_iteration": null, 
        "test_score": 0.5426944971537002, 
        "time": 1306, 
        "split_id": 1, 
        "parameters": {
            "max_features": "auto", 
            "n_estimators": 100, 
            "min_samples_split": 3, 
            "max_depth": 14, 
            "min_samples_leaf": 1
        }, 
        "num_samples": 986, 
        "score_time": 354, 
        "train_score": 0.937137761925992, 
        "done_at": 1624702719657, 
        "test_score_gib": 0.5426944971537002
    }, 
    {
        "fit_time": 823, 
        "best_iteration": null, 
        "test_score": 0.5910780669144983, 
        "time": 1137, 
        "split_id": 2, 
        "parameters": {
            "max_features": "auto", 
            "n_estimators": 100, 
            "min_samples_split": 3, 
            "max_depth": 14, 
            "min_samples_leaf": 1
        }, 
        "num_samples": 985, 
        "score_time": 314, 
        "train_score": 0.929203539823009, 
        "done_at": 1624702720011, 
        "test_score_gib": 0.5910780669144983
    }, 
    {
        "fit_time": 698, 
        "best_iteration": null, 
        "test_score": 0.5942028985507246, 
        "time": 793, 
        "split_id": 3, 
        "parameters": {
            "max_features": "auto", 
            "n_estimators": 100, 
            "min_samples_split": 3, 
            "max_depth": 14, 
            "min_samples_leaf": 1
        }, 
        "num_samples": 984, 
        "score_time": 95, 
        "train_score": 0.9234805421950154, 
        "done_at": 1624702720085, 
        "test_score_gib": 0.5942028985507246
    }, 
    {
        "fit_time": 507, 
        "best_iteration": null, 
        "test_score": 0.5893186003683242, 
        "time": 567, 
        "split_id": 4, 
        "parameters": {
            "max_features": "auto", 
            "n_estimators": 100, 
            "min_samples_split": 3, 
            "max_depth": 14, 
            "min_samples_leaf": 1
        }, 
        "num_samples": 984, 
        "score_time": 60, 
        "train_score": 0.941439427805096, 
        "done_at": 1624702720229, 
        "test_score_gib": 0.5893186003683242
    }
]