{
    "gridSize": 2, 
    "nThreads": 4, 
    "metric": "F1", 
    "gridPoints": [
        {
            "scoreTimeMean": 315.8, 
            "best_iteration": null, 
            "time": 7481, 
            "trainScoreMean": 0.6495756036648443, 
            "finishedAt": 1624702719290, 
            "fitTimeStd": 121.11581234504436, 
            "testScoreStd": 0.013958314846360323, 
            "scoreTimeStd": 212.81484910597754, 
            "parameters": {
                "max_features": "auto", 
                "n_estimators": 100, 
                "min_samples_split": 3, 
                "max_depth": 6, 
                "min_samples_leaf": 1
            }, 
            "testScoreMean": 0.6279117821737635, 
            "score": 0.6279117821737635, 
            "trainScoreStd": 0.003570001412951923, 
            "testScoreGibMean": 0.6279117821737635, 
            "fitTimeMean": 1180.4
        }, 
        {
            "scoreTimeMean": 232.8, 
            "best_iteration": null, 
            "time": 5205, 
            "trainScoreMean": 0.9335867963232687, 
            "finishedAt": 1624702720229, 
            "fitTimeStd": 193.7373479740032, 
            "testScoreStd": 0.019033050764502894, 
            "scoreTimeStd": 127.93654677221829, 
            "parameters": {
                "max_features": "auto", 
                "n_estimators": 100, 
                "min_samples_split": 3, 
                "max_depth": 14, 
                "min_samples_leaf": 1
            }, 
            "testScoreMean": 0.5786330136647829, 
            "score": 0.5786330136647829, 
            "trainScoreStd": 0.006402279283969127, 
            "testScoreGibMean": 0.5786330136647829, 
            "fitTimeMean": 808.2
        }
    ], 
    "timeout": 15, 
    "startedAt": 1624702716827, 
    "nSplits": 5
}