{
    "usedGridSearch": true, 
    "probaAware": true, 
    "gridSize": 2, 
    "rawImportance": {
        "variables": [
            "SeniorCitizen", 
            "MonthlyCharges", 
            "TotalCharges", 
            "tenure", 
            "dummy:Partner:No", 
            "dummy:Partner:Yes", 
            "dummy:OnlineBackup:No", 
            "dummy:OnlineBackup:No internet service", 
            "dummy:PaperlessBilling:No", 
            "dummy:StreamingMovies:No", 
            "dummy:StreamingMovies:No internet service", 
            "dummy:Contract:Month-to-month", 
            "dummy:Contract:Two year"
        ], 
        "importances": [
            0.008979701612319278, 
            0.1027849914638287, 
            0.09760885935180826, 
            0.17989890291355162, 
            0.006054778393373532, 
            0.00521855674738603, 
            0.04341677250151758, 
            0.042958252192877265, 
            0.025306955769279865, 
            0.008694758543062042, 
            0.05306416079367518, 
            0.29635959747075086, 
            0.1296537122465698
        ]
    }, 
    "modelInputNRows": 4925, 
    "modelInputNCols": 15, 
    "modelInputMemory": 591000, 
    "gridCells": [
        {
            "scoreTimeStd": 0.21281484910597753, 
            "scoreTime": 0.3158, 
            "fitTime": 1.1804000000000001, 
            "score": 0.6279117821737635, 
            "params": {
                "max_features": "auto", 
                "n_estimators": 100, 
                "min_samples_split": 3, 
                "max_depth": 6, 
                "min_samples_leaf": 1
            }, 
            "fitTimeStd": 0.12111581234504436, 
            "scoreStd": 0.013958314846360323
        }, 
        {
            "scoreTimeStd": 0.1279365467722183, 
            "scoreTime": 0.2328, 
            "fitTime": 0.8082, 
            "score": 0.5786330136647829, 
            "params": {
                "max_features": "auto", 
                "n_estimators": 100, 
                "min_samples_split": 3, 
                "max_depth": 14, 
                "min_samples_leaf": 1
            }, 
            "fitTimeStd": 0.1937373479740032, 
            "scoreStd": 0.019033050764502894
        }
    ], 
    "gridBestScore": 0.6279117821737635, 
    "modelInputIsSparse": false
}