{
  "state": "DONE",
  "preSearchDescription": {
    "gridLength": 2,
    "searchStrategy": "GRID",
    "importantParams": [
      {
        "name": "trees",
        "vals": [
          "100"
        ]
      },
      {
        "name": "depth",
        "vals": [
          "6",
          "14"
        ]
      },
      {
        "name": "min_samples",
        "vals": [
          "1"
        ]
      }
    ]
  },
  "postSearchDescription": {
    "importantParams": [
      {
        "name": "trees",
        "val": "100"
      },
      {
        "name": "depth",
        "val": "6"
      },
      {
        "name": "min_samples",
        "val": "1"
      }
    ]
  },
  "resumed": false,
  "timeOrderingEnabled": false,
  "sampleWeightsEnabled": false,
  "modelId": "m1",
  "progress": {
    "top_level_todo": [],
    "stack": [],
    "top_level_done": [
      {
        "name": "Loading train set",
        "time": 30
      },
      {
        "name": "Loading test set",
        "time": 14
      },
      {
        "name": "Collecting statistics",
        "time": 33
      },
      {
        "name": "Preprocessing train set",
        "time": 106
      },
      {
        "name": "Preprocessing test set",
        "time": 46
      },
      {
        "name": "Hyperparameter searching",
        "time": 4039
      },
      {
        "name": "Fitting model",
        "time": 521
      },
      {
        "name": "Saving model",
        "time": 29
      },
      {
        "name": "Scoring model",
        "time": 1393
      }
    ]
  },
  "startTime": 1624702716574,
  "endTime": 1624702722835,
  "preprocessingTime": 231,
  "trainingTime": 6029,
  "hyperparamsSearchTime": 4039
}