{
  "state": "DONE",
  "preSearchDescription": {
    "gridLength": 1,
    "searchStrategy": "GRID",
    "importantParams": [
      {
        "name": "kernel",
        "vals": [
          "rbf"
        ]
      },
      {
        "name": "C",
        "vals": [
          "1.0"
        ]
      },
      {
        "name": "Gamma",
        "vals": [
          "scale"
        ]
      }
    ]
  },
  "postSearchDescription": {
    "importantParams": [
      {
        "name": "kernel",
        "val": "rbf"
      },
      {
        "name": "C",
        "val": "1.0"
      },
      {
        "name": "gamma",
        "val": "scale"
      }
    ]
  },
  "resumed": false,
  "timeOrderingEnabled": false,
  "sampleWeightsEnabled": false,
  "modelId": "m1",
  "progress": {
    "top_level_todo": [],
    "stack": [],
    "top_level_done": [
      {
        "name": "Loading train set",
        "time": 21
      },
      {
        "name": "Loading test set",
        "time": 13
      },
      {
        "name": "Collecting statistics",
        "time": 34
      },
      {
        "name": "Preprocessing train set",
        "time": 62
      },
      {
        "name": "Preprocessing test set",
        "time": 43
      },
      {
        "name": "Fitting model",
        "time": 7795
      },
      {
        "name": "Saving model",
        "time": 9
      },
      {
        "name": "Scoring model",
        "time": 1485
      }
    ]
  },
  "startTime": 1624701644767,
  "endTime": 1624701654658,
  "preprocessingTime": 175,
  "trainingTime": 9716,
  "hyperparamsSearchTime": 0
}