{
  "description": "",
  "name": "SVM (first-round)",
  "starred": false,
  "clusterMetas": {},
  "customMeta": {
    "kv": {}
  },
  "tags": [],
  "activeClassifierThreshold": 0.4250000000000001,
  "labels": [
    {
      "key": "trainDataset:dataset-name",
      "value": "Telco_Customer_Churn_prepared"
    },
    {
      "key": "testDataset:dataset-name",
      "value": "Telco_Customer_Churn_prepared"
    },
    {
      "key": "model:date",
      "value": "2021-06-26 12:00:38"
    },
    {
      "key": "model:algorithm",
      "value": "SVC_CLASSIFICATION"
    }
  ]
}