{
    "rawImportance": {
        "variables": [
            "MonthlyCharges", 
            "TotalCharges", 
            "tenure", 
            "dummy:Partner:No", 
            "dummy:OnlineBackup:No", 
            "dummy:OnlineBackup:No internet service", 
            "dummy:PaperlessBilling:No", 
            "dummy:Contract:Month-to-month", 
            "dummy:Contract:Two year"
        ], 
        "importances": [
            0.16044981508116093, 
            0.019634272112398515, 
            0.13765273903093092, 
            0.0012958990814805442, 
            0.011606396382189571, 
            0.002658630923634778, 
            0.0030761955046955634, 
            0.6330584136061385, 
            0.030567638277370714
        ]
    }, 
    "probaAware": true, 
    "modelInputNRows": 4925, 
    "modelInputNCols": 15, 
    "modelInputMemory": 591000, 
    "modelInputIsSparse": false
}