{
    "featureNames": [
        "SeniorCitizen", 
        "MonthlyCharges", 
        "TotalCharges", 
        "tenure", 
        "dummy:Partner:No", 
        "dummy:Partner:Yes", 
        "dummy:Partner:N/A", 
        "dummy:Partner:__Others__", 
        "dummy:OnlineBackup:No", 
        "dummy:OnlineBackup:No internet service", 
        "dummy:PaperlessBilling:No", 
        "dummy:StreamingMovies:No", 
        "dummy:StreamingMovies:No internet service", 
        "dummy:Contract:Month-to-month", 
        "dummy:Contract:Two year"
    ], 
    "tree": {
        "rightChild": [
            32, 
            17, 
            10, 
            7, 
            6, 
            -1, 
            -1, 
            9, 
            -1, 
            -1, 
            14, 
            13, 
            -1, 
            -1, 
            16, 
            -1, 
            -1, 
            25, 
            22, 
            21, 
            -1, 
            -1, 
            24, 
            -1, 
            -1, 
            29, 
            28, 
            -1, 
            -1, 
            31, 
            -1, 
            -1, 
            48, 
            41, 
            38, 
            37, 
            -1, 
            -1, 
            40, 
            -1, 
            -1, 
            45, 
            44, 
            -1, 
            -1, 
            47, 
            -1, 
            -1, 
            56, 
            53, 
            52, 
            -1, 
            -1, 
            55, 
            -1, 
            -1, 
            60, 
            59, 
            -1, 
            -1, 
            62, 
            -1, 
            -1
        ], 
        "impurity": [
            0.5000000000000913, 
            0.2706857859378309, 
            0.3785229591962579, 
            0.22905323394105404, 
            0.06565274541366195, 
            0.39387284392795496, 
            0.04496285975697745, 
            0.3220376743642628, 
            0.4008995680000289, 
            0.20896147709944368, 
            0.4601121086114991, 
            0.41360007732673043, 
            0.49187554726553706, 
            0.3319439350364495, 
            0.4999266530650629, 
            0.4820736705398675, 
            0.46912103248707304, 
            0.12957439006074833, 
            0.07151151249704257, 
            0.05337449079071155, 
            0.01605375904603812, 
            0.07987489214348975, 
            0.15624878555985944, 
            0.2085101608590677, 
            0.0, 
            0.2869133429280979, 
            0.19514444462275748, 
            0.0, 
            -6.661338147750939e-16, 
            0.25615214975039313, 
            0.34595020879842675, 
            0.05039737940302935, 
            0.4362290085123959, 
            0.4946323591137266, 
            0.41963921038451457, 
            0.49977372706733303, 
            0.47651040705430425, 
            0.4087180805579077, 
            0.3540184596148268, 
            0.32182629292242637, 
            0.49433645620810285, 
            0.4785652359820328, 
            0.4213095182687543, 
            0.40354943737868965, 
            0.49641544829715567, 
            0.4996020249458535, 
            0.4828492489936759, 
            0.44787581527099074, 
            0.3667519031721209, 
            0.25053184168293763, 
            0.11485146003515179, 
            0.02326175813764464, 
            0.13844521093988904, 
            0.2899878908012613, 
            0.39947876957101025, 
            0.2284352850984579, 
            0.45555229704873523, 
            0.43972920085846234, 
            0.49418129289134316, 
            0.42967077661355413, 
            0.49999944732334767, 
            0.4065684131102226, 
            0.482849248993674
        ], 
        "targetClassesProportions": [
            [
                0.7303553299492448, 
                0.2696446700507552
            ], 
            [
                0.9336620349618989, 
                0.06633796503810102
            ], 
            [
                0.8885686839577313, 
                0.11143131604226873
            ], 
            [
                0.9468690702087286, 
                0.05313092979127153
            ], 
            [
                0.9871794871794872, 
                0.012820512820512824
            ], 
            [
                0.5, 
                0.5
            ], 
            [
                0.9913793103448276, 
                0.008620689655172415
            ], 
            [
                0.9146757679180889, 
                0.08532423208191112
            ], 
            [
                0.8758620689655171, 
                0.12413793103448288
            ], 
            [
                0.9527027027027026, 
                0.04729729729729736
            ], 
            [
                0.8287937743190661, 
                0.171206225680934
            ], 
            [
                0.8677685950413226, 
                0.13223140495867738
            ], 
            [
                0.777777777777778, 
                0.22222222222222193
            ], 
            [
                0.9105691056910569, 
                0.08943089430894313
            ], 
            [
                0.7350993377483445, 
                0.26490066225165565
            ], 
            [
                0.6486486486486489, 
                0.3513513513513511
            ], 
            [
                0.8181818181818183, 
                0.18181818181818163
            ], 
            [
                0.9731092436974785, 
                0.02689075630252147
            ], 
            [
                0.9859611231101509, 
                0.014038876889849023
            ], 
            [
                0.9896907216494845, 
                0.01030927835051559
            ], 
            [
                0.996996996996997, 
                0.0030030030030029917
            ], 
            [
                0.9841986455981941, 
                0.01580135440180587
            ], 
            [
                0.9666666666666666, 
                0.03333333333333339
            ], 
            [
                0.9528301886792453, 
                0.04716981132075467
            ], 
            [
                1.0, 
                0.0
            ], 
            [
                0.928030303030303, 
                0.07196969696969693
            ], 
            [
                0.25, 
                0.7500000000000001
            ], 
            [
                0.0, 
                1.0
            ], 
            [
                1.0, 
                0.0
            ], 
            [
                0.9384615384615383, 
                0.061538461538461514
            ], 
            [
                0.9044585987261146, 
                0.09554140127388551
            ], 
            [
                0.9902912621359223, 
                0.009708737864077662
            ], 
            [
                0.5619896065330345, 
                0.4380103934669654
            ], 
            [
                0.6874999999999983, 
                0.31250000000000167
            ], 
            [
                0.5366795366795366, 
                0.4633204633204633
            ], 
            [
                0.7218934911242602, 
                0.27810650887573984
            ], 
            [
                0.6355140186915891, 
                0.36448598130841087
            ], 
            [
                0.870967741935484, 
                0.129032258064516
            ], 
            [
                0.44699140401146026, 
                0.5530085959885397
            ], 
            [
                0.4060402684563752, 
                0.5939597315436247
            ], 
            [
                0.6862745098039216, 
                0.3137254901960783
            ], 
            [
                0.8048048048048037, 
                0.19519519519519635
            ], 
            [
                0.8624641833810892, 
                0.1375358166189109
            ], 
            [
                0.8742331288343561, 
                0.12576687116564392
            ], 
            [
                0.6956521739130435, 
                0.30434782608695654
            ], 
            [
                0.7413249211356465, 
                0.2586750788643536
            ], 
            [
                0.6506024096385541, 
                0.34939759036144585
            ], 
            [
                0.8410596026490065, 
                0.15894039735099347
            ], 
            [
                0.463576158940399, 
                0.536423841059601
            ], 
            [
                0.3179271708683496, 
                0.6820728291316503
            ], 
            [
                0.14999999999999974, 
                0.8500000000000002
            ], 
            [
                0.031250000000000014, 
                0.96875
            ], 
            [
                0.17968749999999972, 
                0.8203125000000002
            ], 
            [
                0.36642599277978394, 
                0.6335740072202161
            ], 
            [
                0.5077720207253885, 
                0.4922279792746115
            ], 
            [
                0.2908587257617725, 
                0.7091412742382275
            ], 
            [
                0.5942211055276381, 
                0.4057788944723618
            ], 
            [
                0.5675675675675684, 
                0.4324324324324316
            ], 
            [
                0.7708333333333335, 
                0.22916666666666652
            ], 
            [
                0.5517799352750814, 
                0.4482200647249186
            ], 
            [
                0.7307692307692312, 
                0.2692307692307689
            ], 
            [
                0.872340425531915, 
                0.12765957446808499
            ], 
            [
                0.6506024096385544, 
                0.34939759036144546
            ]
        ], 
        "probas": [
            [
                0.5000000000000079, 
                0.49999999999999206
            ], 
            [
                0.8386105536321656, 
                0.16138944636783434
            ], 
            [
                0.7464518622406163, 
                0.2535481377593837
            ], 
            [
                0.8680670903917794, 
                0.1319329096082206
            ], 
            [
                0.9660189130208874, 
                0.03398108697911255
            ], 
            [
                0.2696446700507614, 
                0.7303553299492385
            ], 
            [
                0.9769890670880326, 
                0.02301093291196735
            ], 
            [
                0.7982971049438241, 
                0.20170289505617597
            ], 
            [
                0.7225987780738808, 
                0.2774012219261191
            ], 
            [
                0.8814698696493383, 
                0.1185301303506618
            ], 
            [
                0.6412230352819562, 
                0.35877696471804377
            ], 
            [
                0.7078460038986362, 
                0.29215399610136394
            ], 
            [
                0.5637355973317166, 
                0.43626440266828337
            ], 
            [
                0.7898758915152705, 
                0.21012410848472948
            ], 
            [
                0.5060558622394332, 
                0.49394413776056684
            ], 
            [
                0.4053260081645113, 
                0.5946739918354886
            ], 
            [
                0.6242557192102792, 
                0.37574428078972083
            ], 
            [
                0.9303635730049937, 
                0.06963642699500637
            ], 
            [
                0.9628652544223624, 
                0.03713474557763758
            ], 
            [
                0.9725597894495934, 
                0.02744021055040655
            ], 
            [
                0.9919076340909756, 
                0.008092365909024408
            ], 
            [
                0.9583258163449396, 
                0.04167418365506044
            ], 
            [
                0.9145788311287372, 
                0.08542116887126282
            ], 
            [
                0.8817655295734094, 
                0.11823447042659066
            ], 
            [
                1.0, 
                0.0
            ], 
            [
                0.8264097555771737, 
                0.17359024442282628
            ], 
            [
                0.10957999834969882, 
                0.8904200016503012
            ], 
            [
                0.0, 
                1.0
            ], 
            [
                1.0, 
                0.0
            ], 
            [
                0.8491760660824355, 
                0.15082393391756466
            ], 
            [
                0.7775335936436989, 
                0.22246640635630116
            ], 
            [
                0.9741321654333239, 
                0.025867834566675994
            ], 
            [
                0.3214348977434544, 
                0.6785651022565456
            ], 
            [
                0.44819439757002844, 
                0.5518056024299716
            ], 
            [
                0.2995495203105324, 
                0.7004504796894676
            ], 
            [
                0.48936343728762344, 
                0.5106365627123766
            ], 
            [
                0.3916265877954962, 
                0.6083734122045038
            ], 
            [
                0.7136374492476717, 
                0.2863625507523284
            ], 
            [
                0.22983195934274694, 
                0.7701680406572531
            ], 
            [
                0.20152579083145905, 
                0.798474209168541
            ], 
            [
                0.4467856044294064, 
                0.5532143955705935
            ], 
            [
                0.6035247893452516, 
                0.3964752106547484
            ], 
            [
                0.6983563481858337, 
                0.30164365181416614
            ], 
            [
                0.7196025530604219, 
                0.2803974469395783
            ], 
            [
                0.45766472095978633, 
                0.5423352790402137
            ], 
            [
                0.5141062938813968, 
                0.4858937061186033
            ], 
            [
                0.4073966766084362, 
                0.5926033233915639
            ], 
            [
                0.6614375803972012, 
                0.3385624196027988
            ], 
            [
                0.24188365333826106, 
                0.7581163466617389
            ], 
            [
                0.14682287848938005, 
                0.8531771215106199
            ], 
            [
                0.06116715029247835, 
                0.9388328497075216
            ], 
            [
                0.011769397793237917, 
                0.9882306022067621
            ], 
            [
                0.07482075011819334, 
                0.9251792498818067
            ], 
            [
                0.1759536227646334, 
                0.8240463772353666
            ], 
            [
                0.27581120631375045, 
                0.7241887936862496
            ], 
            [
                0.13151342297070923, 
                0.8684865770292907
            ], 
            [
                0.35092333691811334, 
                0.6490766630818866
            ], 
            [
                0.3264044943820232, 
                0.6735955056179768
            ], 
            [
                0.5539384237286227, 
                0.4460615762713773
            ], 
            [
                0.3124777034771194, 
                0.6875222965228805
            ], 
            [
                0.500525678919284, 
                0.4994743210807161
            ], 
            [
                0.7161383664343025, 
                0.28386163356569755
            ], 
            [
                0.40739667660843665, 
                0.5926033233915634
            ]
        ], 
        "feature": [
            13, 
            14, 
            1, 
            1, 
            9, 
            -2, 
            -2, 
            10, 
            -2, 
            -2, 
            1, 
            3, 
            -2, 
            -2, 
            3, 
            -2, 
            -2, 
            1, 
            8, 
            1, 
            -2, 
            -2, 
            3, 
            -2, 
            -2, 
            1, 
            4, 
            -2, 
            -2, 
            1, 
            -2, 
            -2, 
            1, 
            3, 
            1, 
            2, 
            -2, 
            -2, 
            2, 
            -2, 
            -2, 
            8, 
            3, 
            -2, 
            -2, 
            3, 
            -2, 
            -2, 
            3, 
            2, 
            1, 
            -2, 
            -2, 
            1, 
            -2, 
            -2, 
            3, 
            1, 
            -2, 
            -2, 
            1, 
            -2, 
            -2
        ], 
        "leftChild": [
            1, 
            2, 
            3, 
            4, 
            5, 
            -1, 
            -1, 
            8, 
            -1, 
            -1, 
            11, 
            12, 
            -1, 
            -1, 
            15, 
            -1, 
            -1, 
            18, 
            19, 
            20, 
            -1, 
            -1, 
            23, 
            -1, 
            -1, 
            26, 
            27, 
            -1, 
            -1, 
            30, 
            -1, 
            -1, 
            33, 
            34, 
            35, 
            36, 
            -1, 
            -1, 
            39, 
            -1, 
            -1, 
            42, 
            43, 
            -1, 
            -1, 
            46, 
            -1, 
            -1, 
            49, 
            50, 
            51, 
            -1, 
            -1, 
            54, 
            -1, 
            -1, 
            57, 
            58, 
            -1, 
            -1, 
            61, 
            -1, 
            -1
        ], 
        "threshold": [
            0.5, 
            0.5, 
            69.9749999676598, 
            24.874999476722024, 
            0.5, 
            -2.0, 
            -2.0, 
            0.5, 
            -2.0, 
            -2.0, 
            103.2249995153721, 
            39.500000315418326, 
            -2.0, 
            -2.0, 
            59.50000056918478, 
            -2.0, 
            -2.0, 
            93.55000011718987, 
            0.5, 
            24.475000740111618, 
            -2.0, 
            -2.0, 
            67.49999979128452, 
            -2.0, 
            -2.0, 
            94.1750000504811, 
            0.5, 
            -2.0, 
            -2.0, 
            110.02499957944286, 
            -2.0, 
            -2.0, 
            69.17500002611989, 
            5.499999957299263, 
            20.874999544629873, 
            38.97499158564142, 
            -2.0, 
            -2.0, 
            201.62498480530576, 
            -2.0, 
            -2.0, 
            0.5, 
            51.49999988140697, 
            -2.0, 
            -2.0, 
            17.500000256126942, 
            -2.0, 
            -2.0, 
            14.50000054783954, 
            118.09996351329391, 
            70.22500007561187, 
            -2.0, 
            -2.0, 
            78.89999993955635, 
            -2.0, 
            -2.0, 
            53.49999968693191, 
            73.82499992473775, 
            -2.0, 
            -2.0, 
            91.34999988526802, 
            -2.0, 
            -2.0
        ], 
        "nSamples": [
            4925, 
            2231, 
            1041, 
            527, 
            234, 
            2, 
            232, 
            293, 
            145, 
            148, 
            514, 
            363, 
            117, 
            246, 
            151, 
            74, 
            77, 
            1190, 
            926, 
            776, 
            333, 
            443, 
            150, 
            106, 
            44, 
            264, 
            4, 
            3, 
            1, 
            260, 
            157, 
            103, 
            2694, 
            1184, 
            518, 
            169, 
            107, 
            62, 
            349, 
            298, 
            51, 
            666, 
            349, 
            326, 
            23, 
            317, 
            166, 
            151, 
            1510, 
            714, 
            160, 
            32, 
            128, 
            554, 
            193, 
            361, 
            796, 
            666, 
            48, 
            618, 
            130, 
            47, 
            83
        ]
    }
}