{
    "OnlineSecurity": {
        "distribution": [
            0.5030849549121974, 
            0.21120075937351684, 
            0.2857142857142857
        ], 
        "scale": [
            "No", 
            "No internet service", 
            "Yes"
        ]
    }, 
    "SeniorCitizen": {
        "distribution": [
            0.8391077361177028, 
            0.1608922638822971
        ], 
        "scale": [
            0.0, 
            1.0
        ]
    }, 
    "DeviceProtection": {
        "distribution": [
            0.44233507356430946, 
            0.21120075937351684, 
            0.3464641670621737
        ], 
        "scale": [
            "No", 
            "No internet service", 
            "Yes"
        ]
    }, 
    "MonthlyCharges": {
        "distribution": [
            0.10607569721115538, 
            0.10707171314741036, 
            0.10458167330677291, 
            0.10458167330677291, 
            0.10557768924302789, 
            0.1050796812749004, 
            0.10358565737051793, 
            0.10607569721115538, 
            0.1050796812749004, 
            0.052290836653386456
        ], 
        "scale": [
            20.15, 
            30.04500000000002, 
            46.99300000000002, 
            61.223, 
            71.409, 
            79.01100000000001, 
            86.65200000000002, 
            94.60100000000003, 
            102.93800000000003, 
            112.087
        ]
    }, 
    "OnlineBackup": {
        "distribution": [
            0.4466065495965828, 
            0.21120075937351684, 
            0.34219269102990035
        ], 
        "scale": [
            "No", 
            "No internet service", 
            "Yes"
        ]
    }, 
    "MultipleLines": {
        "distribution": [
            0.48647365923113434, 
            0.08875177978168011, 
            0.4247745609871856
        ], 
        "scale": [
            "No", 
            "No phone service", 
            "Yes"
        ]
    }, 
    "gender": {
        "distribution": [
            0.4897959183673469, 
            0.5102040816326531
        ], 
        "scale": [
            "Female", 
            "Male"
        ]
    }, 
    "StreamingTV": {
        "distribution": [
            0.39914570479354533, 
            0.21120075937351684, 
            0.3896535358329378
        ], 
        "scale": [
            "No", 
            "No internet service", 
            "Yes"
        ]
    }, 
    "PaperlessBilling": {
        "distribution": [
            0.4029425723777883, 
            0.5970574276222117
        ], 
        "scale": [
            "No", 
            "Yes"
        ]
    }, 
    "StreamingMovies": {
        "distribution": [
            0.39677266255339344, 
            0.21120075937351684, 
            0.3920265780730897
        ], 
        "scale": [
            "No", 
            "No internet service", 
            "Yes"
        ]
    }, 
    "PhoneService": {
        "distribution": [
            0.08875177978168011, 
            0.9112482202183199
        ], 
        "scale": [
            "No", 
            "Yes"
        ]
    }, 
    "Contract": {
        "distribution": [
            0.5605125771238728, 
            0.2045562411010916, 
            0.2349311817750356
        ], 
        "scale": [
            "Month-to-month", 
            "One year", 
            "Two year"
        ]
    }, 
    "TechSupport": {
        "distribution": [
            0.49169435215946844, 
            0.21120075937351684, 
            0.2971048884670147
        ], 
        "scale": [
            "No", 
            "No internet service", 
            "Yes"
        ]
    }, 
    "tenure": {
        "distribution": [
            0.12529663028001897, 
            0.11817750355956336, 
            0.10109159943046986, 
            0.10251542477456099, 
            0.10299003322259136, 
            0.09587090650213574, 
            0.10393925011865211, 
            0.09159943046986237, 
            0.08780256288561937, 
            0.07071665875652587
        ], 
        "scale": [
            2.0, 
            6.0, 
            13.0, 
            21.0, 
            29.680000000000177, 
            39.68000000000018, 
            50.400000000000205, 
            60.400000000000205, 
            68.0, 
            71.5
        ]
    }, 
    "Partner": {
        "distribution": [
            0.5102040816326531, 
            0.4897959183673469
        ], 
        "scale": [
            "No", 
            "Yes"
        ]
    }, 
    "Dependents": {
        "distribution": [
            0.6843853820598007, 
            0.31561461794019935
        ], 
        "scale": [
            "No", 
            "Yes"
        ]
    }, 
    "InternetService": {
        "distribution": [
            0.33839582344565733, 
            0.4504034171808258, 
            0.21120075937351684
        ], 
        "scale": [
            "DSL", 
            "Fiber optic", 
            "No"
        ]
    }, 
    "PaymentMethod": {
        "distribution": [
            0.21404841006169908, 
            0.22069292833412435, 
            0.3483626008542952, 
            0.21689606074988135
        ], 
        "scale": [
            "Bank transfer (automatic)", 
            "Credit card (automatic)", 
            "Electronic check", 
            "Mailed check"
        ]
    }, 
    "TotalCharges": {
        "distribution": [
            0.10539460539460539, 
            0.10539460539460539, 
            0.1048951048951049, 
            0.10539460539460539, 
            0.10539460539460539, 
            0.10539460539460539, 
            0.1048951048951049, 
            0.10539460539460539, 
            0.10539460539460539, 
            0.05244755244755245
        ], 
        "scale": [
            102.65600000000003, 
            287.6580000000001, 
            603.2880000000002, 
            1017.3180000000002, 
            1522.9920000000002, 
            2232.4410000000016, 
            3241.814000000003, 
            4528.224000000002, 
            6047.283000000001, 
            7694.329
        ]
    }
}