[
    {
        "fit_time": 33, 
        "best_iteration": null, 
        "test_score": 0.6543778801843319, 
        "time": 38, 
        "split_id": 0, 
        "parameters": {
            "penalty": "l2", 
            "C": 1.0
        }, 
        "num_samples": 986, 
        "score_time": 5, 
        "train_score": 0.6328555678059538, 
        "done_at": 1624701641288, 
        "test_score_gib": 0.6543778801843319
    }, 
    {
        "fit_time": 32, 
        "best_iteration": null, 
        "test_score": 0.6065808297567954, 
        "time": 49, 
        "split_id": 1, 
        "parameters": {
            "penalty": "l2", 
            "C": 1.0
        }, 
        "num_samples": 986, 
        "score_time": 17, 
        "train_score": 0.638407666789532, 
        "done_at": 1624701641303, 
        "test_score_gib": 0.6065808297567954
    }, 
    {
        "fit_time": 33, 
        "best_iteration": null, 
        "test_score": 0.6204819277108434, 
        "time": 53, 
        "split_id": 2, 
        "parameters": {
            "penalty": "l2", 
            "C": 1.0
        }, 
        "num_samples": 985, 
        "score_time": 20, 
        "train_score": 0.6384222059897736, 
        "done_at": 1624701641309, 
        "test_score_gib": 0.6204819277108434
    }, 
    {
        "fit_time": 34, 
        "best_iteration": null, 
        "test_score": 0.6486486486486486, 
        "time": 49, 
        "split_id": 3, 
        "parameters": {
            "penalty": "l2", 
            "C": 1.0
        }, 
        "num_samples": 984, 
        "score_time": 15, 
        "train_score": 0.6293604651162791, 
        "done_at": 1624701641308, 
        "test_score_gib": 0.6486486486486486
    }, 
    {
        "fit_time": 25, 
        "best_iteration": null, 
        "test_score": 0.6322008862629247, 
        "time": 38, 
        "split_id": 4, 
        "parameters": {
            "penalty": "l2", 
            "C": 1.0
        }, 
        "num_samples": 984, 
        "score_time": 13, 
        "train_score": 0.6391448580906746, 
        "done_at": 1624701641331, 
        "test_score_gib": 0.6322008862629247
    }, 
    {
        "fit_time": 19, 
        "best_iteration": null, 
        "test_score": 0.6523076923076924, 
        "time": 39, 
        "split_id": 0, 
        "parameters": {
            "penalty": "l2", 
            "C": 0.01
        }, 
        "num_samples": 986, 
        "score_time": 20, 
        "train_score": 0.6350851221317543, 
        "done_at": 1624701641345, 
        "test_score_gib": 0.6523076923076924
    }, 
    {
        "fit_time": 16, 
        "best_iteration": null, 
        "test_score": 0.6040462427745664, 
        "time": 37, 
        "split_id": 1, 
        "parameters": {
            "penalty": "l2", 
            "C": 0.01
        }, 
        "num_samples": 986, 
        "score_time": 21, 
        "train_score": 0.6397630507219548, 
        "done_at": 1624701641352, 
        "test_score_gib": 0.6040462427745664
    }, 
    {
        "fit_time": 19, 
        "best_iteration": null, 
        "test_score": 0.6291793313069909, 
        "time": 39, 
        "split_id": 2, 
        "parameters": {
            "penalty": "l2", 
            "C": 0.01
        }, 
        "num_samples": 985, 
        "score_time": 20, 
        "train_score": 0.636296840558413, 
        "done_at": 1624701641358, 
        "test_score_gib": 0.6291793313069909
    }, 
    {
        "fit_time": 17, 
        "best_iteration": null, 
        "test_score": 0.6523605150214592, 
        "time": 38, 
        "split_id": 3, 
        "parameters": {
            "penalty": "l2", 
            "C": 0.01
        }, 
        "num_samples": 984, 
        "score_time": 21, 
        "train_score": 0.6290801186943621, 
        "done_at": 1624701641373, 
        "test_score_gib": 0.6523605150214592
    }, 
    {
        "fit_time": 14, 
        "best_iteration": null, 
        "test_score": 0.6350148367952523, 
        "time": 27, 
        "split_id": 4, 
        "parameters": {
            "penalty": "l2", 
            "C": 0.01
        }, 
        "num_samples": 984, 
        "score_time": 13, 
        "train_score": 0.6384558277654045, 
        "done_at": 1624701641376, 
        "test_score_gib": 0.6350148367952523
    }, 
    {
        "fit_time": 20, 
        "best_iteration": null, 
        "test_score": 0.6523736600306278, 
        "time": 36, 
        "split_id": 0, 
        "parameters": {
            "penalty": "l2", 
            "C": 0.1
        }, 
        "num_samples": 986, 
        "score_time": 16, 
        "train_score": 0.6328182487122884, 
        "done_at": 1624701641394, 
        "test_score_gib": 0.6523736600306278
    }, 
    {
        "fit_time": 20, 
        "best_iteration": null, 
        "test_score": 0.6025824964131995, 
        "time": 34, 
        "split_id": 1, 
        "parameters": {
            "penalty": "l2", 
            "C": 0.1
        }, 
        "num_samples": 986, 
        "score_time": 14, 
        "train_score": 0.6387240356083087, 
        "done_at": 1624701641397, 
        "test_score_gib": 0.6025824964131995
    }, 
    {
        "fit_time": 22, 
        "best_iteration": null, 
        "test_score": 0.6232980332829047, 
        "time": 36, 
        "split_id": 2, 
        "parameters": {
            "penalty": "l2", 
            "C": 0.1
        }, 
        "num_samples": 985, 
        "score_time": 14, 
        "train_score": 0.6340036563071298, 
        "done_at": 1624701641412, 
        "test_score_gib": 0.6232980332829047
    }, 
    {
        "fit_time": 21, 
        "best_iteration": null, 
        "test_score": 0.6438746438746438, 
        "time": 31, 
        "split_id": 3, 
        "parameters": {
            "penalty": "l2", 
            "C": 0.1
        }, 
        "num_samples": 984, 
        "score_time": 10, 
        "train_score": 0.6304587155963304, 
        "done_at": 1624701641413, 
        "test_score_gib": 0.6438746438746438
    }, 
    {
        "fit_time": 21, 
        "best_iteration": null, 
        "test_score": 0.6328358208955225, 
        "time": 29, 
        "split_id": 4, 
        "parameters": {
            "penalty": "l2", 
            "C": 0.1
        }, 
        "num_samples": 984, 
        "score_time": 8, 
        "train_score": 0.6384558277654045, 
        "done_at": 1624701641428, 
        "test_score_gib": 0.6328358208955225
    }, 
    {
        "fit_time": 30, 
        "best_iteration": null, 
        "test_score": 0.6513761467889908, 
        "time": 38, 
        "split_id": 0, 
        "parameters": {
            "penalty": "l2", 
            "C": 10.0
        }, 
        "num_samples": 986, 
        "score_time": 8, 
        "train_score": 0.630690161527166, 
        "done_at": 1624701641440, 
        "test_score_gib": 0.6513761467889908
    }, 
    {
        "fit_time": 27, 
        "best_iteration": null, 
        "test_score": 0.6083213773314204, 
        "time": 34, 
        "split_id": 1, 
        "parameters": {
            "penalty": "l2", 
            "C": 10.0
        }, 
        "num_samples": 986, 
        "score_time": 7, 
        "train_score": 0.6383136094674556, 
        "done_at": 1624701641451, 
        "test_score_gib": 0.6083213773314204
    }, 
    {
        "fit_time": 28, 
        "best_iteration": null, 
        "test_score": 0.6176911544227887, 
        "time": 37, 
        "split_id": 2, 
        "parameters": {
            "penalty": "l2", 
            "C": 10.0
        }, 
        "num_samples": 985, 
        "score_time": 9, 
        "train_score": 0.6386554621848739, 
        "done_at": 1624701641456, 
        "test_score_gib": 0.6176911544227887
    }, 
    {
        "fit_time": 28, 
        "best_iteration": null, 
        "test_score": 0.6448863636363636, 
        "time": 36, 
        "split_id": 3, 
        "parameters": {
            "penalty": "l2", 
            "C": 10.0
        }, 
        "num_samples": 984, 
        "score_time": 8, 
        "train_score": 0.6294416243654823, 
        "done_at": 1624701641467, 
        "test_score_gib": 0.6448863636363636
    }, 
    {
        "fit_time": 25, 
        "best_iteration": null, 
        "test_score": 0.6351550960118169, 
        "time": 31, 
        "split_id": 4, 
        "parameters": {
            "penalty": "l2", 
            "C": 10.0
        }, 
        "num_samples": 984, 
        "score_time": 6, 
        "train_score": 0.6386740331491713, 
        "done_at": 1624701641476, 
        "test_score_gib": 0.6351550960118169
    }, 
    {
        "fit_time": 37, 
        "best_iteration": null, 
        "test_score": 0.649390243902439, 
        "time": 41, 
        "split_id": 0, 
        "parameters": {
            "penalty": "l2", 
            "C": 100.0
        }, 
        "num_samples": 986, 
        "score_time": 4, 
        "train_score": 0.62999633296663, 
        "done_at": 1624701641495, 
        "test_score_gib": 0.649390243902439
    }, 
    {
        "fit_time": 33, 
        "best_iteration": null, 
        "test_score": 0.6103151862464183, 
        "time": 44, 
        "split_id": 1, 
        "parameters": {
            "penalty": "l2", 
            "C": 100.0
        }, 
        "num_samples": 986, 
        "score_time": 11, 
        "train_score": 0.6376383763837639, 
        "done_at": 1624701641505, 
        "test_score_gib": 0.6103151862464183
    }, 
    {
        "fit_time": 32, 
        "best_iteration": null, 
        "test_score": 0.6188340807174888, 
        "time": 37, 
        "split_id": 2, 
        "parameters": {
            "penalty": "l2", 
            "C": 100.0
        }, 
        "num_samples": 985, 
        "score_time": 5, 
        "train_score": 0.6379562043795621, 
        "done_at": 1624701641507, 
        "test_score_gib": 0.6188340807174888
    }, 
    {
        "fit_time": 34, 
        "best_iteration": null, 
        "test_score": 0.6411347517730497, 
        "time": 36, 
        "split_id": 3, 
        "parameters": {
            "penalty": "l2", 
            "C": 100.0
        }, 
        "num_samples": 984, 
        "score_time": 2, 
        "train_score": 0.6315023644961805, 
        "done_at": 1624701641515, 
        "test_score_gib": 0.6411347517730497
    }, 
    {
        "fit_time": 30, 
        "best_iteration": null, 
        "test_score": 0.6332842415316642, 
        "time": 32, 
        "split_id": 4, 
        "parameters": {
            "penalty": "l2", 
            "C": 100.0
        }, 
        "num_samples": 984, 
        "score_time": 2, 
        "train_score": 0.6372007366482504, 
        "done_at": 1624701641532, 
        "test_score_gib": 0.6332842415316642
    }
]