{
    "gridSize": 5, 
    "nThreads": 4, 
    "metric": "F1", 
    "gridPoints": [
        {
            "scoreTimeMean": 14.0, 
            "best_iteration": null, 
            "time": 227, 
            "trainScoreMean": 0.6356387127404505, 
            "finishedAt": 1624701641331, 
            "fitTimeStd": 3.2619012860600183, 
            "testScoreStd": 0.0176444889572917, 
            "scoreTimeStd": 5.059644256269407, 
            "parameters": {
                "penalty": "l2", 
                "C": 1.0
            }, 
            "testScoreMean": 0.6324539957665218, 
            "score": 0.6324539957665218, 
            "trainScoreStd": 0.003868680296553971, 
            "testScoreGibMean": 0.6324539957665218, 
            "fitTimeMean": 31.4
        }, 
        {
            "scoreTimeMean": 19.0, 
            "best_iteration": null, 
            "time": 180, 
            "trainScoreMean": 0.6357376766903968, 
            "finishedAt": 1624701641376, 
            "fitTimeStd": 1.8973665961010275, 
            "testScoreStd": 0.017849530704093005, 
            "scoreTimeStd": 3.03315017762062, 
            "parameters": {
                "penalty": "l2", 
                "C": 0.01
            }, 
            "testScoreMean": 0.6345754248763731, 
            "score": 0.6345754248763731, 
            "trainScoreStd": 0.003704536011733005, 
            "testScoreGibMean": 0.6345754248763731, 
            "fitTimeMean": 17.0
        }, 
        {
            "scoreTimeMean": 12.4, 
            "best_iteration": null, 
            "time": 166, 
            "trainScoreMean": 0.6348926303493561, 
            "finishedAt": 1624701641428, 
            "fitTimeStd": 0.7483314773547882, 
            "testScoreStd": 0.017285520636527135, 
            "scoreTimeStd": 2.939387691339814, 
            "parameters": {
                "penalty": "l2", 
                "C": 0.1
            }, 
            "testScoreMean": 0.6309885137809378, 
            "score": 0.6309885137809378, 
            "trainScoreStd": 0.003228479494781737, 
            "testScoreGibMean": 0.6309885137809378, 
            "fitTimeMean": 20.8
        }, 
        {
            "scoreTimeMean": 7.6, 
            "best_iteration": null, 
            "time": 176, 
            "trainScoreMean": 0.63515515846644, 
            "finishedAt": 1624701641476, 
            "fitTimeStd": 1.6248076809271923, 
            "testScoreStd": 0.0162252754455735, 
            "scoreTimeStd": 1.0198039027185568, 
            "parameters": {
                "penalty": "l2", 
                "C": 10.0
            }, 
            "testScoreMean": 0.6314818968899456, 
            "score": 0.6314818968899456, 
            "trainScoreStd": 0.00417554169786572, 
            "testScoreGibMean": 0.6314818968899456, 
            "fitTimeMean": 27.6
        }, 
        {
            "scoreTimeMean": 4.8, 
            "best_iteration": null, 
            "time": 190, 
            "trainScoreMean": 0.6348585860425334, 
            "finishedAt": 1624701641532, 
            "fitTimeStd": 2.315167380558045, 
            "testScoreStd": 0.014295632241432212, 
            "scoreTimeStd": 3.3105890714493698, 
            "parameters": {
                "penalty": "l2", 
                "C": 100.0
            }, 
            "testScoreMean": 0.6305887133086981, 
            "score": 0.6305887133086981, 
            "trainScoreStd": 0.00339790266706126, 
            "testScoreGibMean": 0.6305887133086981, 
            "fitTimeMean": 33.2
        }
    ], 
    "timeout": 15, 
    "startedAt": 1624701641247, 
    "nSplits": 5
}