{
    "usedGridSearch": true, 
    "probaAware": true, 
    "gridSize": 5, 
    "modelInputNRows": 4925, 
    "modelInputNCols": 45, 
    "modelInputMemory": 1773000, 
    "gridCells": [
        {
            "scoreTimeStd": 0.005059644256269407, 
            "scoreTime": 0.014, 
            "fitTime": 0.0314, 
            "score": 0.6324539957665218, 
            "params": {
                "penalty": "l2", 
                "C": 1.0
            }, 
            "fitTimeStd": 0.0032619012860600183, 
            "scoreStd": 0.0176444889572917
        }, 
        {
            "scoreTimeStd": 0.00303315017762062, 
            "scoreTime": 0.019, 
            "fitTime": 0.017, 
            "score": 0.6345754248763731, 
            "params": {
                "penalty": "l2", 
                "C": 0.01
            }, 
            "fitTimeStd": 0.0018973665961010276, 
            "scoreStd": 0.017849530704093005
        }, 
        {
            "scoreTimeStd": 0.002939387691339814, 
            "scoreTime": 0.0124, 
            "fitTime": 0.0208, 
            "score": 0.6309885137809378, 
            "params": {
                "penalty": "l2", 
                "C": 0.1
            }, 
            "fitTimeStd": 0.0007483314773547883, 
            "scoreStd": 0.017285520636527135
        }, 
        {
            "scoreTimeStd": 0.0010198039027185567, 
            "scoreTime": 0.0076, 
            "fitTime": 0.027600000000000003, 
            "score": 0.6314818968899456, 
            "params": {
                "penalty": "l2", 
                "C": 10.0
            }, 
            "fitTimeStd": 0.0016248076809271923, 
            "scoreStd": 0.0162252754455735
        }, 
        {
            "scoreTimeStd": 0.00331058907144937, 
            "scoreTime": 0.0048, 
            "fitTime": 0.0332, 
            "score": 0.6305887133086981, 
            "params": {
                "penalty": "l2", 
                "C": 100.0
            }, 
            "fitTimeStd": 0.0023151673805580446, 
            "scoreStd": 0.014295632241432212
        }
    ], 
    "lmCoefficients": {
        "interceptStderr": null, 
        "interceptTstat": null, 
        "rescaledInterceptCoef": -0.5179253754419577, 
        "rescaledCoefs": [
            0.01685557957360236, 
            0.2908502296111131, 
            -3.315592275065835e-05, 
            -0.027186765073508586, 
            -0.003517556387986597, 
            0.09466594065720589, 
            -0.09300222496835574, 
            -0.23048474232830096, 
            -0.13254657442919804, 
            -0.05909891350299041, 
            -0.029101317541711226, 
            0.03076503323056579, 
            0.15705790071771022, 
            -0.031432873490133934, 
            0.03309658917899059, 
            0.4693265675074106, 
            -0.42852823568262177, 
            0.08786608308108354, 
            -0.0862023673922253, 
            0.1931272872063982, 
            -0.19146357151753737, 
            0.19361770501148146, 
            -0.19195398932262475, 
            -0.36303131675747885, 
            0.06937727527124984, 
            0.16531401552444425, 
            -0.16365029983558663, 
            0.28416408029747336, 
            -0.14097147197902885, 
            -0.11306738469460909
        ], 
        "variables": [
            "MonthlyCharges", 
            "SeniorCitizen", 
            "TotalCharges", 
            "tenure", 
            "dummy:Partner:No", 
            "dummy:OnlineBackup:No", 
            "dummy:OnlineBackup:Yes", 
            "dummy:MultipleLines:No", 
            "dummy:MultipleLines:Yes", 
            "dummy:gender:Male", 
            "dummy:StreamingTV:No", 
            "dummy:StreamingTV:Yes", 
            "dummy:PaperlessBilling:Yes", 
            "dummy:StreamingMovies:No", 
            "dummy:StreamingMovies:Yes", 
            "dummy:Contract:Month-to-month", 
            "dummy:Contract:Two year", 
            "dummy:DeviceProtection:No", 
            "dummy:DeviceProtection:Yes", 
            "dummy:TechSupport:No", 
            "dummy:TechSupport:Yes", 
            "dummy:OnlineSecurity:No", 
            "dummy:OnlineSecurity:Yes", 
            "dummy:PhoneService:Yes", 
            "dummy:Dependents:No", 
            "dummy:InternetService:Fiber optic", 
            "dummy:InternetService:DSL", 
            "dummy:PaymentMethod:Electronic check", 
            "dummy:PaymentMethod:Mailed check", 
            "dummy:PaymentMethod:Bank transfer (automatic)"
        ], 
        "interceptCoef": -0.3375774897694307, 
        "interceptPvalue": null, 
        "coefs": [
            0.5076474262129287, 
            0.10745312189333711, 
            -0.07534289852105955, 
            -0.6685224873551516, 
            -0.003517556387986597, 
            0.09466594065720589, 
            -0.09300222496835574, 
            -0.23048474232830096, 
            -0.13254657442919804, 
            -0.05909891350299041, 
            -0.029101317541711226, 
            0.03076503323056579, 
            0.15705790071771022, 
            -0.031432873490133934, 
            0.03309658917899059, 
            0.4693265675074106, 
            -0.42852823568262177, 
            0.08786608308108354, 
            -0.0862023673922253, 
            0.1931272872063982, 
            -0.19146357151753737, 
            0.19361770501148146, 
            -0.19195398932262475, 
            -0.36303131675747885, 
            0.06937727527124984, 
            0.16531401552444425, 
            -0.16365029983558663, 
            0.28416408029747336, 
            -0.14097147197902885, 
            -0.11306738469460909
        ]
    }, 
    "gridBestScore": 0.6345754248763731, 
    "modelInputIsSparse": false
}