{
  "state": "DONE",
  "preSearchDescription": {
    "gridLength": 5,
    "searchStrategy": "GRID",
    "importantParams": [
      {
        "name": "penalty",
        "vals": [
          "l2"
        ]
      },
      {
        "name": "C",
        "vals": [
          "0.01",
          "0.1",
          "1.0",
          "10.0",
          "100.0"
        ]
      }
    ]
  },
  "postSearchDescription": {
    "importantParams": [
      {
        "name": "C",
        "val": "0.01"
      },
      {
        "name": "penalty",
        "val": "l2"
      }
    ]
  },
  "resumed": false,
  "timeOrderingEnabled": false,
  "sampleWeightsEnabled": false,
  "modelId": "m1",
  "progress": {
    "top_level_todo": [],
    "stack": [],
    "top_level_done": [
      {
        "name": "Loading train set",
        "time": 29
      },
      {
        "name": "Loading test set",
        "time": 12
      },
      {
        "name": "Collecting statistics",
        "time": 35
      },
      {
        "name": "Preprocessing train set",
        "time": 75
      },
      {
        "name": "Preprocessing test set",
        "time": 44
      },
      {
        "name": "Hyperparameter searching",
        "time": 1032
      },
      {
        "name": "Fitting model",
        "time": 24
      },
      {
        "name": "Saving model",
        "time": 4
      },
      {
        "name": "Scoring model",
        "time": 672
      }
    ]
  },
  "startTime": 1624701641025,
  "endTime": 1624701643316,
  "preprocessingTime": 196,
  "trainingTime": 2095,
  "hyperparamsSearchTime": 1032
}